cell,comparator,ratio,adjustment,seed,window_days,window_label,n_treat,n_ctrl,events_treat,events_ctrl,ir_treat,ir_treat_lo,ir_treat_hi,ir_ctrl,ir_ctrl_lo,ir_ctrl_hi,irr,irr_lo,irr_hi
AvsB_1to1_full,B,1,full,0,365,1y,52147,52147,234,274,4.5037,3.9451,5.1192,5.276,4.6697,5.9392,0.8536,0.717,1.0163
AvsB_1to1_full,B,1,full,0,730,2y,52147,52147,351,396,3.3824,3.0378,3.7554,3.8185,3.4516,4.2137,0.8858,0.7672,1.0227
AvsB_1to1_full,B,1,full,0,1095,3y,52147,52147,445,515,2.862,2.6023,3.1407,3.3149,3.0347,3.6139,0.8634,0.7605,0.9801
AvsB_1to1_full,B,1,full,0,1825,5y,52147,52147,610,691,2.3585,2.175,2.5533,2.6745,2.4787,2.8815,0.8818,0.7909,0.9833
AvsB_1to1_full,B,1,full,1,365,1y,52147,52147,234,267,4.5037,3.9451,5.1192,5.1415,4.5432,5.7967,0.876,0.7349,1.044
AvsB_1to1_full,B,1,full,1,730,2y,52147,52147,351,418,3.3824,3.0378,3.7554,4.0309,3.6537,4.4365,0.8391,0.7281,0.967
AvsB_1to1_full,B,1,full,1,1095,3y,52147,52147,445,530,2.862,2.6023,3.1407,3.412,3.1276,3.7152,0.8388,0.7395,0.9515
AvsB_1to1_full,B,1,full,1,1825,5y,52147,52147,610,686,2.3585,2.175,2.5533,2.6554,2.4603,2.8617,0.8882,0.7964,0.9906
AvsB_1to1_full,B,1,full,2,365,1y,52147,52147,234,310,4.5037,3.9451,5.1192,5.9724,5.3259,6.6756,0.7541,0.6364,0.8936
AvsB_1to1_full,B,1,full,2,730,2y,52147,52147,351,462,3.3824,3.0378,3.7554,4.4582,4.0609,4.8839,0.7587,0.6604,0.8716
AvsB_1to1_full,B,1,full,2,1095,3y,52147,52147,445,554,2.862,2.6023,3.1407,3.5689,3.2778,3.8788,0.8019,0.7079,0.9085
AvsB_1to1_full,B,1,full,2,1825,5y,52147,52147,610,699,2.3585,2.175,2.5533,2.7072,2.5102,2.9156,0.8712,0.7815,0.9711
AvsB_1to1_full,B,1,full,3,365,1y,52147,52147,234,301,4.5037,3.9451,5.1192,5.7978,5.1612,6.4911,0.7768,0.6548,0.9215
AvsB_1to1_full,B,1,full,3,730,2y,52147,52147,351,453,3.3824,3.0378,3.7554,4.3705,3.9772,4.7921,0.7739,0.6732,0.8897
AvsB_1to1_full,B,1,full,3,1095,3y,52147,52147,445,555,2.862,2.6023,3.1407,3.5747,3.2835,3.8849,0.8006,0.7067,0.907
AvsB_1to1_full,B,1,full,3,1825,5y,52147,52147,610,690,2.3585,2.175,2.5533,2.6719,2.4762,2.8789,0.8827,0.7916,0.9843
AvsB_1to1_full,B,1,full,4,365,1y,52147,52147,234,317,4.5037,3.9451,5.1192,6.1064,5.4526,6.817,0.7375,0.6229,0.8733
AvsB_1to1_full,B,1,full,4,730,2y,52147,52147,351,445,3.3824,3.0378,3.7554,4.2934,3.9037,4.7115,0.7878,0.6849,0.9061
AvsB_1to1_full,B,1,full,4,1095,3y,52147,52147,445,547,2.862,2.6023,3.1407,3.5231,3.234,3.8311,0.8124,0.7168,0.9206
AvsB_1to1_full,B,1,full,4,1825,5y,52147,52147,610,693,2.3585,2.175,2.5533,2.6836,2.4875,2.8911,0.8789,0.7882,0.9799
AvsB_1to1_full,B,1,full,5,365,1y,52147,52147,234,283,4.5037,3.9451,5.1192,5.4503,4.8338,6.1238,0.8263,0.6949,0.9826
AvsB_1to1_full,B,1,full,5,730,2y,52147,52147,351,443,3.3824,3.0378,3.7554,4.2729,3.8842,4.6899,0.7916,0.6881,0.9106
AvsB_1to1_full,B,1,full,5,1095,3y,52147,52147,445,540,2.862,2.6023,3.1407,3.4772,3.1901,3.7833,0.8231,0.726,0.9331
AvsB_1to1_full,B,1,full,5,1825,5y,52147,52147,610,709,2.3585,2.175,2.5533,2.7451,2.5467,2.9548,0.8592,0.771,0.9574
AvsB_1to1_full,B,1,full,6,365,1y,52147,52147,234,303,4.5037,3.9451,5.1192,5.8378,5.1989,6.5335,0.7715,0.6505,0.915
AvsB_1to1_full,B,1,full,6,730,2y,52147,52147,351,458,3.3824,3.0378,3.7554,4.4197,4.0242,4.8437,0.7653,0.666,0.8795
AvsB_1to1_full,B,1,full,6,1095,3y,52147,52147,445,568,2.862,2.6023,3.1407,3.6593,3.3645,3.973,0.7821,0.6908,0.8854
AvsB_1to1_full,B,1,full,6,1825,5y,52147,52147,610,762,2.3585,2.175,2.5533,2.9522,2.7463,3.1695,0.7989,0.7182,0.8887
AvsB_1to1_full,B,1,full,7,365,1y,52147,52147,234,290,4.5037,3.9451,5.1192,5.5854,4.961,6.2666,0.8063,0.6788,0.9579
AvsB_1to1_full,B,1,full,7,730,2y,52147,52147,351,427,3.3824,3.0378,3.7554,4.1188,3.7373,4.5286,0.8212,0.7131,0.9458
AvsB_1to1_full,B,1,full,7,1095,3y,52147,52147,445,568,2.862,2.6023,3.1407,3.658,3.3633,3.9716,0.7824,0.6911,0.8858
AvsB_1to1_full,B,1,full,7,1825,5y,52147,52147,610,752,2.3585,2.175,2.5533,2.9128,2.7083,3.1286,0.8097,0.7277,0.901
AvsB_1to1_full,B,1,full,8,365,1y,52147,52147,234,320,4.5037,3.9451,5.1192,6.1662,5.509,6.8802,0.7304,0.6171,0.8645
AvsB_1to1_full,B,1,full,8,730,2y,52147,52147,351,487,3.3824,3.0378,3.7554,4.7003,4.292,5.1369,0.7196,0.6273,0.8255
AvsB_1to1_full,B,1,full,8,1095,3y,52147,52147,445,593,2.862,2.6023,3.1407,3.8213,3.5199,4.1416,0.749,0.6623,0.8469
AvsB_1to1_full,B,1,full,8,1825,5y,52147,52147,610,780,2.3585,2.175,2.5533,3.0228,2.8144,3.2426,0.7802,0.7018,0.8674
AvsB_1to1_full,B,1,full,9,365,1y,52147,52147,234,259,4.5037,3.9451,5.1192,4.987,4.3981,5.6328,0.9031,0.7568,1.0777
AvsB_1to1_full,B,1,full,9,730,2y,52147,52147,351,385,3.3824,3.0378,3.7554,3.7119,3.3504,4.1019,0.9112,0.7885,1.053
AvsB_1to1_full,B,1,full,9,1095,3y,52147,52147,445,538,2.862,2.6023,3.1407,3.4627,3.1762,3.768,0.8265,0.729,0.9371
AvsB_1to1_full,B,1,full,9,1825,5y,52147,52147,610,667,2.3585,2.175,2.5533,2.5813,2.3891,2.7849,0.9137,0.8187,1.0197
AvsB_1to1_simple,B,1,simple,0,365,1y,52143,52143,234,162,4.504,3.9454,5.1196,3.1161,2.6547,3.6346,1.4454,1.183,1.766
AvsB_1to1_simple,B,1,simple,0,730,2y,52143,52143,351,162,3.3826,3.038,3.7557,1.5587,1.3279,1.818,2.1701,1.8015,2.6142
AvsB_1to1_simple,B,1,simple,0,1095,3y,52143,52143,445,162,2.8623,2.6025,3.141,1.0393,0.8854,1.2122,2.7541,2.3007,3.2967
AvsB_1to1_simple,B,1,simple,0,1825,5y,52143,52143,610,162,2.3587,2.1752,2.5535,0.6236,0.5313,0.7274,3.7824,3.1808,4.4978
AvsB_1to2_full,B,2,full,0,365,1y,52147,104294,234,551,4.5037,3.9451,5.1192,5.3053,4.8715,5.7673,0.8489,0.7285,0.9892
AvsB_1to2_full,B,2,full,0,730,2y,52147,104294,351,798,3.3824,3.0378,3.7554,3.8474,3.5851,4.1239,0.8791,0.7754,0.9967
AvsB_1to2_full,B,2,full,0,1095,3y,52147,104294,445,1041,2.862,2.6023,3.1407,3.3503,3.1499,3.5602,0.8543,0.7645,0.9545
AvsB_1to2_full,B,2,full,0,1825,5y,52147,104294,610,1351,2.3585,2.175,2.5533,2.6144,2.4768,2.7576,0.9021,0.8199,0.9926
AvsB_1to2_full,B,2,full,1,365,1y,52147,104294,234,580,4.5037,3.9451,5.1192,5.5852,5.1399,6.0588,0.8064,0.6928,0.9385
AvsB_1to2_full,B,2,full,1,730,2y,52147,104294,351,852,3.3824,3.0378,3.7554,4.1089,3.8376,4.3943,0.8232,0.727,0.9322
AvsB_1to2_full,B,2,full,1,1095,3y,52147,104294,445,1108,2.862,2.6023,3.1407,3.5673,3.3604,3.7837,0.8023,0.7187,0.8956
AvsB_1to2_full,B,2,full,1,1825,5y,52147,104294,610,1417,2.3585,2.175,2.5533,2.7433,2.6023,2.8899,0.8597,0.7819,0.9453
AvsB_1to2_full,B,2,full,2,365,1y,52147,104294,234,602,4.5037,3.9451,5.1192,5.7974,5.3435,6.2796,0.7768,0.668,0.9035
AvsB_1to2_full,B,2,full,2,730,2y,52147,104294,351,896,3.3824,3.0378,3.7554,4.3219,4.0435,4.6144,0.7826,0.6918,0.8854
AvsB_1to2_full,B,2,full,2,1095,3y,52147,104294,445,1104,2.862,2.6023,3.1407,3.5553,3.3486,3.7713,0.805,0.7211,0.8986
AvsB_1to2_full,B,2,full,2,1825,5y,52147,104294,610,1378,2.3585,2.175,2.5533,2.6681,2.529,2.8128,0.884,0.8036,0.9724
AvsB_1to2_full,B,2,full,3,365,1y,52147,104294,234,557,4.5037,3.9451,5.1192,5.363,4.9268,5.8275,0.8398,0.7209,0.9783
AvsB_1to2_full,B,2,full,3,730,2y,52147,104294,351,839,3.3824,3.0378,3.7554,4.0456,3.7764,4.3289,0.8361,0.7381,0.947
AvsB_1to2_full,B,2,full,3,1095,3y,52147,104294,445,1051,2.862,2.6023,3.1407,3.3831,3.1816,3.594,0.846,0.7572,0.9451
AvsB_1to2_full,B,2,full,3,1825,5y,52147,104294,610,1364,2.3585,2.175,2.5533,2.6399,2.5017,2.7838,0.8934,0.8121,0.9829
AvsB_1to2_full,B,2,full,4,365,1y,52147,104294,234,597,4.5037,3.9451,5.1192,5.7494,5.2974,6.2296,0.7833,0.6734,0.9112
AvsB_1to2_full,B,2,full,4,730,2y,52147,104294,351,893,3.3824,3.0378,3.7554,4.3072,4.0293,4.5992,0.7853,0.6941,0.8885
AvsB_1to2_full,B,2,full,4,1095,3y,52147,104294,445,1108,2.862,2.6023,3.1407,3.568,3.3609,3.7844,0.8021,0.7186,0.8954
AvsB_1to2_full,B,2,full,4,1825,5y,52147,104294,610,1449,2.3585,2.175,2.5533,2.8059,2.6633,2.9542,0.8406,0.7647,0.9239
AvsB_1to2_full,B,2,full,5,365,1y,52147,104294,234,514,4.5037,3.9451,5.1192,4.9477,4.5292,5.3945,0.9103,0.7799,1.0624
AvsB_1to2_full,B,2,full,5,730,2y,52147,104294,351,789,3.3824,3.0378,3.7554,3.8031,3.5423,4.078,0.8894,0.7843,1.0086
AvsB_1to2_full,B,2,full,5,1095,3y,52147,104294,445,976,2.862,2.6023,3.1407,3.1403,2.9464,3.3437,0.9114,0.8147,1.0195
AvsB_1to2_full,B,2,full,5,1825,5y,52147,104294,610,1282,2.3585,2.175,2.5533,2.4799,2.346,2.6194,0.951,0.8636,1.0473
AvsB_1to2_full,B,2,full,6,365,1y,52147,104294,234,558,4.5037,3.9451,5.1192,5.3723,4.9358,5.8372,0.8383,0.7196,0.9766
AvsB_1to2_full,B,2,full,6,730,2y,52147,104294,351,834,3.3824,3.0378,3.7554,4.0215,3.7531,4.3039,0.8411,0.7425,0.9528
AvsB_1to2_full,B,2,full,6,1095,3y,52147,104294,445,1068,2.862,2.6023,3.1407,3.4379,3.2348,3.6504,0.8325,0.7453,0.9298
AvsB_1to2_full,B,2,full,6,1825,5y,52147,104294,610,1406,2.3585,2.175,2.5533,2.7216,2.5812,2.8677,0.8666,0.788,0.953
AvsB_1to2_full,B,2,full,7,365,1y,52147,104294,234,595,4.5037,3.9451,5.1192,5.7304,5.2792,6.21,0.7859,0.6756,0.9143
AvsB_1to2_full,B,2,full,7,730,2y,52147,104294,351,862,3.3824,3.0378,3.7554,4.1575,3.8846,4.4446,0.8136,0.7186,0.9211
AvsB_1to2_full,B,2,full,7,1095,3y,52147,104294,445,1109,2.862,2.6023,3.1407,3.5709,3.3638,3.7874,0.8015,0.718,0.8947
AvsB_1to2_full,B,2,full,7,1825,5y,52147,104294,610,1474,2.3585,2.175,2.5533,2.8543,2.7104,3.0038,0.8263,0.7519,0.9081
AvsB_1to2_full,B,2,full,8,365,1y,52147,104294,234,551,4.5037,3.9451,5.1192,5.3056,4.8718,5.7677,0.8489,0.7285,0.9891
AvsB_1to2_full,B,2,full,8,730,2y,52147,104294,351,856,3.3824,3.0378,3.7554,4.1278,3.8559,4.4138,0.8194,0.7237,0.9278
AvsB_1to2_full,B,2,full,8,1095,3y,52147,104294,445,1092,2.862,2.6023,3.1407,3.5155,3.3101,3.7304,0.8141,0.7291,0.909
AvsB_1to2_full,B,2,full,8,1825,5y,52147,104294,610,1417,2.3585,2.175,2.5533,2.7431,2.6021,2.8897,0.8598,0.7819,0.9454
AvsB_1to2_full,B,2,full,9,365,1y,52147,104294,234,559,4.5037,3.9451,5.1192,5.3829,4.9458,5.8482,0.8367,0.7183,0.9746
AvsB_1to2_full,B,2,full,9,730,2y,52147,104294,351,809,3.3824,3.0378,3.7554,3.9011,3.6368,4.1794,0.867,0.7649,0.9828
AvsB_1to2_full,B,2,full,9,1095,3y,52147,104294,445,1061,2.862,2.6023,3.1407,3.4152,3.2127,3.627,0.838,0.7502,0.9361
AvsB_1to2_full,B,2,full,9,1825,5y,52147,104294,610,1347,2.3585,2.175,2.5533,2.6069,2.4696,2.75,0.9047,0.8222,0.9955
AvsB_1to2_simple,B,2,simple,0,365,1y,52143,104286,234,622,4.504,3.9454,5.1196,5.9835,5.5224,6.4728,0.7527,0.6477,0.8748
AvsB_1to2_simple,B,2,simple,0,730,2y,52143,104286,351,878,3.3826,3.038,3.7557,4.2345,3.959,4.5241,0.7988,0.7058,0.9041
AvsB_1to2_simple,B,2,simple,0,1095,3y,52143,104286,445,1169,2.8623,2.6025,3.141,3.7634,3.5508,3.9855,0.7606,0.6819,0.8483
AvsB_1to2_simple,B,2,simple,0,1825,5y,52143,104286,610,1169,2.3587,2.1752,2.5535,2.2624,2.1345,2.3959,1.0426,0.9453,1.1498
AvsC_1to1_full,C,1,full,0,365,1y,52146,52146,234,187,4.5038,3.9452,5.1193,3.597,3.0999,4.1511,1.2521,1.0331,1.5175
AvsC_1to1_full,C,1,full,0,730,2y,52146,52146,351,254,3.3825,3.0378,3.7555,2.4454,2.1539,2.7653,1.3832,1.177,1.6256
AvsC_1to1_full,C,1,full,0,1095,3y,52146,52146,445,348,2.8621,2.6023,3.1408,2.2356,2.0068,2.4832,1.2802,1.1127,1.473
AvsC_1to1_full,C,1,full,0,1825,5y,52146,52146,610,534,2.3585,2.175,2.5533,2.0618,1.8906,2.2443,1.1439,1.0185,1.2848
AvsC_1to1_full,C,1,full,1,365,1y,52146,52146,234,352,4.5038,3.9452,5.1193,6.7805,6.0906,7.5272,0.6642,0.563,0.7836
AvsC_1to1_full,C,1,full,1,730,2y,52146,52146,351,464,3.3825,3.0378,3.7555,4.4783,4.08,4.9049,0.7553,0.6575,0.8676
AvsC_1to1_full,C,1,full,1,1095,3y,52146,52146,445,562,2.8621,2.6023,3.1408,3.6208,3.3276,3.9329,0.7905,0.698,0.8951
AvsC_1to1_full,C,1,full,1,1825,5y,52146,52146,610,660,2.3585,2.175,2.5533,2.5561,2.3648,2.7588,0.9227,0.8265,1.0301
AvsC_1to1_full,C,1,full,2,365,1y,52146,52146,234,285,4.5038,3.9452,5.1193,5.488,4.8693,6.1636,0.8207,0.6904,0.9756
AvsC_1to1_full,C,1,full,2,730,2y,52146,52146,351,423,3.3825,3.0378,3.7555,4.0791,3.6996,4.4869,0.8292,0.7198,0.9553
AvsC_1to1_full,C,1,full,2,1095,3y,52146,52146,445,547,2.8621,2.6023,3.1408,3.5217,3.2328,3.8296,0.8127,0.7171,0.921
AvsC_1to1_full,C,1,full,2,1825,5y,52146,52146,610,788,2.3585,2.175,2.5533,3.0515,2.8421,3.2722,0.7729,0.6954,0.8591
AvsC_1to1_full,C,1,full,3,365,1y,52146,52146,234,230,4.5038,3.9452,5.1193,4.4252,3.8718,5.0356,1.0178,0.8484,1.2209
AvsC_1to1_full,C,1,full,3,730,2y,52146,52146,351,359,3.3825,3.0378,3.7555,3.4593,3.1106,3.8363,0.9778,0.844,1.1328
AvsC_1to1_full,C,1,full,3,1095,3y,52146,52146,445,442,2.8621,2.6023,3.1408,2.8427,2.5838,3.1205,1.0068,0.8827,1.1485
AvsC_1to1_full,C,1,full,3,1825,5y,52146,52146,610,648,2.3585,2.175,2.5533,2.5052,2.316,2.7057,0.9414,0.8429,1.0515
AvsC_1to1_full,C,1,full,4,365,1y,52146,52146,234,215,4.5038,3.9452,5.1193,4.1363,3.6019,4.7277,1.0888,0.9048,1.3103
AvsC_1to1_full,C,1,full,4,730,2y,52146,52146,351,315,3.3825,3.0378,3.7555,3.0339,2.7081,3.3881,1.1149,0.9576,1.2981
AvsC_1to1_full,C,1,full,4,1095,3y,52146,52146,445,410,2.8621,2.6023,3.1408,2.6357,2.3867,2.9036,1.0859,0.9496,1.2418
AvsC_1to1_full,C,1,full,4,1825,5y,52146,52146,610,599,2.3585,2.175,2.5533,2.3144,2.1328,2.5074,1.0191,0.9104,1.1407
AvsC_1to1_full,C,1,full,5,365,1y,52146,52146,234,246,4.5038,3.9452,5.1193,4.7314,4.1586,5.3611,0.9519,0.7959,1.1385
AvsC_1to1_full,C,1,full,5,730,2y,52146,52146,351,419,3.3825,3.0378,3.7555,4.0375,3.6601,4.4432,0.8378,0.727,0.9654
AvsC_1to1_full,C,1,full,5,1095,3y,52146,52146,445,495,2.8621,2.6023,3.1408,3.1848,2.9104,3.4781,0.8987,0.7907,1.0214
AvsC_1to1_full,C,1,full,5,1825,5y,52146,52146,610,620,2.3585,2.175,2.5533,2.3986,2.2135,2.5951,0.9833,0.8793,1.0996
AvsC_1to1_full,C,1,full,6,365,1y,52146,52146,234,254,4.5038,3.9452,5.1193,4.8903,4.3073,5.5301,0.921,0.7711,1.1
AvsC_1to1_full,C,1,full,6,730,2y,52146,52146,351,364,3.3825,3.0378,3.7555,3.5086,3.1574,3.8882,0.9641,0.8326,1.1163
AvsC_1to1_full,C,1,full,6,1095,3y,52146,52146,445,564,2.8621,2.6023,3.1408,3.6301,3.3367,3.9425,0.7884,0.6963,0.8928
AvsC_1to1_full,C,1,full,6,1825,5y,52146,52146,610,657,2.3585,2.175,2.5533,2.543,2.3522,2.7451,0.9274,0.8307,1.0355
AvsC_1to1_full,C,1,full,7,365,1y,52146,52146,234,270,4.5038,3.9452,5.1193,5.1994,4.5977,5.8581,0.8662,0.7271,1.0319
AvsC_1to1_full,C,1,full,7,730,2y,52146,52146,351,452,3.3825,3.0378,3.7555,4.3587,3.9661,4.7796,0.776,0.675,0.8922
AvsC_1to1_full,C,1,full,7,1095,3y,52146,52146,445,849,2.8621,2.6023,3.1408,5.4725,5.1106,5.8534,0.523,0.4663,0.5866
AvsC_1to1_full,C,1,full,7,1825,5y,52146,52146,610,942,2.3585,2.175,2.5533,3.6569,3.4271,3.8981,0.6449,0.5825,0.7141
AvsC_1to1_full,C,1,full,8,365,1y,52146,52146,234,309,4.5038,3.9452,5.1193,5.9482,5.3034,6.6498,0.7572,0.6389,0.8973
AvsC_1to1_full,C,1,full,8,730,2y,52146,52146,351,481,3.3825,3.0378,3.7555,4.6398,4.2343,5.0736,0.729,0.6353,0.8366
AvsC_1to1_full,C,1,full,8,1095,3y,52146,52146,445,823,2.8621,2.6023,3.1408,5.3095,4.9529,5.685,0.5391,0.4803,0.6049
AvsC_1to1_full,C,1,full,8,1825,5y,52146,52146,610,935,2.3585,2.175,2.5533,3.6315,3.4024,3.8719,0.6495,0.5865,0.7192
AvsC_1to1_full,C,1,full,9,365,1y,52146,52146,234,171,4.5038,3.9452,5.1193,3.2878,2.8135,3.8192,1.3699,1.1247,1.6684
AvsC_1to1_full,C,1,full,9,730,2y,52146,52146,351,296,3.3825,3.0378,3.7555,2.8497,2.5343,3.1935,1.187,1.0169,1.3855
AvsC_1to1_full,C,1,full,9,1095,3y,52146,52146,445,383,2.8621,2.6023,3.1408,2.4609,2.2206,2.7201,1.163,1.0145,1.3333
AvsC_1to1_full,C,1,full,9,1825,5y,52146,52146,610,546,2.3585,2.175,2.5533,2.1089,1.9357,2.2934,1.1184,0.9964,1.2552
AvsC_1to1_simple,C,1,simple,0,365,1y,52085,52085,234,690,4.5091,3.9498,5.1253,13.3828,12.4028,14.4197,0.3369,0.2905,0.3908
AvsC_1to1_simple,C,1,simple,0,730,2y,52085,52085,351,1042,3.3864,3.0414,3.7599,10.1356,9.5294,10.7702,0.3341,0.296,0.3771
AvsC_1to1_simple,C,1,simple,0,1095,3y,52085,52085,445,1042,2.8655,2.6054,3.1445,6.7744,6.3693,7.1985,0.423,0.3786,0.4726
AvsC_1to1_simple,C,1,simple,0,1825,5y,52085,52085,610,1042,2.3613,2.1776,2.5563,4.073,3.8294,4.328,0.5797,0.5246,0.6407
AvsC_1to2_full,C,2,full,0,365,1y,52146,104292,234,373,4.5038,3.9452,5.1193,3.5869,3.2321,3.97,1.2556,1.0663,1.4786
AvsC_1to2_full,C,2,full,0,730,2y,52146,104292,351,539,3.3825,3.0378,3.7555,2.5947,2.3802,2.8232,1.3036,1.1396,1.4912
AvsC_1to2_full,C,2,full,0,1095,3y,52146,104292,445,875,2.8621,2.6023,3.1408,2.8116,2.6284,3.0042,1.018,0.9082,1.141
AvsC_1to2_full,C,2,full,0,1825,5y,52146,104292,610,1357,2.3585,2.175,2.5533,2.6228,2.4851,2.7662,0.8992,0.8173,0.9894
AvsC_1to2_full,C,2,full,1,365,1y,52146,104292,234,758,4.5038,3.9452,5.1193,7.3037,6.7929,7.8426,0.6166,0.5326,0.714
AvsC_1to2_full,C,2,full,1,730,2y,52146,104292,351,1121,3.3825,3.0378,3.7555,5.4129,5.1006,5.7392,0.6249,0.5543,0.7045
AvsC_1to2_full,C,2,full,1,1095,3y,52146,104292,445,1422,2.8621,2.6023,3.1408,4.586,4.3507,4.8308,0.6241,0.5611,0.6942
AvsC_1to2_full,C,2,full,1,1825,5y,52146,104292,610,1673,2.3585,2.175,2.5533,3.2461,3.0924,3.4054,0.7266,0.6622,0.7971
AvsC_1to2_full,C,2,full,2,365,1y,52146,104292,234,512,4.5038,3.9452,5.1193,4.9267,4.5091,5.3725,0.9142,0.7832,1.0671
AvsC_1to2_full,C,2,full,2,730,2y,52146,104292,351,781,3.3825,3.0378,3.7555,3.7634,3.504,4.0368,0.8988,0.7924,1.0194
AvsC_1to2_full,C,2,full,2,1095,3y,52146,104292,445,992,2.8621,2.6023,3.1408,3.1913,2.9957,3.3962,0.8968,0.802,1.003
AvsC_1to2_full,C,2,full,2,1825,5y,52146,104292,610,1480,2.3585,2.175,2.5533,2.864,2.7199,3.0137,0.8235,0.7494,0.9049
AvsC_1to2_full,C,2,full,3,365,1y,52146,104292,234,506,4.5038,3.9452,5.1193,4.869,4.4539,5.3123,0.925,0.7922,1.08
AvsC_1to2_full,C,2,full,3,730,2y,52146,104292,351,773,3.3825,3.0378,3.7555,3.7258,3.4678,3.998,0.9079,0.8003,1.0299
AvsC_1to2_full,C,2,full,3,1095,3y,52146,104292,445,986,2.8621,2.6023,3.1408,3.1724,2.9775,3.3768,0.9022,0.8066,1.009
AvsC_1to2_full,C,2,full,3,1825,5y,52146,104292,610,1359,2.3585,2.175,2.5533,2.629,2.491,2.7726,0.8971,0.8154,0.987
AvsC_1to2_full,C,2,full,4,365,1y,52146,104292,234,514,4.5038,3.9452,5.1193,4.9469,4.5284,5.3936,0.9104,0.78,1.0626
AvsC_1to2_full,C,2,full,4,730,2y,52146,104292,351,851,3.3825,3.0378,3.7555,4.102,3.831,4.3872,0.8246,0.7282,0.9338
AvsC_1to2_full,C,2,full,4,1095,3y,52146,104292,445,1013,2.8621,2.6023,3.1408,3.2602,3.0625,3.4673,0.8779,0.7853,0.9814
AvsC_1to2_full,C,2,full,4,1825,5y,52146,104292,610,1361,2.3585,2.175,2.5533,2.633,2.4949,2.7767,0.8957,0.8142,0.9855
AvsC_1to2_full,C,2,full,5,365,1y,52146,104292,234,530,4.5038,3.9452,5.1193,5.0986,4.6737,5.5518,0.8833,0.7574,1.0302
AvsC_1to2_full,C,2,full,5,730,2y,52146,104292,351,790,3.3825,3.0378,3.7555,3.8068,3.546,4.0818,0.8885,0.7836,1.0076
AvsC_1to2_full,C,2,full,5,1095,3y,52146,104292,445,947,2.8621,2.6023,3.1408,3.0463,2.8554,3.2467,0.9395,0.8394,1.0516
AvsC_1to2_full,C,2,full,5,1825,5y,52146,104292,610,1219,2.3585,2.175,2.5533,2.3576,2.2271,2.4937,1.0004,0.9077,1.1025
AvsC_1to2_full,C,2,full,6,365,1y,52146,104292,234,643,4.5038,3.9452,5.1193,6.1969,5.7271,6.6949,0.7268,0.6258,0.8441
AvsC_1to2_full,C,2,full,6,730,2y,52146,104292,351,847,3.3825,3.0378,3.7555,4.0869,3.8163,4.3717,0.8276,0.7308,0.9373
AvsC_1to2_full,C,2,full,6,1095,3y,52146,104292,445,1212,2.8621,2.6023,3.1408,3.9045,3.6878,4.1307,0.733,0.6576,0.8171
AvsC_1to2_full,C,2,full,6,1825,5y,52146,104292,610,1452,2.3585,2.175,2.5533,2.8128,2.67,2.9613,0.8385,0.7628,0.9217
AvsC_1to2_full,C,2,full,7,365,1y,52146,104292,234,535,4.5038,3.9452,5.1193,5.1504,4.7232,5.6059,0.8745,0.7499,1.0197
AvsC_1to2_full,C,2,full,7,730,2y,52146,104292,351,887,3.3825,3.0378,3.7555,4.2762,3.9994,4.5671,0.791,0.699,0.8951
AvsC_1to2_full,C,2,full,7,1095,3y,52146,104292,445,1393,2.8621,2.6023,3.1408,4.4865,4.254,4.7284,0.6379,0.5734,0.7098
AvsC_1to2_full,C,2,full,7,1825,5y,52146,104292,610,1695,2.3585,2.175,2.5533,3.2851,3.1306,3.4453,0.7179,0.6545,0.7875
AvsC_1to2_full,C,2,full,8,365,1y,52146,104292,234,584,4.5038,3.9452,5.1193,5.622,5.1752,6.097,0.8011,0.6884,0.9323
AvsC_1to2_full,C,2,full,8,730,2y,52146,104292,351,876,3.3825,3.0378,3.7555,4.2241,3.949,4.5134,0.8008,0.7075,0.9063
AvsC_1to2_full,C,2,full,8,1095,3y,52146,104292,445,1381,2.8621,2.6023,3.1408,4.4501,4.2185,4.6912,0.6432,0.578,0.7157
AvsC_1to2_full,C,2,full,8,1825,5y,52146,104292,610,1696,2.3585,2.175,2.5533,3.2889,3.1342,3.4492,0.7171,0.6537,0.7866
AvsC_1to2_full,C,2,full,9,365,1y,52146,104292,234,464,4.5038,3.9452,5.1193,4.464,4.0671,4.8893,1.0089,0.8622,1.1806
AvsC_1to2_full,C,2,full,9,730,2y,52146,104292,351,688,3.3825,3.0378,3.7555,3.3147,3.0717,3.572,1.0205,0.8973,1.1605
AvsC_1to2_full,C,2,full,9,1095,3y,52146,104292,445,984,2.8621,2.6023,3.1408,3.1651,2.9704,3.3692,0.9043,0.8085,1.0114
AvsC_1to2_full,C,2,full,9,1825,5y,52146,104292,610,1269,2.3585,2.175,2.5533,2.4543,2.3212,2.5932,0.961,0.8725,1.0584
AvsC_1to2_simple,C,2,simple,0,365,1y,52085,104170,234,1030,4.5091,3.9498,5.1253,9.9681,9.3685,10.5959,0.4524,0.3925,0.5213
AvsC_1to2_simple,C,2,simple,0,730,2y,52085,104170,351,1453,3.3864,3.0414,3.7599,7.046,6.6883,7.4178,0.4806,0.4277,0.54
AvsC_1to2_simple,C,2,simple,0,1095,3y,52085,104170,445,1453,2.8655,2.6054,3.1445,4.7043,4.4655,4.9526,0.6091,0.5478,0.6774
AvsC_1to2_simple,C,2,simple,0,1825,5y,52085,104170,610,2258,2.3613,2.1776,2.5563,4.3995,4.2199,4.5848,0.5367,0.4908,0.5869
