cell,comparator,ratio,adjustment,seed,window_days,window_label,n_treat,n_ctrl,events_treat,events_ctrl,status,or,ci_lower,ci_upper,p_value,se,n,n_events,n_covariates,reason
AvsB_1to1_full,B,1,full,0,365,1y,52147,52147,234,274,success,0.808,0.6754,0.9666,0.01970408337151706,0.0914,104294.0,508.0,14.0,
AvsB_1to1_full,B,1,full,0,730,2y,52147,52147,351,396,success,0.841,0.7245,0.9761,0.022750996876064623,0.076,104294.0,747.0,14.0,
AvsB_1to1_full,B,1,full,0,1095,3y,52147,52147,445,515,success,0.8169,0.7152,0.9329,0.002844674452306214,0.0678,104294.0,960.0,14.0,
AvsB_1to1_full,B,1,full,0,1825,5y,52147,52147,610,691,success,0.8332,0.7418,0.936,0.0021007086529350955,0.0593,104294.0,1301.0,14.0,
AvsB_1to1_full,B,1,full,1,365,1y,52147,52147,234,267,success,0.8541,0.7131,1.023,0.08663867256454692,0.092,104294.0,501.0,14.0,
AvsB_1to1_full,B,1,full,1,730,2y,52147,52147,351,418,success,0.8131,0.7016,0.9423,0.005943976236675832,0.0752,104294.0,769.0,14.0,
AvsB_1to1_full,B,1,full,1,1095,3y,52147,52147,445,530,success,0.8105,0.7103,0.9248,0.0018030870920832545,0.0673,104294.0,975.0,14.0,
AvsB_1to1_full,B,1,full,1,1825,5y,52147,52147,610,686,success,0.8624,0.7679,0.9684,0.012329849520331873,0.0592,104294.0,1296.0,14.0,
AvsB_1to1_full,B,1,full,2,365,1y,52147,52147,234,310,success,0.7274,0.6106,0.8664,0.00036207888181941523,0.0893,104294.0,544.0,14.0,
AvsB_1to1_full,B,1,full,2,730,2y,52147,52147,351,462,success,0.7266,0.6288,0.8395,1.4759992135087273e-05,0.0737,104294.0,813.0,14.0,
AvsB_1to1_full,B,1,full,2,1095,3y,52147,52147,445,554,failed,,,,,,,,,non-convergence
AvsB_1to1_full,B,1,full,2,1825,5y,52147,52147,610,699,success,0.8407,0.7486,0.944,0.003350383817341567,0.0592,104294.0,1309.0,14.0,
AvsB_1to1_full,B,1,full,3,365,1y,52147,52147,234,301,success,0.7628,0.6396,0.9097,0.0025873936640141214,0.0899,104294.0,535.0,14.0,
AvsB_1to1_full,B,1,full,3,730,2y,52147,52147,351,453,success,0.7538,0.652,0.8716,0.00013548663971293368,0.0741,104294.0,804.0,14.0,
AvsB_1to1_full,B,1,full,3,1095,3y,52147,52147,445,555,success,0.7787,0.6832,0.8876,0.0001806077956567357,0.0668,104294.0,1000.0,14.0,
AvsB_1to1_full,B,1,full,3,1825,5y,52147,52147,610,690,success,0.8649,0.7701,0.9714,0.01426285367206021,0.0592,104294.0,1300.0,14.0,
AvsB_1to1_full,B,1,full,4,365,1y,52147,52147,234,317,success,0.7018,0.5899,0.835,6.455428671201626e-05,0.0886,104294.0,551.0,14.0,
AvsB_1to1_full,B,1,full,4,730,2y,52147,52147,351,445,success,0.7475,0.6464,0.8646,8.805068520661599e-05,0.0742,104294.0,796.0,14.0,
AvsB_1to1_full,B,1,full,4,1095,3y,52147,52147,445,547,success,0.7721,0.6773,0.8803,0.00011048496229303922,0.0669,104294.0,992.0,14.0,
AvsB_1to1_full,B,1,full,4,1825,5y,52147,52147,610,693,success,0.8392,0.7473,0.9423,0.0030150963357166377,0.0591,104294.0,1303.0,14.0,
AvsB_1to1_full,B,1,full,5,365,1y,52147,52147,234,283,success,0.7983,0.6683,0.9536,0.012984269218094454,0.0907,104294.0,517.0,14.0,
AvsB_1to1_full,B,1,full,5,730,2y,52147,52147,351,443,success,0.7633,0.66,0.8828,0.0002719375895581793,0.0742,104294.0,794.0,14.0,
AvsB_1to1_full,B,1,full,5,1095,3y,52147,52147,445,540,success,0.7964,0.6984,0.9082,0.0006814960433767038,0.067,104294.0,985.0,14.0,
AvsB_1to1_full,B,1,full,5,1825,5y,52147,52147,610,709,success,0.8315,0.7411,0.9329,0.001675022459168505,0.0587,104294.0,1319.0,14.0,
AvsB_1to1_full,B,1,full,6,365,1y,52147,52147,234,303,success,0.7597,0.6375,0.9052,0.0021132771208027773,0.0894,104294.0,537.0,14.0,
AvsB_1to1_full,B,1,full,6,730,2y,52147,52147,351,458,success,0.7463,0.6457,0.8625,7.403911968624525e-05,0.0739,104294.0,809.0,14.0,
AvsB_1to1_full,B,1,full,6,1095,3y,52147,52147,445,568,success,0.763,0.6698,0.8691,4.690147173479167e-05,0.0665,104294.0,1013.0,14.0,
AvsB_1to1_full,B,1,full,6,1825,5y,52147,52147,610,762,success,0.7792,0.6955,0.8731,1.7241821132725173e-05,0.058,104294.0,1372.0,14.0,
AvsB_1to1_full,B,1,full,7,365,1y,52147,52147,234,290,success,0.7914,0.6631,0.9445,0.00953697630535727,0.0903,104294.0,524.0,14.0,
AvsB_1to1_full,B,1,full,7,730,2y,52147,52147,351,427,success,0.804,0.6943,0.931,0.0035554047276987874,0.0748,104294.0,778.0,14.0,
AvsB_1to1_full,B,1,full,7,1095,3y,52147,52147,445,568,success,0.7624,0.6693,0.8685,4.451257761269618e-05,0.0664,104294.0,1013.0,14.0,
AvsB_1to1_full,B,1,full,7,1825,5y,52147,52147,610,752,success,0.7875,0.7027,0.8826,4.0130443307557076e-05,0.0582,104294.0,1362.0,14.0,
AvsB_1to1_full,B,1,full,8,365,1y,52147,52147,234,320,success,0.7209,0.6061,0.8574,0.00021677140850378808,0.0885,104294.0,554.0,14.0,
AvsB_1to1_full,B,1,full,8,730,2y,52147,52147,351,487,success,0.7017,0.6083,0.8094,1.1711305272337055e-06,0.0729,104294.0,838.0,14.0,
AvsB_1to1_full,B,1,full,8,1095,3y,52147,52147,445,593,success,0.7315,0.6429,0.8323,2.074337864710341e-06,0.0659,104294.0,1038.0,14.0,
AvsB_1to1_full,B,1,full,8,1825,5y,52147,52147,610,780,success,0.76,0.6787,0.851,1.9982821344652525e-06,0.0577,104294.0,1390.0,14.0,
AvsB_1to1_full,B,1,full,9,365,1y,52147,52147,234,259,success,0.8839,0.737,1.0601,0.1833425819461798,0.0927,104294.0,493.0,14.0,
AvsB_1to1_full,B,1,full,9,730,2y,52147,52147,351,385,success,0.8925,0.7682,1.037,0.1373420760983963,0.0765,104294.0,736.0,14.0,
AvsB_1to1_full,B,1,full,9,1095,3y,52147,52147,445,538,success,0.8033,0.7042,0.9164,0.0011170072801052543,0.0672,104294.0,983.0,14.0,
AvsB_1to1_full,B,1,full,9,1825,5y,52147,52147,610,667,success,0.8951,0.7963,1.006,0.06293723542577712,0.0596,104294.0,1277.0,14.0,
AvsB_1to1_simple,B,1,simple,0,365,1y,52143,52143,234,162,success,1.4561,1.1896,1.7822,0.0002689121118237964,0.1031,104286.0,396.0,6.0,
AvsB_1to1_simple,B,1,simple,0,730,2y,52143,52143,351,162,success,2.201,1.8242,2.6556,1.7976825242652084e-16,0.0958,104286.0,513.0,6.0,
AvsB_1to1_simple,B,1,simple,0,1095,3y,52143,52143,445,162,success,2.8044,2.3392,3.3621,7.724081535065932e-29,0.0925,104286.0,607.0,6.0,
AvsB_1to1_simple,B,1,simple,0,1825,5y,52143,52143,610,162,success,3.8765,3.2552,4.6165,3.378351806350734e-52,0.0891,104286.0,772.0,6.0,
AvsB_1to2_full,B,2,full,0,365,1y,52147,104294,234,551,success,0.794,0.6787,0.929,0.003980693753595163,0.0801,156441.0,785.0,14.0,
AvsB_1to2_full,B,2,full,0,730,2y,52147,104294,351,798,success,0.8234,0.7229,0.9379,0.003436381166806339,0.0664,156441.0,1149.0,14.0,
AvsB_1to2_full,B,2,full,0,1095,3y,52147,104294,445,1041,success,0.7966,0.7093,0.8947,0.00012449601363686232,0.0593,156441.0,1486.0,14.0,
AvsB_1to2_full,B,2,full,0,1825,5y,52147,104294,610,1351,success,0.8449,0.7631,0.9355,0.0011805088861012074,0.052,156441.0,1961.0,14.0,
AvsB_1to2_full,B,2,full,1,365,1y,52147,104294,234,580,success,0.788,0.6741,0.9212,0.002779179938697851,0.0796,156441.0,814.0,14.0,
AvsB_1to2_full,B,2,full,1,730,2y,52147,104294,351,852,success,0.8003,0.7034,0.9107,0.0007231480589502339,0.0659,156441.0,1203.0,14.0,
AvsB_1to2_full,B,2,full,1,1095,3y,52147,104294,445,1108,success,0.7727,0.6886,0.867,1.144927459238392e-05,0.0588,156441.0,1553.0,14.0,
AvsB_1to2_full,B,2,full,1,1825,5y,52147,104294,610,1417,success,0.8312,0.7514,0.9196,0.0003338920981881329,0.0515,156441.0,2027.0,14.0,
AvsB_1to2_full,B,2,full,2,365,1y,52147,104294,234,602,success,0.7556,0.647,0.8825,0.00040264777130322686,0.0792,156441.0,836.0,14.0,
AvsB_1to2_full,B,2,full,2,730,2y,52147,104294,351,896,success,0.7553,0.6643,0.8587,1.8045376725861228e-05,0.0655,156441.0,1247.0,14.0,
AvsB_1to2_full,B,2,full,2,1095,3y,52147,104294,445,1104,success,0.7774,0.6927,0.8725,1.8946954303521457e-05,0.0589,156441.0,1549.0,14.0,
AvsB_1to2_full,B,2,full,2,1825,5y,52147,104294,610,1378,success,0.8581,0.7752,0.9499,0.003160837519112282,0.0518,156441.0,1988.0,14.0,
AvsB_1to2_full,B,2,full,3,365,1y,52147,104294,234,557,success,0.8281,0.7079,0.9687,0.01842229824510587,0.08,156441.0,791.0,14.0,
AvsB_1to2_full,B,2,full,3,730,2y,52147,104294,351,839,success,0.8161,0.7172,0.9286,0.0020402642172984865,0.0659,156441.0,1190.0,14.0,
AvsB_1to2_full,B,2,full,3,1095,3y,52147,104294,445,1051,success,0.8225,0.7326,0.9235,0.0009397877173423008,0.0591,156441.0,1496.0,14.0,
AvsB_1to2_full,B,2,full,3,1825,5y,52147,104294,610,1364,success,0.8736,0.7895,0.9667,0.008923392050922694,0.0517,156441.0,1974.0,14.0,
AvsB_1to2_full,B,2,full,4,365,1y,52147,104294,234,597,success,0.7514,0.6434,0.8776,0.0003066695611426621,0.0792,156441.0,831.0,14.0,
AvsB_1to2_full,B,2,full,4,730,2y,52147,104294,351,893,success,0.7428,0.6536,0.8443,5.335228851985011e-06,0.0653,156441.0,1244.0,14.0,
AvsB_1to2_full,B,2,full,4,1095,3y,52147,104294,445,1108,success,0.759,0.6765,0.8515,2.5896272324681304e-06,0.0587,156441.0,1553.0,14.0,
AvsB_1to2_full,B,2,full,4,1825,5y,52147,104294,610,1449,success,0.7975,0.7211,0.8818,1.0315838989951896e-05,0.0513,156441.0,2059.0,14.0,
AvsB_1to2_full,B,2,full,5,365,1y,52147,104294,234,514,success,0.8747,0.7465,1.025,0.09791587652125891,0.0809,156441.0,748.0,14.0,
AvsB_1to2_full,B,2,full,5,730,2y,52147,104294,351,789,success,0.8563,0.7516,0.9755,0.019672886732019293,0.0665,156441.0,1140.0,14.0,
AvsB_1to2_full,B,2,full,5,1095,3y,52147,104294,445,976,success,0.8784,0.7813,0.9875,0.030013246672290918,0.0597,156441.0,1421.0,14.0,
AvsB_1to2_full,B,2,full,5,1825,5y,52147,104294,610,1282,success,0.9218,0.8322,1.0211,0.11877426889476846,0.0522,156441.0,1892.0,14.0,
AvsB_1to2_full,B,2,full,6,365,1y,52147,104294,234,558,success,0.8118,0.6941,0.9495,0.00911236204132637,0.0799,156441.0,792.0,14.0,
AvsB_1to2_full,B,2,full,6,730,2y,52147,104294,351,834,success,0.811,0.7125,0.9231,0.0015213822396125086,0.0661,156441.0,1185.0,14.0,
AvsB_1to2_full,B,2,full,6,1095,3y,52147,104294,445,1068,success,0.8024,0.7147,0.9009,0.00019354013535812702,0.0591,156441.0,1513.0,14.0,
AvsB_1to2_full,B,2,full,6,1825,5y,52147,104294,610,1406,success,0.8388,0.7581,0.928,0.0006574701597688526,0.0516,156441.0,2016.0,14.0,
AvsB_1to2_full,B,2,full,7,365,1y,52147,104294,234,595,success,0.7577,0.6486,0.8853,0.00047231011819431906,0.0794,156441.0,829.0,14.0,
AvsB_1to2_full,B,2,full,7,730,2y,52147,104294,351,862,success,0.7847,0.6898,0.8927,0.00022846338383226706,0.0658,156441.0,1213.0,14.0,
AvsB_1to2_full,B,2,full,7,1095,3y,52147,104294,445,1109,success,0.7715,0.6874,0.8658,1.0439181585846955e-05,0.0589,156441.0,1554.0,14.0,
AvsB_1to2_full,B,2,full,7,1825,5y,52147,104294,610,1474,success,0.7928,0.7169,0.8768,6.209903317582253e-06,0.0514,156441.0,2084.0,14.0,
AvsB_1to2_full,B,2,full,8,365,1y,52147,104294,234,551,success,0.83,0.7093,0.9712,0.02007641483658787,0.0802,156441.0,785.0,14.0,
AvsB_1to2_full,B,2,full,8,730,2y,52147,104294,351,856,success,0.797,0.7005,0.9067,0.000563291046084369,0.0658,156441.0,1207.0,14.0,
AvsB_1to2_full,B,2,full,8,1095,3y,52147,104294,445,1092,success,0.79,0.7039,0.8867,6.301285925020014e-05,0.0589,156441.0,1537.0,14.0,
AvsB_1to2_full,B,2,full,8,1825,5y,52147,104294,610,1417,success,0.8373,0.7569,0.9263,0.0005675482802606775,0.0515,156441.0,2027.0,14.0,
AvsB_1to2_full,B,2,full,9,365,1y,52147,104294,234,559,success,0.8149,0.6966,0.9533,0.010550579230695536,0.08,156441.0,793.0,14.0,
AvsB_1to2_full,B,2,full,9,730,2y,52147,104294,351,809,success,0.8436,0.7408,0.9608,0.010400953662365776,0.0664,156441.0,1160.0,14.0,
AvsB_1to2_full,B,2,full,9,1095,3y,52147,104294,445,1061,success,0.8143,0.7252,0.9144,0.0005142188360527544,0.0591,156441.0,1506.0,14.0,
AvsB_1to2_full,B,2,full,9,1825,5y,52147,104294,610,1347,success,0.8852,0.7996,0.98,0.01881117695744034,0.0519,156441.0,1957.0,14.0,
AvsB_1to2_simple,B,2,simple,0,365,1y,52143,104286,234,622,success,0.7519,0.6463,0.8749,0.00022385650873650662,0.0773,156429.0,856.0,6.0,
AvsB_1to2_simple,B,2,simple,0,730,2y,52143,104286,351,878,failed,,,,,,,,,non-convergence
AvsB_1to2_simple,B,2,simple,0,1095,3y,52143,104286,445,1169,failed,,,,,,,,,non-convergence
AvsB_1to2_simple,B,2,simple,0,1825,5y,52143,104286,610,1169,success,1.0461,0.9469,1.1556,0.3755624200210873,0.0508,156429.0,1779.0,6.0,
AvsC_1to1_full,C,1,full,0,365,1y,52146,52146,234,187,success,1.4425,1.18,1.7633,0.0003491389961796336,0.1025,104292.0,421.0,14.0,
AvsC_1to1_full,C,1,full,0,730,2y,52146,52146,351,254,success,1.5433,1.303,1.8281,5.077911061845881e-07,0.0864,104292.0,605.0,14.0,
AvsC_1to1_full,C,1,full,0,1095,3y,52146,52146,445,348,success,1.4189,1.2241,1.6447,3.4122981677063375e-06,0.0753,104292.0,793.0,14.0,
AvsC_1to1_full,C,1,full,0,1825,5y,52146,52146,610,534,success,1.2516,1.1049,1.4177,0.0004173605851912832,0.0636,104292.0,1144.0,14.0,
AvsC_1to1_full,C,1,full,1,365,1y,52146,52146,234,352,failed,,,,,,,,,non-convergence
AvsC_1to1_full,C,1,full,1,730,2y,52146,52146,351,464,success,0.8207,0.7087,0.9505,0.00832637343076197,0.0749,104292.0,815.0,14.0,
AvsC_1to1_full,C,1,full,1,1095,3y,52146,52146,445,562,failed,,,,,,,,,non-convergence
AvsC_1to1_full,C,1,full,1,1825,5y,52146,52146,610,660,success,1.0473,0.9299,1.1795,0.4465152227528596,0.0607,104292.0,1270.0,14.0,
AvsC_1to1_full,C,1,full,2,365,1y,52146,52146,234,285,success,0.8301,0.6932,0.9939,0.04274326965406815,0.0919,104292.0,519.0,14.0,
AvsC_1to1_full,C,1,full,2,730,2y,52146,52146,351,423,success,0.8141,0.7007,0.9459,0.007233569812347643,0.0766,104292.0,774.0,14.0,
AvsC_1to1_full,C,1,full,2,1095,3y,52146,52146,445,547,failed,,,,,,,,,non-convergence
AvsC_1to1_full,C,1,full,2,1825,5y,52146,52146,610,788,success,0.7538,0.6714,0.8464,1.727192995532721e-06,0.0591,104292.0,1398.0,14.0,
AvsC_1to1_full,C,1,full,3,365,1y,52146,52146,234,230,success,1.1048,0.9144,1.3349,0.30189533671118907,0.0965,104292.0,464.0,14.0,
AvsC_1to1_full,C,1,full,3,730,2y,52146,52146,351,359,success,1.0369,0.888,1.2109,0.6465750253887317,0.0791,104292.0,710.0,14.0,
AvsC_1to1_full,C,1,full,3,1095,3y,52146,52146,445,442,failed,,,,,,,,,non-convergence
AvsC_1to1_full,C,1,full,3,1825,5y,52146,52146,610,648,success,1.0135,0.8998,1.1416,0.8245878855158606,0.0607,104292.0,1258.0,14.0,
AvsC_1to1_full,C,1,full,4,365,1y,52146,52146,234,215,failed,,,,,,,,,non-convergence
AvsC_1to1_full,C,1,full,4,730,2y,52146,52146,351,315,failed,,,,,,,,,non-convergence
AvsC_1to1_full,C,1,full,4,1095,3y,52146,52146,445,410,success,1.0622,0.9216,1.2243,0.40470666966318325,0.0725,104292.0,855.0,14.0,
AvsC_1to1_full,C,1,full,4,1825,5y,52146,52146,610,599,success,1.0479,0.9282,1.1831,0.44970772066549314,0.0619,104292.0,1209.0,14.0,
AvsC_1to1_full,C,1,full,5,365,1y,52146,52146,234,246,success,1.0178,0.8456,1.2251,0.8519293227907629,0.0946,104292.0,480.0,14.0,
AvsC_1to1_full,C,1,full,5,730,2y,52146,52146,351,419,success,0.9091,0.7828,1.0557,0.21144893262641418,0.0763,104292.0,770.0,14.0,
AvsC_1to1_full,C,1,full,5,1095,3y,52146,52146,445,495,failed,,,,,,,,,non-convergence
AvsC_1to1_full,C,1,full,5,1825,5y,52146,52146,610,620,success,1.0705,0.9488,1.2079,0.26855357070183694,0.0616,104292.0,1230.0,14.0,
AvsC_1to1_full,C,1,full,6,365,1y,52146,52146,234,254,success,0.941,0.7801,1.1352,0.5252751541415794,0.0957,104292.0,488.0,14.0,
AvsC_1to1_full,C,1,full,6,730,2y,52146,52146,351,364,success,0.941,0.8049,1.1,0.44494836897153256,0.0797,104292.0,715.0,14.0,
AvsC_1to1_full,C,1,full,6,1095,3y,52146,52146,445,564,success,0.79,0.6911,0.903,0.0005495530249358455,0.0682,104292.0,1009.0,14.0,
AvsC_1to1_full,C,1,full,6,1825,5y,52146,52146,610,657,success,0.938,0.8319,1.0575,0.295242227431153,0.0612,104292.0,1267.0,14.0,
AvsC_1to1_full,C,1,full,7,365,1y,52146,52146,234,270,failed,,,,,,,,,non-convergence
AvsC_1to1_full,C,1,full,7,730,2y,52146,52146,351,452,success,0.9368,0.8087,1.0852,0.3841273751458977,0.075,104292.0,803.0,14.0,
AvsC_1to1_full,C,1,full,7,1095,3y,52146,52146,445,849,failed,,,,,,,,,non-convergence
AvsC_1to1_full,C,1,full,7,1825,5y,52146,52146,610,942,success,0.7964,0.7115,0.8913,7.445150948761657e-05,0.0575,104292.0,1552.0,14.0,
AvsC_1to1_full,C,1,full,8,365,1y,52146,52146,234,309,success,0.8377,0.7005,1.0018,0.05235071797469426,0.0913,104292.0,543.0,14.0,
AvsC_1to1_full,C,1,full,8,730,2y,52146,52146,351,481,success,0.803,0.6935,0.9297,0.0033433392965223304,0.0748,104292.0,832.0,14.0,
AvsC_1to1_full,C,1,full,8,1095,3y,52146,52146,445,823,success,0.5842,0.5147,0.6632,9.827654486422281e-17,0.0647,104292.0,1268.0,14.0,
AvsC_1to1_full,C,1,full,8,1825,5y,52146,52146,610,935,success,0.7108,0.6347,0.796,3.408094687929337e-09,0.0578,104292.0,1545.0,14.0,
AvsC_1to1_full,C,1,full,9,365,1y,52146,52146,234,171,success,1.4977,1.2233,1.8335,9.12123936738413e-05,0.1032,104292.0,405.0,14.0,
AvsC_1to1_full,C,1,full,9,730,2y,52146,52146,351,296,success,1.303,1.1096,1.5301,0.0012430196373896675,0.082,104292.0,647.0,14.0,
AvsC_1to1_full,C,1,full,9,1095,3y,52146,52146,445,383,success,1.292,1.1196,1.491,0.00045400225625683656,0.0731,104292.0,828.0,14.0,
AvsC_1to1_full,C,1,full,9,1825,5y,52146,52146,610,546,success,1.2591,1.1132,1.4241,0.0002450602006091423,0.0628,104292.0,1156.0,14.0,
AvsC_1to1_simple,C,1,simple,0,365,1y,52085,52085,234,690,success,0.3321,0.286,0.3856,2.0610964666931806e-47,0.0762,104170.0,924.0,6.0,
AvsC_1to1_simple,C,1,simple,0,730,2y,52085,52085,351,1042,success,0.3269,0.2892,0.3694,8.247944543434411e-72,0.0624,104170.0,1393.0,6.0,
AvsC_1to1_simple,C,1,simple,0,1095,3y,52085,52085,445,1042,success,0.4162,0.3719,0.4657,1.0433023109431277e-52,0.0574,104170.0,1487.0,6.0,
AvsC_1to1_simple,C,1,simple,0,1825,5y,52085,52085,610,1042,success,0.5747,0.5192,0.6361,1.0793375672784097e-26,0.0518,104170.0,1652.0,6.0,
AvsC_1to2_full,C,2,full,0,365,1y,52146,104292,234,373,success,1.4488,1.2212,1.7188,2.125209474299425e-05,0.0872,156438.0,607.0,14.0,
AvsC_1to2_full,C,2,full,0,730,2y,52146,104292,351,539,success,1.4559,1.2638,1.6772,1.9652841006137762e-07,0.0722,156438.0,890.0,14.0,
AvsC_1to2_full,C,2,full,0,1095,3y,52146,104292,445,875,success,1.1173,0.9904,1.2604,0.07137880219635616,0.0615,156438.0,1320.0,14.0,
AvsC_1to2_full,C,2,full,0,1825,5y,52146,104292,610,1357,success,0.944,0.8515,1.0466,0.27373814883985736,0.0526,156438.0,1967.0,14.0,
AvsC_1to2_full,C,2,full,1,365,1y,52146,104292,234,758,success,0.6992,0.6001,0.8147,4.461802557599951e-06,0.078,156438.0,992.0,14.0,
AvsC_1to2_full,C,2,full,1,730,2y,52146,104292,351,1121,failed,,,,,,,,,non-convergence
AvsC_1to2_full,C,2,full,1,1095,3y,52146,104292,445,1422,success,0.6581,0.5876,0.7371,4.762161448239232e-13,0.0578,156438.0,1867.0,14.0,
AvsC_1to2_full,C,2,full,1,1825,5y,52146,104292,610,1673,success,0.7817,0.707,0.8642,1.5235230212969798e-06,0.0512,156438.0,2283.0,14.0,
AvsC_1to2_full,C,2,full,2,365,1y,52146,104292,234,512,success,0.9133,0.7777,1.0725,0.2687084581017394,0.082,156438.0,746.0,14.0,
AvsC_1to2_full,C,2,full,2,730,2y,52146,104292,351,781,success,0.8574,0.75,0.9802,0.02426747141836406,0.0683,156438.0,1132.0,14.0,
AvsC_1to2_full,C,2,full,2,1095,3y,52146,104292,445,992,success,0.8843,0.7843,0.9971,0.044654159229106004,0.0612,156438.0,1437.0,14.0,
AvsC_1to2_full,C,2,full,2,1825,5y,52146,104292,610,1480,success,0.7874,0.7103,0.8729,5.5474558453470985e-06,0.0526,156438.0,2090.0,14.0,
AvsC_1to2_full,C,2,full,3,365,1y,52146,104292,234,506,success,0.9977,0.8489,1.1726,0.9777582508758759,0.0824,156438.0,740.0,14.0,
AvsC_1to2_full,C,2,full,3,730,2y,52146,104292,351,773,failed,,,,,,,,,non-convergence
AvsC_1to2_full,C,2,full,3,1095,3y,52146,104292,445,986,success,0.9586,0.8509,1.0799,0.4865770324085995,0.0608,156438.0,1431.0,14.0,
AvsC_1to2_full,C,2,full,3,1825,5y,52146,104292,610,1359,success,0.959,0.8652,1.063,0.42562375188906687,0.0525,156438.0,1969.0,14.0,
AvsC_1to2_full,C,2,full,4,365,1y,52146,104292,234,514,failed,,,,,,,,,non-convergence
AvsC_1to2_full,C,2,full,4,730,2y,52146,104292,351,851,failed,,,,,,,,,non-convergence
AvsC_1to2_full,C,2,full,4,1095,3y,52146,104292,445,1013,success,0.9052,0.8041,1.019,0.09929847104070516,0.0604,156438.0,1458.0,14.0,
AvsC_1to2_full,C,2,full,4,1825,5y,52146,104292,610,1361,success,0.9848,0.8885,1.0916,0.7709845305171481,0.0525,156438.0,1971.0,14.0,
AvsC_1to2_full,C,2,full,5,365,1y,52146,104292,234,530,success,0.9221,0.7861,1.0816,0.3192558471126652,0.0814,156438.0,764.0,14.0,
AvsC_1to2_full,C,2,full,5,730,2y,52146,104292,351,790,failed,,,,,,,,,non-convergence
AvsC_1to2_full,C,2,full,5,1095,3y,52146,104292,445,947,success,0.9868,0.8753,1.1124,0.8273330517114585,0.0611,156438.0,1392.0,14.0,
AvsC_1to2_full,C,2,full,5,1825,5y,52146,104292,610,1219,success,1.042,0.9381,1.1573,0.4426588951109055,0.0536,156438.0,1829.0,14.0,
AvsC_1to2_full,C,2,full,6,365,1y,52146,104292,234,643,success,0.7054,0.6015,0.8272,1.7526770297160274e-05,0.0813,156438.0,877.0,14.0,
AvsC_1to2_full,C,2,full,6,730,2y,52146,104292,351,847,success,0.7739,0.6772,0.8844,0.0001666321929580324,0.0681,156438.0,1198.0,14.0,
AvsC_1to2_full,C,2,full,6,1095,3y,52146,104292,445,1212,success,0.7172,0.6378,0.8065,2.781332630186419e-08,0.0598,156438.0,1657.0,14.0,
AvsC_1to2_full,C,2,full,6,1825,5y,52146,104292,610,1452,success,0.8125,0.7327,0.901,8.23756545131444e-05,0.0527,156438.0,2062.0,14.0,
AvsC_1to2_full,C,2,full,7,365,1y,52146,104292,234,535,success,1.1021,0.9388,1.2937,0.23493318601185142,0.0818,156438.0,769.0,14.0,
AvsC_1to2_full,C,2,full,7,730,2y,52146,104292,351,887,failed,,,,,,,,,non-convergence
AvsC_1to2_full,C,2,full,7,1095,3y,52146,104292,445,1393,failed,,,,,,,,,non-convergence
AvsC_1to2_full,C,2,full,7,1825,5y,52146,104292,610,1695,success,0.8962,0.8099,0.9918,0.03410207320964941,0.0517,156438.0,2305.0,14.0,
AvsC_1to2_full,C,2,full,8,365,1y,52146,104292,234,584,success,0.9253,0.7904,1.0831,0.33383784417652895,0.0804,156438.0,818.0,14.0,
AvsC_1to2_full,C,2,full,8,730,2y,52146,104292,351,876,failed,,,,,,,,,non-convergence
AvsC_1to2_full,C,2,full,8,1095,3y,52146,104292,445,1381,failed,,,,,,,,,non-convergence
AvsC_1to2_full,C,2,full,8,1825,5y,52146,104292,610,1696,success,0.8159,0.7383,0.9017,6.637973229082692e-05,0.051,156438.0,2306.0,14.0,
AvsC_1to2_full,C,2,full,9,365,1y,52146,104292,234,464,success,1.0206,0.8685,1.1993,0.8047201101976443,0.0823,156438.0,698.0,14.0,
AvsC_1to2_full,C,2,full,9,730,2y,52146,104292,351,688,success,1.0504,0.9192,1.2003,0.47013605446829654,0.0681,156438.0,1039.0,14.0,
AvsC_1to2_full,C,2,full,9,1095,3y,52146,104292,445,984,success,0.9408,0.8367,1.0578,0.30744801239560027,0.0598,156438.0,1429.0,14.0,
AvsC_1to2_full,C,2,full,9,1825,5y,52146,104292,610,1269,success,1.0189,0.9194,1.1292,0.7208396700296689,0.0524,156438.0,1879.0,14.0,
AvsC_1to2_simple,C,2,simple,0,365,1y,52085,104170,234,1030,failed,,,,,,,,,non-convergence
AvsC_1to2_simple,C,2,simple,0,730,2y,52085,104170,351,1453,success,0.4752,0.4225,0.5345,2.6554697026310124e-35,0.06,156255.0,1804.0,6.0,
AvsC_1to2_simple,C,2,simple,0,1095,3y,52085,104170,445,1453,success,0.605,0.5434,0.6735,4.430061835835729e-20,0.0548,156255.0,1898.0,6.0,
AvsC_1to2_simple,C,2,simple,0,1825,5y,52085,104170,610,2258,success,0.5282,0.4823,0.5785,4.086457846830435e-43,0.0464,156255.0,2868.0,6.0,
