cell,comparator,ratio,adjustment,seed,window_days,window_label,n_treat,n_ctrl,events_treat,events_ctrl,status,reason,or,ci_lower,ci_upper,p_value,se,n,n_events,n_covariates
AvsB_1to1_full,B,1,full,0,365,1y,24096,24096,17,55,failed,non-convergence,,,,,,,,
AvsB_1to1_full,B,1,full,0,730,2y,24096,24096,35,85,failed,non-convergence,,,,,,,,
AvsB_1to1_full,B,1,full,0,1095,3y,24096,24096,52,105,failed,non-convergence,,,,,,,,
AvsB_1to1_full,B,1,full,0,1825,5y,24096,24096,75,141,failed,non-convergence,,,,,,,,
AvsB_1to1_full,B,1,full,1,365,1y,24096,24096,17,35,success,,0.4378,0.243,0.7885,0.005934947976290376,0.3002,48192.0,52.0,14.0
AvsB_1to1_full,B,1,full,1,730,2y,24096,24096,35,54,success,,0.594,0.3839,0.919,0.019321961056360578,0.2227,48192.0,89.0,14.0
AvsB_1to1_full,B,1,full,1,1095,3y,24096,24096,52,84,success,,0.5553,0.3873,0.7962,0.0013764937092557935,0.1839,48192.0,136.0,14.0
AvsB_1to1_full,B,1,full,1,1825,5y,24096,24096,75,105,success,,0.6453,0.4722,0.882,0.005995568571193021,0.1594,48192.0,180.0,14.0
AvsB_1to1_full,B,1,full,2,365,1y,24096,24096,17,38,success,,0.4251,0.2376,0.7606,0.003951987400080326,0.2968,48192.0,55.0,14.0
AvsB_1to1_full,B,1,full,2,730,2y,24096,24096,35,59,failed,non-convergence,,,,,,,,
AvsB_1to1_full,B,1,full,2,1095,3y,24096,24096,52,80,failed,non-convergence,,,,,,,,
AvsB_1to1_full,B,1,full,2,1825,5y,24096,24096,75,101,failed,non-convergence,,,,,,,,
AvsB_1to1_full,B,1,full,3,365,1y,24096,24096,17,52,success,,0.3045,0.1746,0.5311,2.7921508710272348e-05,0.2838,48192.0,69.0,14.0
AvsB_1to1_full,B,1,full,3,730,2y,24096,24096,35,68,failed,non-convergence,,,,,,,,
AvsB_1to1_full,B,1,full,3,1095,3y,24096,24096,52,91,failed,non-convergence,,,,,,,,
AvsB_1to1_full,B,1,full,3,1825,5y,24096,24096,75,121,failed,non-convergence,,,,,,,,
AvsB_1to1_full,B,1,full,4,365,1y,24096,24096,17,59,success,,0.2604,0.1501,0.4516,1.6653021658126168e-06,0.2809,48192.0,76.0,14.0
AvsB_1to1_full,B,1,full,4,730,2y,24096,24096,35,87,success,,0.3633,0.2424,0.5445,9.401511220271929e-07,0.2065,48192.0,122.0,14.0
AvsB_1to1_full,B,1,full,4,1095,3y,24096,24096,52,103,success,,0.4578,0.3235,0.6479,1.0338492086955012e-05,0.1772,48192.0,155.0,14.0
AvsB_1to1_full,B,1,full,4,1825,5y,24096,24096,75,129,success,,0.5265,0.3895,0.7118,3.035275298576859e-05,0.1538,48192.0,204.0,14.0
AvsB_1to1_full,B,1,full,5,365,1y,24096,24096,17,65,success,,0.2416,0.1401,0.4166,3.224009776349009e-07,0.278,48192.0,82.0,14.0
AvsB_1to1_full,B,1,full,5,730,2y,24096,24096,35,81,success,,0.404,0.2685,0.608,1.3880862167340999e-05,0.2085,48192.0,116.0,14.0
AvsB_1to1_full,B,1,full,5,1095,3y,24096,24096,52,100,success,,0.4783,0.3367,0.6793,3.794181553561929e-05,0.179,48192.0,152.0,14.0
AvsB_1to1_full,B,1,full,5,1825,5y,24096,24096,75,127,success,,0.5406,0.3992,0.7319,6.929001302075766e-05,0.1546,48192.0,202.0,14.0
AvsB_1to1_full,B,1,full,6,365,1y,24096,24096,17,39,success,,0.4081,0.2289,0.7276,0.002384657515800842,0.2951,48192.0,56.0,14.0
AvsB_1to1_full,B,1,full,6,730,2y,24096,24096,35,72,success,,0.4524,0.2984,0.6859,0.0001870291001031718,0.2123,48192.0,107.0,14.0
AvsB_1to1_full,B,1,full,6,1095,3y,24096,24096,52,97,failed,non-convergence,,,,,,,,
AvsB_1to1_full,B,1,full,6,1825,5y,24096,24096,75,120,failed,non-convergence,,,,,,,,
AvsB_1to1_full,B,1,full,7,365,1y,24096,24096,17,30,success,,0.5223,0.2861,0.9538,0.03450617656136266,0.3072,48192.0,47.0,14.0
AvsB_1to1_full,B,1,full,7,730,2y,24096,24096,35,64,success,,0.4925,0.323,0.7511,0.0010032157433683302,0.2153,48192.0,99.0,14.0
AvsB_1to1_full,B,1,full,7,1095,3y,24096,24096,52,89,success,,0.5221,0.3663,0.7442,0.0003253530678598187,0.1808,48192.0,141.0,14.0
AvsB_1to1_full,B,1,full,7,1825,5y,24096,24096,75,120,success,,0.5475,0.404,0.7419,0.0001018502793722448,0.155,48192.0,195.0,14.0
AvsB_1to1_full,B,1,full,8,365,1y,24096,24096,17,48,success,,0.3448,0.1958,0.6072,0.00022661047595430063,0.2888,48192.0,65.0,14.0
AvsB_1to1_full,B,1,full,8,730,2y,24096,24096,35,78,success,,0.4275,0.2832,0.6452,5.206362962503199e-05,0.21,48192.0,113.0,14.0
AvsB_1to1_full,B,1,full,8,1095,3y,24096,24096,52,97,success,,0.5096,0.3584,0.7246,0.00017440024222957986,0.1796,48192.0,149.0,14.0
AvsB_1to1_full,B,1,full,8,1825,5y,24096,24096,75,120,success,,0.5854,0.4314,0.7944,0.0005870928497652381,0.1558,48192.0,195.0,14.0
AvsB_1to1_full,B,1,full,9,365,1y,24096,24096,17,29,success,,0.5405,0.2946,0.9915,0.04686055182209112,0.3096,48192.0,46.0,14.0
AvsB_1to1_full,B,1,full,9,730,2y,24096,24096,35,55,success,,0.5941,0.3851,0.9166,0.018594945340656914,0.2212,48192.0,90.0,14.0
AvsB_1to1_full,B,1,full,9,1095,3y,24096,24096,52,65,success,,0.7518,0.5158,1.0958,0.13775467703644315,0.1922,48192.0,117.0,14.0
AvsB_1to1_full,B,1,full,9,1825,5y,24096,24096,75,88,success,,0.8046,0.5821,1.1123,0.18824142972531632,0.1652,48192.0,163.0,14.0
AvsB_1to1_simple,B,1,simple,0,365,1y,24063,24063,17,40,success,,0.419,0.2363,0.743,0.002917456166158294,0.2923,48126.0,57.0,6.0
AvsB_1to1_simple,B,1,simple,0,730,2y,24063,24063,35,40,success,,0.8755,0.5536,1.3847,0.5696831143075765,0.2339,48126.0,75.0,6.0
AvsB_1to1_simple,B,1,simple,0,1095,3y,24063,24063,52,57,success,,0.9154,0.6257,1.3392,0.6488356174884113,0.1941,48126.0,109.0,6.0
AvsB_1to1_simple,B,1,simple,0,1825,5y,24063,24063,75,57,failed,non-convergence,,,,,,,,
AvsB_1to2_full,B,2,full,0,365,1y,24096,48192,17,91,success,,0.3583,0.2116,0.6066,0.000132822639009573,0.2686,72288.0,108.0,14.0
AvsB_1to2_full,B,2,full,0,730,2y,24096,48192,35,144,failed,non-convergence,,,,,,,,
AvsB_1to2_full,B,2,full,0,1095,3y,24096,48192,52,177,failed,non-convergence,,,,,,,,
AvsB_1to2_full,B,2,full,0,1825,5y,24096,48192,75,245,success,,0.5547,0.4223,0.7287,2.2916457728081795e-05,0.1392,72288.0,320.0,14.0
AvsB_1to2_full,B,2,full,1,365,1y,24096,48192,17,80,success,,0.3853,0.2266,0.6551,0.0004293583854998956,0.2709,72288.0,97.0,14.0
AvsB_1to2_full,B,2,full,1,730,2y,24096,48192,35,131,success,,0.4817,0.3287,0.7058,0.00017889219827987003,0.195,72288.0,166.0,14.0
AvsB_1to2_full,B,2,full,1,1095,3y,24096,48192,52,175,success,,0.5283,0.3833,0.7281,9.674505119691183e-05,0.1637,72288.0,227.0,14.0
AvsB_1to2_full,B,2,full,1,1825,5y,24096,48192,75,248,success,,0.5314,0.4052,0.6968,4.805075884449005e-06,0.1383,72288.0,323.0,14.0
AvsB_1to2_full,B,2,full,2,365,1y,24096,48186,17,77,failed,non-convergence,,,,,,,,
AvsB_1to2_full,B,2,full,2,730,2y,24096,48186,35,124,success,,0.5364,0.3666,0.7848,0.0013368615519932694,0.1942,72282.0,159.0,14.0
AvsB_1to2_full,B,2,full,2,1095,3y,24096,48186,52,174,success,,0.5627,0.4098,0.7728,0.00038204511459106224,0.1619,72282.0,226.0,14.0
AvsB_1to2_full,B,2,full,2,1825,5y,24096,48186,75,237,success,,0.5912,0.4517,0.7738,0.0001294826869617859,0.1373,72282.0,312.0,14.0
AvsB_1to2_full,B,2,full,3,365,1y,24096,48192,17,115,success,,0.2638,0.1573,0.4423,4.3345761349302573e-07,0.2637,72288.0,132.0,14.0
AvsB_1to2_full,B,2,full,3,730,2y,24096,48192,35,148,success,,0.4272,0.2927,0.6235,1.0371432296824197e-05,0.1929,72288.0,183.0,14.0
AvsB_1to2_full,B,2,full,3,1095,3y,24096,48192,52,189,success,,0.4939,0.3592,0.6792,1.4204277431924349e-05,0.1625,72288.0,241.0,14.0
AvsB_1to2_full,B,2,full,3,1825,5y,24096,48192,75,249,failed,non-convergence,,,,,,,,
AvsB_1to2_full,B,2,full,4,365,1y,24096,48192,17,100,success,,0.305,0.1808,0.5147,8.640428893125264e-06,0.2669,72288.0,117.0,14.0
AvsB_1to2_full,B,2,full,4,730,2y,24096,48192,35,144,success,,0.4333,0.2964,0.6335,1.5907632650715458e-05,0.1938,72288.0,179.0,14.0
AvsB_1to2_full,B,2,full,4,1095,3y,24096,48192,52,184,success,,0.5036,0.3659,0.693,2.546996586541697e-05,0.1629,72288.0,236.0,14.0
AvsB_1to2_full,B,2,full,4,1825,5y,24096,48192,75,236,success,,0.5705,0.434,0.7499,5.73852991179797e-05,0.1395,72288.0,311.0,14.0
AvsB_1to2_full,B,2,full,5,365,1y,24096,48192,17,117,success,,0.2633,0.1568,0.4422,4.5433453031543283e-07,0.2645,72288.0,134.0,14.0
AvsB_1to2_full,B,2,full,5,730,2y,24096,48192,35,148,success,,0.4366,0.2988,0.6379,1.8382040525635237e-05,0.1935,72288.0,183.0,14.0
AvsB_1to2_full,B,2,full,5,1095,3y,24096,48192,52,183,success,,0.5162,0.3743,0.712,5.562837170414545e-05,0.1641,72288.0,235.0,14.0
AvsB_1to2_full,B,2,full,5,1825,5y,24096,48192,75,231,success,,0.5902,0.4482,0.7773,0.00017445463910010196,0.1405,72288.0,306.0,14.0
AvsB_1to2_full,B,2,full,6,365,1y,24096,48192,17,91,success,,0.347,0.2054,0.5863,7.645002340775624e-05,0.2676,72288.0,108.0,14.0
AvsB_1to2_full,B,2,full,6,730,2y,24096,48192,35,143,success,,0.4472,0.306,0.6537,3.2487305011627726e-05,0.1936,72288.0,178.0,14.0
AvsB_1to2_full,B,2,full,6,1095,3y,24096,48192,52,191,success,,0.4891,0.3557,0.6726,1.084692133307898e-05,0.1625,72288.0,243.0,14.0
AvsB_1to2_full,B,2,full,6,1825,5y,24096,48192,75,231,success,,0.5861,0.4454,0.7712,0.00013575661713617295,0.14,72288.0,306.0,14.0
AvsB_1to2_full,B,2,full,7,365,1y,24096,48188,17,66,success,,0.4657,0.2716,0.7986,0.005480593570766336,0.2752,72284.0,83.0,14.0
AvsB_1to2_full,B,2,full,7,730,2y,24096,48188,35,123,success,,0.4991,0.3402,0.7324,0.00038297854564417206,0.1957,72284.0,158.0,14.0
AvsB_1to2_full,B,2,full,7,1095,3y,24096,48188,52,154,success,,0.5907,0.4271,0.817,0.0014666802687013341,0.1655,72284.0,206.0,14.0
AvsB_1to2_full,B,2,full,7,1825,5y,24096,48188,75,232,success,,0.5472,0.4164,0.7191,1.522197231383641e-05,0.1394,72284.0,307.0,14.0
AvsB_1to2_full,B,2,full,8,365,1y,24096,48192,17,109,success,,0.2989,0.1775,0.5033,5.54637152090977e-06,0.2658,72288.0,126.0,14.0
AvsB_1to2_full,B,2,full,8,730,2y,24096,48192,35,152,success,,0.4413,0.3023,0.6442,2.247612579930441e-05,0.193,72288.0,187.0,14.0
AvsB_1to2_full,B,2,full,8,1095,3y,24096,48192,52,186,success,,0.5361,0.3892,0.7382,0.00013413150814839392,0.1633,72288.0,238.0,14.0
AvsB_1to2_full,B,2,full,8,1825,5y,24096,48192,75,228,success,,0.6194,0.4704,0.8157,0.0006491543144340799,0.1404,72288.0,303.0,14.0
AvsB_1to2_full,B,2,full,9,365,1y,24096,48192,17,81,success,,0.3965,0.2331,0.6743,0.0006388291024846889,0.2709,72288.0,98.0,14.0
AvsB_1to2_full,B,2,full,9,730,2y,24096,48192,35,131,success,,0.5023,0.3424,0.7368,0.00042801400682106693,0.1955,72288.0,166.0,14.0
AvsB_1to2_full,B,2,full,9,1095,3y,24096,48192,52,155,success,,0.6331,0.4568,0.8774,0.006046084705702405,0.1665,72288.0,207.0,14.0
AvsB_1to2_full,B,2,full,9,1825,5y,24096,48192,75,205,success,,0.6894,0.5213,0.9117,0.009103766777478551,0.1426,72288.0,280.0,14.0
AvsB_1to2_simple,B,2,simple,0,365,1y,24063,48126,17,86,success,,0.5471,0.3394,0.8819,0.013288949054947005,0.2436,72189.0,103.0,6.0
AvsB_1to2_simple,B,2,simple,0,730,2y,24063,48126,35,153,failed,non-convergence,,,,,,,,
AvsB_1to2_simple,B,2,simple,0,1095,3y,24063,48126,52,170,failed,non-convergence,,,,,,,,
AvsB_1to2_simple,B,2,simple,0,1825,5y,24063,48126,75,178,success,,0.8396,0.6372,1.1061,0.21381406035519734,0.1407,72189.0,253.0,6.0
AvsC_1to1_full,C,1,full,0,365,1y,24096,24096,17,44,failed,non-convergence,,,,,,,,
AvsC_1to1_full,C,1,full,0,730,2y,24096,24096,35,67,failed,non-convergence,,,,,,,,
AvsC_1to1_full,C,1,full,0,1095,3y,24096,24096,52,94,success,,0.5039,0.3536,0.7181,0.00014915304459607001,0.1807,48192.0,146.0,14.0
AvsC_1to1_full,C,1,full,0,1825,5y,24096,24096,75,127,success,,0.519,0.383,0.7034,2.3502427640257308e-05,0.1551,48192.0,202.0,14.0
AvsC_1to1_full,C,1,full,1,365,1y,24096,24096,17,50,success,,0.3073,0.1756,0.5378,3.5937636322260005e-05,0.2855,48192.0,67.0,14.0
AvsC_1to1_full,C,1,full,1,730,2y,24096,24096,35,84,success,,0.3802,0.2534,0.5705,2.9920417275798522e-06,0.207,48192.0,119.0,14.0
AvsC_1to1_full,C,1,full,1,1095,3y,24096,24096,52,96,success,,0.4982,0.3511,0.7069,9.484081072921956e-05,0.1785,48192.0,148.0,14.0
AvsC_1to1_full,C,1,full,1,1825,5y,24096,24096,75,124,success,,0.5529,0.4091,0.7471,0.00011470334102265954,0.1536,48192.0,199.0,14.0
AvsC_1to1_full,C,1,full,2,365,1y,24096,24096,17,61,failed,non-convergence,,,,,,,,
AvsC_1to1_full,C,1,full,2,730,2y,24096,24096,35,86,failed,non-convergence,,,,,,,,
AvsC_1to1_full,C,1,full,2,1095,3y,24096,24096,52,97,failed,non-convergence,,,,,,,,
AvsC_1to1_full,C,1,full,2,1825,5y,24096,24096,75,138,failed,non-convergence,,,,,,,,
AvsC_1to1_full,C,1,full,3,365,1y,24096,24096,17,53,success,,0.3023,0.1735,0.5266,2.397153046738201e-05,0.2832,48192.0,70.0,14.0
AvsC_1to1_full,C,1,full,3,730,2y,24096,24096,35,76,failed,non-convergence,,,,,,,,
AvsC_1to1_full,C,1,full,3,1095,3y,24096,24096,52,95,failed,non-convergence,,,,,,,,
AvsC_1to1_full,C,1,full,3,1825,5y,24096,24096,75,118,failed,non-convergence,,,,,,,,
AvsC_1to1_full,C,1,full,4,365,1y,24096,24096,17,62,success,,0.2332,0.1348,0.4034,1.9270206863853746e-07,0.2797,48192.0,79.0,14.0
AvsC_1to1_full,C,1,full,4,730,2y,24096,24096,35,85,success,,0.3489,0.2323,0.5239,3.838006039467612e-07,0.2074,48192.0,120.0,14.0
AvsC_1to1_full,C,1,full,4,1095,3y,24096,24096,52,109,success,,0.4009,0.284,0.5659,2.0239246788991603e-07,0.1759,48192.0,161.0,14.0
AvsC_1to1_full,C,1,full,4,1825,5y,24096,24096,75,149,success,,0.4189,0.3125,0.5615,5.85208888180398e-09,0.1495,48192.0,224.0,14.0
AvsC_1to1_full,C,1,full,5,365,1y,24096,24096,17,30,success,,0.5168,0.2815,0.9489,0.0332426243027372,0.31,48192.0,47.0,14.0
AvsC_1to1_full,C,1,full,5,730,2y,24096,24096,35,49,success,,0.6418,0.4101,1.0045,0.05232677968384554,0.2285,48192.0,84.0,14.0
AvsC_1to1_full,C,1,full,5,1095,3y,24096,24096,52,64,success,,0.7389,0.505,1.0812,0.11921225467539091,0.1942,48192.0,116.0,14.0
AvsC_1to1_full,C,1,full,5,1825,5y,24096,24096,75,78,success,,0.864,0.6186,1.2067,0.3909474797074214,0.1705,48192.0,153.0,14.0
AvsC_1to1_full,C,1,full,6,365,1y,24096,24096,17,58,success,,0.2832,0.1633,0.4914,7.190479865667832e-06,0.2811,48192.0,75.0,14.0
AvsC_1to1_full,C,1,full,6,730,2y,24096,24096,35,78,success,,0.432,0.2866,0.6513,6.152461346078489e-05,0.2094,48192.0,113.0,14.0
AvsC_1to1_full,C,1,full,6,1095,3y,24096,24096,52,93,success,,0.5406,0.38,0.7692,0.0006285087345212198,0.1799,48192.0,145.0,14.0
AvsC_1to1_full,C,1,full,6,1825,5y,24096,24096,75,130,success,,0.5601,0.4153,0.7554,0.0001456447467454347,0.1526,48192.0,205.0,14.0
AvsC_1to1_full,C,1,full,7,365,1y,24096,24096,17,76,success,,0.2082,0.122,0.3552,8.641419719519736e-09,0.2727,48192.0,93.0,14.0
AvsC_1to1_full,C,1,full,7,730,2y,24096,24096,35,97,failed,non-convergence,,,,,,,,
AvsC_1to1_full,C,1,full,7,1095,3y,24096,24096,52,134,failed,non-convergence,,,,,,,,
AvsC_1to1_full,C,1,full,7,1825,5y,24096,24096,75,170,success,,0.4048,0.3035,0.5399,7.50728904932721e-10,0.1469,48192.0,245.0,14.0
AvsC_1to1_full,C,1,full,8,365,1y,24096,24096,17,42,success,,0.3394,0.1905,0.6047,0.0002453516642649921,0.2947,48192.0,59.0,14.0
AvsC_1to1_full,C,1,full,8,730,2y,24096,24096,35,68,success,,0.4544,0.2985,0.6918,0.000234350337901222,0.2144,48192.0,103.0,14.0
AvsC_1to1_full,C,1,full,8,1095,3y,24096,24096,52,99,success,,0.4579,0.3232,0.6486,1.0947978741552653e-05,0.1776,48192.0,151.0,14.0
AvsC_1to1_full,C,1,full,8,1825,5y,24096,24096,75,122,success,,0.5374,0.3972,0.7272,5.6950872472378925e-05,0.1543,48192.0,197.0,14.0
AvsC_1to1_full,C,1,full,9,365,1y,24096,24096,17,45,success,,0.3937,0.2229,0.6953,0.0013189245644127329,0.2903,48192.0,62.0,14.0
AvsC_1to1_full,C,1,full,9,730,2y,24096,24096,35,85,success,,0.4137,0.2753,0.6219,2.1889281556863297e-05,0.2079,48192.0,120.0,14.0
AvsC_1to1_full,C,1,full,9,1095,3y,24096,24096,52,113,success,,0.4578,0.325,0.6449,7.885224319125866e-06,0.1749,48192.0,165.0,14.0
AvsC_1to1_full,C,1,full,9,1825,5y,24096,24096,75,154,success,,0.4752,0.3546,0.637,6.43470303916158e-07,0.1495,48192.0,229.0,14.0
AvsC_1to1_simple,C,1,simple,0,365,1y,24096,24096,17,2,failed,non-convergence,,,,,,,,
AvsC_1to1_simple,C,1,simple,0,730,2y,24096,24096,35,24,success,,1.4639,0.8675,2.4702,0.15343161068034283,0.267,48192.0,59.0,6.0
AvsC_1to1_simple,C,1,simple,0,1095,3y,24096,24096,52,63,success,,0.819,0.5638,1.1896,0.2944924785027525,0.1905,48192.0,115.0,6.0
AvsC_1to1_simple,C,1,simple,0,1825,5y,24096,24096,75,65,success,,1.1584,0.8259,1.6246,0.39429804110870914,0.1726,48192.0,140.0,6.0
AvsC_1to2_full,C,2,full,0,365,1y,24096,48187,17,89,failed,non-convergence,,,,,,,,
AvsC_1to2_full,C,2,full,0,730,2y,24096,48187,35,145,failed,non-convergence,,,,,,,,
AvsC_1to2_full,C,2,full,0,1095,3y,24096,48187,52,197,success,,0.476,0.3466,0.6538,4.543068431302749e-06,0.1619,72283.0,249.0,14.0
AvsC_1to2_full,C,2,full,0,1825,5y,24096,48187,75,253,success,,0.5213,0.3972,0.6842,2.6610295055182044e-06,0.1387,72283.0,328.0,14.0
AvsC_1to2_full,C,2,full,1,365,1y,24096,48192,17,85,success,,0.3675,0.2169,0.6227,0.0001986158214695948,0.269,72288.0,102.0,14.0
AvsC_1to2_full,C,2,full,1,730,2y,24096,48192,35,136,success,,0.4682,0.3202,0.6847,9.072001344622932e-05,0.1939,72288.0,171.0,14.0
AvsC_1to2_full,C,2,full,1,1095,3y,24096,48192,52,178,success,,0.5271,0.3834,0.7246,8.001382748401956e-05,0.1624,72288.0,230.0,14.0
AvsC_1to2_full,C,2,full,1,1825,5y,24096,48192,75,232,success,,0.5779,0.4404,0.7583,7.635717288226971e-05,0.1386,72288.0,307.0,14.0
AvsC_1to2_full,C,2,full,2,365,1y,24096,48192,17,142,failed,non-convergence,,,,,,,,
AvsC_1to2_full,C,2,full,2,730,2y,24096,48192,35,212,failed,non-convergence,,,,,,,,
AvsC_1to2_full,C,2,full,2,1095,3y,24096,48192,52,245,failed,non-convergence,,,,,,,,
AvsC_1to2_full,C,2,full,2,1825,5y,24096,48192,75,320,failed,non-convergence,,,,,,,,
AvsC_1to2_full,C,2,full,3,365,1y,24096,48192,17,138,success,,0.2275,0.1365,0.3792,1.3398541136244605e-08,0.2606,72288.0,155.0,14.0
AvsC_1to2_full,C,2,full,3,730,2y,24096,48192,35,182,failed,non-convergence,,,,,,,,
AvsC_1to2_full,C,2,full,3,1095,3y,24096,48192,52,214,failed,non-convergence,,,,,,,,
AvsC_1to2_full,C,2,full,3,1825,5y,24096,48192,75,269,failed,non-convergence,,,,,,,,
AvsC_1to2_full,C,2,full,4,365,1y,24096,48192,17,118,success,,0.2565,0.1529,0.4302,2.5284463909844357e-07,0.2639,72288.0,135.0,14.0
AvsC_1to2_full,C,2,full,4,730,2y,24096,48192,35,161,success,,0.3949,0.2715,0.5744,1.176531306562782e-06,0.1912,72288.0,196.0,14.0
AvsC_1to2_full,C,2,full,4,1095,3y,24096,48192,52,199,success,,0.4707,0.3431,0.6457,2.9820228853666457e-06,0.1613,72288.0,251.0,14.0
AvsC_1to2_full,C,2,full,4,1825,5y,24096,48192,75,253,success,,0.5379,0.4109,0.7043,6.478847379474408e-06,0.1375,72288.0,328.0,14.0
AvsC_1to2_full,C,2,full,5,365,1y,24096,48192,17,74,success,,0.4223,0.2468,0.7224,0.001647710513184364,0.2739,72288.0,91.0,14.0
AvsC_1to2_full,C,2,full,5,730,2y,24096,48192,35,121,success,,0.5252,0.3569,0.7727,0.0010788312176825859,0.197,72288.0,156.0,14.0
AvsC_1to2_full,C,2,full,5,1095,3y,24096,48192,52,157,success,,0.6036,0.4362,0.8351,0.0023062536097500468,0.1657,72288.0,209.0,14.0
AvsC_1to2_full,C,2,full,5,1825,5y,24096,48192,75,179,success,,0.7615,0.5738,1.0105,0.05905289477333338,0.1444,72288.0,254.0,14.0
AvsC_1to2_full,C,2,full,6,365,1y,24096,48192,17,105,success,,0.307,0.1826,0.5163,8.457759587515215e-06,0.2652,72288.0,122.0,14.0
AvsC_1to2_full,C,2,full,6,730,2y,24096,48192,35,155,success,,0.4261,0.2923,0.621,9.059033134822884e-06,0.1922,72288.0,190.0,14.0
AvsC_1to2_full,C,2,full,6,1095,3y,24096,48192,52,199,success,,0.4987,0.3632,0.6849,1.713704939696561e-05,0.1618,72288.0,251.0,14.0
AvsC_1to2_full,C,2,full,6,1825,5y,24096,48192,75,272,success,,0.5234,0.4001,0.6846,2.2969470918470785e-06,0.137,72288.0,347.0,14.0
AvsC_1to2_full,C,2,full,7,365,1y,24096,48192,17,153,failed,non-convergence,,,,,,,,
AvsC_1to2_full,C,2,full,7,730,2y,24096,48192,35,210,failed,non-convergence,,,,,,,,
AvsC_1to2_full,C,2,full,7,1095,3y,24096,48192,52,283,failed,non-convergence,,,,,,,,
AvsC_1to2_full,C,2,full,7,1825,5y,24096,48192,75,337,success,,0.4064,0.3125,0.5286,1.9095847714781518e-11,0.1341,72288.0,412.0,14.0
AvsC_1to2_full,C,2,full,8,365,1y,24096,48192,17,106,success,,0.2761,0.164,0.4646,1.2573430759192032e-06,0.2656,72288.0,123.0,14.0
AvsC_1to2_full,C,2,full,8,730,2y,24096,48192,35,150,success,,0.4139,0.2836,0.6042,4.8471492571848954e-06,0.1929,72288.0,185.0,14.0
AvsC_1to2_full,C,2,full,8,1095,3y,24096,48192,52,204,success,,0.45,0.3286,0.6163,6.497830411970939e-07,0.1605,72288.0,256.0,14.0
AvsC_1to2_full,C,2,full,8,1825,5y,24096,48192,75,246,success,,0.5403,0.4124,0.7079,7.960265751517428e-06,0.1378,72288.0,321.0,14.0
AvsC_1to2_full,C,2,full,9,365,1y,24096,48192,17,87,success,,0.4014,0.2367,0.6807,0.0007054832971687138,0.2695,72288.0,104.0,14.0
AvsC_1to2_full,C,2,full,9,730,2y,24096,48192,35,174,success,,0.4107,0.2827,0.5966,3.0090341203131413e-06,0.1906,72288.0,209.0,14.0
AvsC_1to2_full,C,2,full,9,1095,3y,24096,48192,52,219,success,,0.4811,0.3515,0.6586,4.941121769691047e-06,0.1602,72288.0,271.0,14.0
AvsC_1to2_full,C,2,full,9,1825,5y,24096,48192,75,296,failed,non-convergence,,,,,,,,
AvsC_1to2_simple,C,2,simple,0,365,1y,24096,48192,17,3,success,,11.399,3.3747,38.5041,8.910968636429858e-05,0.621,72288.0,20.0,6.0
AvsC_1to2_simple,C,2,simple,0,730,2y,24096,48192,35,25,success,,2.8281,1.6879,4.7387,7.883111644368937e-05,0.2633,72288.0,60.0,6.0
AvsC_1to2_simple,C,2,simple,0,1095,3y,24096,48192,52,64,success,,1.6421,1.1337,2.3785,0.00868989792959021,0.189,72288.0,116.0,6.0
AvsC_1to2_simple,C,2,simple,0,1825,5y,24096,48192,75,182,success,,0.8197,0.6246,1.0756,0.15150990719600294,0.1386,72288.0,257.0,6.0
