subgroup,label,n_in_group,n_complement,events_in_group,events_complement,hr_in_group,hr_ci_lower_in_group,hr_ci_upper_in_group,hr_complement,hr_ci_lower_complement,hr_ci_upper_complement,or_in_group,or_complement,interaction_p,interaction_q,fdr_significant,cell,comparator,ratio,adjustment,window_days,window_label
age_le60,Age ≤ 60,31958,16234,5,67,0.9696,0.78,1.2053,0.7445,0.5743,0.9651,,0.3309,0.1263207399404937,0.421069,False,AvsB_1to1_full,B,1,full,365,1y
age_gt70,Age > 70,9655,38537,52,20,0.6996,0.5064,0.9666,0.9421,0.7754,1.1446,0.3354,,0.12215452796699836,0.421069,False,AvsB_1to1_full,B,1,full,365,1y
white,White,24602,23590,49,23,0.8413,0.6696,1.0572,0.9021,0.707,1.1509,0.3072,,0.6821207517859479,0.852651,False,AvsB_1to1_full,B,1,full,365,1y
black,Black,4090,44102,6,66,0.7623,0.4296,1.3528,0.8797,0.7391,1.047,,,0.6395004195392304,0.852651,False,AvsB_1to1_full,B,1,full,365,1y
hypertension,Hypertension,15976,32216,40,32,0.8504,0.6443,1.1224,0.8799,0.7144,1.0837,,,0.8472712512470839,0.917893,False,AvsB_1to1_full,B,1,full,365,1y
diabetes_any,Diabetes,11111,37081,28,44,0.7858,0.5634,1.096,0.8978,0.7406,1.0884,0.2687,,0.49687708531808966,0.852651,False,AvsB_1to1_full,B,1,full,365,1y
prior_cvd,Prior CVD,9023,39169,30,42,0.8126,0.5682,1.1623,0.8855,0.7335,1.0689,0.4266,,0.6770832128771085,0.852651,False,AvsB_1to1_full,B,1,full,365,1y
obesity,Obesity,10926,37266,14,58,1.0269,0.7214,1.4618,0.8291,0.6863,1.0016,1.2908,,0.2950854865079719,0.737714,False,AvsB_1to1_full,B,1,full,365,1y
bph,BPH,5153,43039,40,32,0.6403,0.4237,0.9677,0.9177,0.7648,1.1013,0.3584,,0.11809119399983958,0.421069,False,AvsB_1to1_full,B,1,full,365,1y
heart_failure,Heart failure,2493,45699,8,64,0.9001,0.4529,1.7888,0.8672,0.7304,1.0298,0.5559,0.2667,0.9178929604874031,0.917893,False,AvsB_1to1_full,B,1,full,365,1y
age_le60,Age ≤ 60,31958,16234,9,111,0.9817,0.7908,1.2187,0.6998,0.5514,0.8882,,0.3831,0.039265691933460654,0.314161,False,AvsB_1to1_full,B,1,full,730,2y
age_gt70,Age > 70,9655,38537,90,30,0.6715,0.5028,0.897,0.9339,0.7705,1.132,0.4177,0.3092,0.06283224039199765,0.314161,False,AvsB_1to1_full,B,1,full,730,2y
white,White,24602,23590,84,36,0.7977,0.6427,0.99,0.8982,0.7081,1.1393,0.3701,,0.4690982386458219,0.938196,False,AvsB_1to1_full,B,1,full,730,2y
black,Black,4090,44102,9,111,0.8015,0.4597,1.3976,0.8453,0.7153,0.9988,0.2875,,0.8574268036950501,0.952696,False,AvsB_1to1_full,B,1,full,730,2y
hypertension,Hypertension,15976,32216,70,50,0.8648,0.6676,1.1202,0.8277,0.6754,1.0142,0.602,,0.7939703369244813,0.952696,False,AvsB_1to1_full,B,1,full,730,2y
diabetes_any,Diabetes,11111,37081,43,77,0.79,0.5759,1.0839,0.8586,0.7133,1.0334,0.426,,0.6561032948904997,0.952696,False,AvsB_1to1_full,B,1,full,730,2y
prior_cvd,Prior CVD,9023,39169,51,69,0.799,0.5742,1.1119,0.8554,0.7126,1.0269,0.5409,,0.7232791833035697,0.952696,False,AvsB_1to1_full,B,1,full,730,2y
obesity,Obesity,10926,37266,23,97,1.0362,0.7369,1.4572,0.7945,0.6629,0.9523,,,0.17749277751098413,0.443732,False,AvsB_1to1_full,B,1,full,730,2y
bph,BPH,5153,43039,62,58,0.6385,0.4404,0.9258,0.8922,0.7471,1.0654,0.4456,,0.11120116190963539,0.370671,False,AvsB_1to1_full,B,1,full,730,2y
heart_failure,Heart failure,2493,45699,14,106,0.8363,0.444,1.5753,0.8425,0.7142,0.9939,0.4938,,0.9823499232073637,0.98235,False,AvsB_1to1_full,B,1,full,730,2y
age_le60,Age ≤ 60,31958,16234,13,144,0.9585,0.7731,1.1883,0.7276,0.5809,0.9112,,0.4864,0.08261053253627694,0.79662,False,AvsB_1to1_full,B,1,full,1095,3y
age_gt70,Age > 70,9655,38537,115,42,0.7493,0.5716,0.9824,0.8924,0.7382,1.0787,0.5891,,0.30010290559281155,0.79662,False,AvsB_1to1_full,B,1,full,1095,3y
white,White,24602,23590,105,52,0.8196,0.6647,1.0106,0.8639,0.6856,1.0885,0.4868,0.4039,0.7408266627619222,0.79662,False,AvsB_1to1_full,B,1,full,1095,3y
black,Black,4090,44102,13,144,0.7498,0.439,1.2808,0.8479,0.721,0.9972,0.3148,,0.6666016117641351,0.79662,False,AvsB_1to1_full,B,1,full,1095,3y
hypertension,Hypertension,15976,32216,98,59,0.8885,0.6959,1.1344,0.8084,0.6613,0.9883,0.7188,,0.5582610535748624,0.79662,False,AvsB_1to1_full,B,1,full,1095,3y
diabetes_any,Diabetes,11111,37081,62,95,0.8748,0.6492,1.1786,0.8256,0.6884,0.9902,0.7304,,0.7452632807658445,0.79662,False,AvsB_1to1_full,B,1,full,1095,3y
prior_cvd,Prior CVD,9023,39169,67,90,0.8783,0.6424,1.2008,0.8278,0.6923,0.9897,0.7667,,0.7472925712553462,0.79662,False,AvsB_1to1_full,B,1,full,1095,3y
obesity,Obesity,10926,37266,31,126,1.0287,0.7387,1.4325,0.7936,0.6657,0.9461,,,0.17492169115169975,0.79662,False,AvsB_1to1_full,B,1,full,1095,3y
bph,BPH,5153,43039,84,73,0.7867,0.5612,1.1029,0.8499,0.7136,1.0122,0.7235,,0.6904858435413388,0.79662,False,AvsB_1to1_full,B,1,full,1095,3y
heart_failure,Heart failure,2493,45699,18,139,0.7778,0.4248,1.4238,0.8445,0.7192,0.9917,0.4531,,0.7966195930996484,0.79662,False,AvsB_1to1_full,B,1,full,1095,3y
age_le60,Age ≤ 60,31958,16234,14,202,0.9643,0.778,1.1951,0.7012,0.5702,0.8623,,0.4953,0.0361548300133165,0.361548,False,AvsB_1to1_full,B,1,full,1825,5y
age_gt70,Age > 70,9655,38537,160,56,0.7181,0.5612,0.9189,0.8861,0.7352,1.0679,0.5744,,0.1827200905236433,0.894948,False,AvsB_1to1_full,B,1,full,1825,5y
white,White,24602,23590,143,73,0.8054,0.66,0.9828,0.8304,0.6643,1.0381,0.5234,,0.8412294477986912,0.992054,False,AvsB_1to1_full,B,1,full,1825,5y
black,Black,4090,44102,19,197,0.6683,0.4016,1.112,0.8316,0.712,0.9714,0.241,,0.4209194371087143,0.912969,False,AvsB_1to1_full,B,1,full,1825,5y
hypertension,Hypertension,15976,32216,150,66,0.8208,0.6567,1.026,0.8142,0.6672,0.9935,0.6363,,0.9577936805449436,0.992054,False,AvsB_1to1_full,B,1,full,1825,5y
diabetes_any,Diabetes,11111,37081,91,125,0.8116,0.6157,1.0698,0.8169,0.6849,0.9743,0.6499,,0.9689411351088453,0.992054,False,AvsB_1to1_full,B,1,full,1825,5y
prior_cvd,Prior CVD,9023,39169,100,116,0.8477,0.6377,1.1267,0.8066,0.6777,0.96,0.753,,0.7703080956227353,0.992054,False,AvsB_1to1_full,B,1,full,1825,5y
obesity,Obesity,10926,37266,50,166,0.9534,0.6988,1.3007,0.7808,0.6592,0.9247,0.8941,,0.26848446499414214,0.894948,False,AvsB_1to1_full,B,1,full,1825,5y
bph,BPH,5153,43039,127,89,0.7384,0.5498,0.9918,0.8407,0.7078,0.9986,0.6622,,0.45648441740574647,0.912969,False,AvsB_1to1_full,B,1,full,1825,5y
heart_failure,Heart failure,2493,45699,30,186,0.8144,0.4779,1.3877,0.8167,0.6996,0.9533,0.6201,,0.9920535450744712,0.992054,False,AvsB_1to1_full,B,1,full,1825,5y
age_gt70,Age > 70,9710,38416,53,4,0.6936,0.5028,0.9567,1.0208,0.8367,1.2455,0.31,,0.04519739026828278,0.045463,True,AvsB_1to1_simple,B,1,simple,365,1y
white,White,24513,23613,12,45,1.0986,0.8603,1.4029,0.7777,0.6154,0.9828,,0.12,0.04546306957226333,0.045463,True,AvsB_1to1_simple,B,1,simple,365,1y
age_le60,Age ≤ 60,31866,16260,3,72,1.0188,0.8188,1.2677,0.9327,0.7221,1.2048,,0.7988,0.6071173519633767,0.607117,False,AvsB_1to1_simple,B,1,simple,730,2y
age_gt70,Age > 70,9710,38416,67,8,0.8484,0.6245,1.1525,1.0416,0.8546,1.2697,0.6663,,0.270276677692073,0.405415,False,AvsB_1to1_simple,B,1,simple,730,2y
white,White,24513,23613,24,51,1.1967,0.9423,1.5199,0.8149,0.6465,1.0272,,0.2681,0.023619619766030647,0.070859,False,AvsB_1to1_simple,B,1,simple,730,2y
age_le60,Age ≤ 60,31866,16260,3,106,1.0188,0.8188,1.2677,0.9404,0.7403,1.1946,,0.8604,0.6281554457321084,0.711241,False,AvsB_1to1_simple,B,1,simple,1095,3y
age_gt70,Age > 70,9710,38416,83,26,1.0274,0.7671,1.376,0.9616,0.7924,1.1669,1.0816,0.5191,0.7112413339485738,0.711241,False,AvsB_1to1_simple,B,1,simple,1095,3y
white,White,24513,23613,36,73,1.2942,1.0242,1.6354,0.764,0.6111,0.9552,,0.2741,0.0014039902068266065,0.005616,True,AvsB_1to1_simple,B,1,simple,1095,3y
black,Black,4287,43839,20,89,0.6344,0.3856,1.0438,1.0344,0.8721,1.227,0.172,1.2338,0.06868453046856643,0.137369,False,AvsB_1to1_simple,B,1,simple,1095,3y
age_le60,Age ≤ 60,31866,16260,4,128,1.0251,0.8241,1.2751,1.0992,0.8733,1.3836,,1.2581,0.6662109259713602,0.666211,False,AvsB_1to1_simple,B,1,simple,1825,5y
age_gt70,Age > 70,9710,38416,100,32,1.2184,0.9209,1.6121,0.9903,0.8171,1.2001,1.53,0.8792,0.23155217711530449,0.308736,False,AvsB_1to1_simple,B,1,simple,1825,5y
white,White,24513,23613,52,80,1.423,1.1329,1.7873,0.8033,0.6442,1.0018,,0.3957,0.00041313209569887165,0.001653,True,AvsB_1to1_simple,B,1,simple,1825,5y
black,Black,4287,43839,21,111,0.6594,0.4026,1.0803,1.1192,0.9468,1.3231,0.23,1.807,0.04661382101989698,0.093228,False,AvsB_1to1_simple,B,1,simple,1825,5y
age_le60,Age ≤ 60,47997,24291,6,102,0.9816,0.8128,1.1855,0.7925,0.632,0.9936,,0.3865,0.15453651319545378,0.719596,False,AvsB_1to2_full,B,2,full,365,1y
age_gt70,Age > 70,14374,57914,82,26,0.7409,0.5592,0.9816,0.9656,0.8153,1.1437,0.3717,0.2824,0.11380485443185055,0.719596,False,AvsB_1to2_full,B,2,full,365,1y
white,White,37112,35176,70,38,0.8875,0.7273,1.0831,0.9126,0.7397,1.1259,0.3938,,0.850199317781795,0.850199,False,AvsB_1to2_full,B,2,full,365,1y
black,Black,6044,66244,10,98,0.8013,0.4913,1.307,0.9091,0.7814,1.0575,,0.402,0.6290153710076427,0.850199,False,AvsB_1to2_full,B,2,full,365,1y
hypertension,Hypertension,23881,48407,62,46,0.8738,0.6865,1.1123,0.9135,0.7627,1.0943,0.4531,,0.7725786403822434,0.850199,False,AvsB_1to2_full,B,2,full,365,1y
diabetes_any,Diabetes,16558,55730,39,69,0.8492,0.6355,1.1347,0.9153,0.7747,1.0814,0.3576,0.3508,0.6604201043008133,0.850199,False,AvsB_1to2_full,B,2,full,365,1y
prior_cvd,Prior CVD,13475,58813,45,63,0.8529,0.625,1.1639,0.9124,0.7749,1.0742,0.48,,0.7066296740607105,0.850199,False,AvsB_1to2_full,B,2,full,365,1y
obesity,Obesity,15929,56359,19,89,1.0322,0.7586,1.4045,0.8658,0.735,1.0199,1.1606,,0.32327378561673353,0.808184,False,AvsB_1to2_full,B,2,full,365,1y
bph,BPH,7589,64699,57,51,0.7261,0.5055,1.0429,0.9318,0.7957,1.0912,0.4542,0.2582,0.21587894380653425,0.719596,False,AvsB_1to2_full,B,2,full,365,1y
heart_failure,Heart failure,3976,68312,10,98,0.9902,0.5356,1.8307,0.8942,0.7706,1.0375,0.8391,0.3167,0.7519073741884987,0.850199,False,AvsB_1to2_full,B,2,full,365,1y
age_le60,Age ≤ 60,47997,24291,10,169,0.9969,0.8261,1.203,0.7518,0.6101,0.9262,,0.4402,0.04893539498736705,0.415292,False,AvsB_1to2_full,B,2,full,730,2y
age_gt70,Age > 70,14374,57914,136,43,0.7291,0.5651,0.9408,0.9545,0.8078,1.1278,0.4815,,0.08305834568732609,0.415292,False,AvsB_1to2_full,B,2,full,730,2y
white,White,37112,35176,124,55,0.8459,0.7006,1.0215,0.9173,0.7468,1.1267,0.4458,,0.5691503392099304,0.906087,False,AvsB_1to2_full,B,2,full,730,2y
black,Black,6044,66244,16,163,0.8095,0.5055,1.2963,0.8844,0.7647,1.0228,0.2913,,0.7248693610255772,0.906087,False,AvsB_1to2_full,B,2,full,730,2y
hypertension,Hypertension,23881,48407,107,72,0.8842,0.7059,1.1076,0.8737,0.7323,1.0423,,,0.9347856583500362,0.934786,False,AvsB_1to2_full,B,2,full,730,2y
diabetes_any,Diabetes,16558,55730,67,112,0.8216,0.6253,1.0795,0.8966,0.7629,1.0536,0.4644,0.4492,0.5893040447897013,0.906087,False,AvsB_1to2_full,B,2,full,730,2y
prior_cvd,Prior CVD,13475,58813,74,105,0.853,0.6388,1.1391,0.8855,0.7558,1.0376,0.6083,0.3582,0.8241172802347386,0.915686,False,AvsB_1to2_full,B,2,full,730,2y
obesity,Obesity,15929,56359,35,144,1.0123,0.7537,1.3596,0.8442,0.7211,0.9883,0.9919,,0.28722793502283733,0.71807,False,AvsB_1to2_full,B,2,full,730,2y
bph,BPH,7589,64699,89,90,0.7191,0.5183,0.9978,0.9124,0.7823,1.0641,0.5357,0.3784,0.19716710435632168,0.657224,False,AvsB_1to2_full,B,2,full,730,2y
heart_failure,Heart failure,3976,68312,16,163,1.0026,0.5618,1.7893,0.8708,0.7547,1.0048,0.8451,,0.6433648411205106,0.906087,False,AvsB_1to2_full,B,2,full,730,2y
age_le60,Age ≤ 60,47997,24291,14,215,0.9849,0.8167,1.1876,0.7816,0.6414,0.9524,0.4558,0.555,0.09602043798028037,0.881084,False,AvsB_1to2_full,B,2,full,1095,3y
age_gt70,Age > 70,14374,57914,173,56,0.794,0.6259,1.0074,0.9326,0.7906,1.1002,0.6458,0.3285,0.27636569511448134,0.881084,False,AvsB_1to2_full,B,2,full,1095,3y
white,White,37112,35176,152,77,0.8707,0.725,1.0458,0.8957,0.733,1.0946,0.5794,,0.8381193745348408,0.881084,False,AvsB_1to2_full,B,2,full,1095,3y
black,Black,6044,66244,22,207,0.7689,0.4878,1.2119,0.8936,0.7755,1.0296,0.3063,,0.5364936060168306,0.881084,False,AvsB_1to2_full,B,2,full,1095,3y
hypertension,Hypertension,23881,48407,145,84,0.9155,0.7396,1.1332,0.8608,0.7228,1.0251,0.7711,,0.6614572241946932,0.881084,False,AvsB_1to2_full,B,2,full,1095,3y
diabetes_any,Diabetes,16558,55730,90,139,0.9132,0.7047,1.1834,0.8692,0.7418,1.0185,0.8099,0.4171,0.7500454718545083,0.881084,False,AvsB_1to2_full,B,2,full,1095,3y
prior_cvd,Prior CVD,13475,58813,93,136,0.9431,0.7162,1.2418,0.8642,0.74,1.0093,0.8804,,0.587788897887245,0.881084,False,AvsB_1to2_full,B,2,full,1095,3y
obesity,Obesity,15929,56359,45,184,1.0182,0.7638,1.3571,0.8486,0.7279,0.9893,1.0238,,0.2729984793164155,0.881084,False,AvsB_1to2_full,B,2,full,1095,3y
bph,BPH,7589,64699,118,111,0.86,0.6388,1.1579,0.8822,0.7579,1.0269,0.8264,,0.8810836340145037,0.881084,False,AvsB_1to2_full,B,2,full,1095,3y
heart_failure,Heart failure,3976,68312,21,208,0.955,0.548,1.6643,0.8779,0.7636,1.0093,0.7395,0.5261,0.7732720209016913,0.881084,False,AvsB_1to2_full,B,2,full,1095,3y
age_le60,Age ≤ 60,47997,24291,16,304,0.9879,0.8195,1.1907,0.7521,0.6269,0.9024,,0.5547,0.040486456155634315,0.404865,False,AvsB_1to2_full,B,2,full,1825,5y
age_gt70,Age > 70,14374,57914,242,78,0.7611,0.6125,0.946,0.9247,0.786,1.0879,0.6223,,0.1596761942934253,0.798381,False,AvsB_1to2_full,B,2,full,1825,5y
white,White,37112,35176,214,106,0.845,0.7103,1.0053,0.8741,0.7197,1.0616,0.5821,,0.7990259356885733,0.960313,False,AvsB_1to2_full,B,2,full,1825,5y
black,Black,6044,66244,29,291,0.7262,0.4679,1.127,0.8713,0.7609,0.9977,0.293,,0.43758746998769804,0.875175,False,AvsB_1to2_full,B,2,full,1825,5y
hypertension,Hypertension,23881,48407,221,99,0.8633,0.7097,1.0502,0.8547,0.7193,1.0156,0.6992,,0.9400784785505564,0.960313,False,AvsB_1to2_full,B,2,full,1825,5y
diabetes_any,Diabetes,16558,55730,135,185,0.852,0.6697,1.084,0.8582,0.736,1.0006,0.7051,,0.9603128865188844,0.960313,False,AvsB_1to2_full,B,2,full,1825,5y
prior_cvd,Prior CVD,13475,58813,145,175,0.8945,0.6969,1.148,0.8461,0.7273,0.9844,0.8027,0.3884,0.7087376973556957,0.960313,False,AvsB_1to2_full,B,2,full,1825,5y
obesity,Obesity,15929,56359,71,249,0.9687,0.7388,1.2701,0.8296,0.7158,0.9614,0.8576,0.4793,0.324642472021089,0.833062,False,AvsB_1to2_full,B,2,full,1825,5y
bph,BPH,7589,64699,184,136,0.7963,0.6138,1.033,0.8733,0.752,1.0142,0.7295,0.3548,0.5467267048724553,0.911211,False,AvsB_1to2_full,B,2,full,1825,5y
heart_failure,Heart failure,3976,68312,33,287,1.0883,0.6608,1.7924,0.8433,0.7375,0.9642,1.101,,0.333224990472613,0.833062,False,AvsB_1to2_full,B,2,full,1825,5y
age_gt70,Age > 70,14565,57624,99,4,0.6812,0.5181,0.8957,1.0209,0.8591,1.2132,0.286,,0.014257983971632082,0.016775,True,AvsB_1to2_simple,B,2,simple,365,1y
white,White,36881,35308,12,91,1.1003,0.8887,1.3622,0.7708,0.6319,0.9402,,,0.01677488609272024,0.016775,True,AvsB_1to2_simple,B,2,simple,365,1y
age_le60,Age ≤ 60,47799,24390,3,185,1.0189,0.8429,1.2316,0.7237,0.5889,0.8893,,0.4063,0.016650592699483553,0.024976,True,AvsB_1to2_simple,B,2,simple,730,2y
age_gt70,Age > 70,14565,57624,180,8,0.6134,0.4811,0.7823,1.0419,0.8773,1.2375,0.3411,,0.0004883492537854707,0.001465,True,AvsB_1to2_simple,B,2,simple,730,2y
white,White,36881,35308,91,97,0.9409,0.7743,1.1432,0.8052,0.6611,0.9806,0.7083,0.2375,0.2707088535152093,0.270709,False,AvsB_1to2_simple,B,2,simple,730,2y
age_le60,Age ≤ 60,47799,24390,3,219,1.0189,0.8429,1.2316,0.7845,0.6441,0.9556,,0.5681,0.06109113067827447,0.09915,False,AvsB_1to2_simple,B,2,simple,1095,3y
age_gt70,Age > 70,14565,57624,196,26,0.731,0.5794,0.9223,1.0024,0.8462,1.1875,0.5504,1.0596,0.03143494363712979,0.09915,False,AvsB_1to2_simple,B,2,simple,1095,3y
white,White,36881,35308,103,119,1.0176,0.84,1.2327,0.7944,0.655,0.9633,1.072,0.2977,0.07436258234548519,0.09915,False,AvsB_1to2_simple,B,2,simple,1095,3y
black,Black,6380,65809,20,202,0.8162,0.5175,1.2874,0.9074,0.787,1.0462,0.3487,,0.663651123033165,0.663651,False,AvsB_1to2_simple,B,2,simple,1095,3y
age_le60,Age ≤ 60,47799,24390,4,249,1.0252,0.8483,1.239,0.8909,0.7374,1.0763,,0.7939,0.30381158222522664,0.303812,False,AvsB_1to2_simple,B,2,simple,1825,5y
age_gt70,Age > 70,14565,57624,221,32,0.8346,0.6691,1.0412,1.0325,0.8723,1.222,0.7382,,0.1335864757394805,0.267173,False,AvsB_1to2_simple,B,2,simple,1825,5y
white,White,36881,35308,119,134,1.1223,0.93,1.3542,0.8147,0.6739,0.985,1.5669,0.3989,0.01872913586642539,0.074917,False,AvsB_1to2_simple,B,2,simple,1825,5y
black,Black,6380,65809,29,224,0.7533,0.4868,1.1656,0.9806,0.8523,1.1281,0.3161,,0.2596496204696642,0.303812,False,AvsB_1to2_simple,B,2,simple,1825,5y
age_le60,Age ≤ 60,31453,16739,3,58,0.981,0.7873,1.2224,0.8081,0.6221,1.0498,,0.3731,0.26624523457647925,0.701767,False,AvsC_1to1_full,C,1,full,365,1y
age_gt70,Age > 70,9965,38227,44,17,0.7726,0.5566,1.0725,0.955,0.7849,1.162,0.3468,0.2865,0.27700134530436976,0.701767,False,AvsC_1to1_full,C,1,full,365,1y
white,White,24421,23771,46,15,0.8555,0.6796,1.0769,0.9601,0.7503,1.2286,0.3013,0.4179,0.5026871826813475,0.701767,False,AvsC_1to1_full,C,1,full,365,1y
black,Black,4341,43851,5,56,0.8127,0.4625,1.4279,0.9121,0.7646,1.0879,,,0.7017666262768506,0.701767,False,AvsC_1to1_full,C,1,full,365,1y
hypertension,Hypertension,15785,32407,41,20,0.8371,0.6339,1.1056,0.9429,0.7633,1.1648,0.3706,0.2933,0.5042472908777852,0.701767,False,AvsC_1to1_full,C,1,full,365,1y
diabetes_any,Diabetes,11235,36957,24,37,0.8302,0.5933,1.1616,0.928,0.764,1.1271,0.2495,,0.573858986903671,0.701767,False,AvsC_1to1_full,C,1,full,365,1y
prior_cvd,Prior CVD,8805,39387,27,34,0.8328,0.5776,1.2006,0.9199,0.7611,1.1119,0.3589,,0.6360828061248545,0.701767,False,AvsC_1to1_full,C,1,full,365,1y
obesity,Obesity,11122,37070,16,45,0.9975,0.7046,1.412,0.876,0.7227,1.0617,,,0.5215955713499868,0.701767,False,AvsC_1to1_full,C,1,full,365,1y
bph,BPH,5037,43155,38,23,0.647,0.4251,0.9849,0.9538,0.7936,1.1463,0.3256,0.3301,0.09715557933692326,0.701767,False,AvsC_1to1_full,C,1,full,365,1y
heart_failure,Heart failure,2048,46144,9,52,0.7459,0.3612,1.5401,0.9102,0.7656,1.0821,0.11,,0.6006767801520101,0.701767,False,AvsC_1to1_full,C,1,full,365,1y
age_le60,Age ≤ 60,31453,16739,9,93,0.9807,0.7886,1.2195,0.7966,0.6244,1.0164,,0.4883,0.21253640213491182,0.535864,False,AvsC_1to1_full,C,1,full,730,2y
age_gt70,Age > 70,9965,38227,75,27,0.7739,0.5746,1.0423,0.946,0.7793,1.1482,0.4893,,0.26793189411688334,0.535864,False,AvsC_1to1_full,C,1,full,730,2y
white,White,24421,23771,73,29,0.8454,0.6783,1.0536,0.9463,0.7443,1.203,0.4502,,0.4975194068153179,0.621899,False,AvsC_1to1_full,C,1,full,730,2y
black,Black,4341,43851,7,95,0.8853,0.5096,1.5378,0.8901,0.7511,1.0548,0.2678,,0.9853645239606481,0.985365,False,AvsC_1to1_full,C,1,full,730,2y
hypertension,Hypertension,15785,32407,74,28,0.8295,0.641,1.0734,0.9331,0.7572,1.15,0.5406,,0.48695578529987255,0.621899,False,AvsC_1to1_full,C,1,full,730,2y
diabetes_any,Diabetes,11235,36957,46,56,0.7589,0.5554,1.0368,0.9429,0.7798,1.1403,0.2835,,0.24422143053058082,0.535864,False,AvsC_1to1_full,C,1,full,730,2y
prior_cvd,Prior CVD,8805,39387,45,57,0.8383,0.5965,1.1781,0.9037,0.7513,1.087,0.5215,,0.7037329816972644,0.781926,False,AvsC_1to1_full,C,1,full,730,2y
obesity,Obesity,11122,37070,26,76,0.9946,0.7117,1.39,0.8611,0.7153,1.0366,,,0.4603785979939473,0.621899,False,AvsC_1to1_full,C,1,full,730,2y
bph,BPH,5037,43155,58,44,0.6555,0.4483,0.9583,0.9447,0.7893,1.1308,0.4673,,0.08827856713997909,0.535864,False,AvsC_1to1_full,C,1,full,730,2y
heart_failure,Heart failure,2048,46144,19,83,0.5525,0.2939,1.0387,0.9177,0.7757,1.0856,0.1974,,0.1278869822125176,0.535864,False,AvsC_1to1_full,C,1,full,730,2y
age_le60,Age ≤ 60,31453,16739,10,136,0.9746,0.784,1.2115,0.7709,0.6149,0.9664,,0.5217,0.1430249945711031,0.696036,False,AvsC_1to1_full,C,1,full,1095,3y
age_gt70,Age > 70,9965,38227,114,32,0.7539,0.5756,0.9875,0.9325,0.7691,1.1305,0.5454,,0.20881073224153657,0.696036,False,AvsC_1to1_full,C,1,full,1095,3y
white,White,24421,23771,100,46,0.837,0.6775,1.0341,0.9007,0.7137,1.1368,0.5093,0.4826,0.6475406278125957,0.875128,False,AvsC_1to1_full,C,1,full,1095,3y
black,Black,4341,43851,12,134,0.8009,0.4727,1.357,0.8711,0.7394,1.0263,0.2492,0.5193,0.7655232863936301,0.875128,False,AvsC_1to1_full,C,1,full,1095,3y
hypertension,Hypertension,15785,32407,100,46,0.8655,0.6778,1.1051,0.8673,0.7074,1.0634,0.688,0.2576,0.9897912283122197,0.989791,False,AvsC_1to1_full,C,1,full,1095,3y
diabetes_any,Diabetes,11235,36957,67,79,0.8176,0.6098,1.096,0.8835,0.7342,1.0632,0.5166,0.4435,0.6612253496275768,0.875128,False,AvsC_1to1_full,C,1,full,1095,3y
prior_cvd,Prior CVD,8805,39387,62,84,0.8978,0.6516,1.2369,0.8536,0.7134,1.0214,0.7335,0.3873,0.7876153098172478,0.875128,False,AvsC_1to1_full,C,1,full,1095,3y
obesity,Obesity,11122,37070,38,108,0.9328,0.6766,1.286,0.8455,0.7068,1.0115,0.6794,,0.6004646708648987,0.875128,False,AvsC_1to1_full,C,1,full,1095,3y
bph,BPH,5037,43155,82,64,0.7849,0.5572,1.1057,0.8811,0.7388,1.0509,0.7405,0.3113,0.55644529955415,0.875128,False,AvsC_1to1_full,C,1,full,1095,3y
heart_failure,Heart failure,2048,46144,22,124,0.5282,0.2872,0.9714,0.8935,0.7598,1.0507,0.1969,0.5836,0.10221575242628898,0.696036,False,AvsC_1to1_full,C,1,full,1095,3y
age_le60,Age ≤ 60,31453,16739,12,190,0.9744,0.7844,1.2105,0.7479,0.6071,0.9213,,0.5277,0.08486459674978152,0.424323,False,AvsC_1to1_full,C,1,full,1825,5y
age_gt70,Age > 70,9965,38227,160,42,0.7056,0.552,0.902,0.9415,0.7784,1.1389,0.5077,,0.06878243509331419,0.424323,False,AvsC_1to1_full,C,1,full,1825,5y
white,White,24421,23771,141,61,0.8051,0.6592,0.9834,0.8969,0.7148,1.1253,0.5037,0.5771,0.4841031889849955,0.806839,False,AvsC_1to1_full,C,1,full,1825,5y
black,Black,4341,43851,14,188,0.8065,0.4804,1.3539,0.8463,0.7235,0.9899,0.3475,0.527,0.8615252112765239,0.927291,False,AvsC_1to1_full,C,1,full,1825,5y
hypertension,Hypertension,15785,32407,144,58,0.8396,0.6697,1.0526,0.8515,0.6967,1.0407,0.6697,0.2862,0.9272910202880945,0.927291,False,AvsC_1to1_full,C,1,full,1825,5y
diabetes_any,Diabetes,11235,36957,98,104,0.7451,0.5681,0.9774,0.8901,0.7433,1.0659,0.4543,0.5516,0.2846118490242348,0.806839,False,AvsC_1to1_full,C,1,full,1825,5y
prior_cvd,Prior CVD,8805,39387,89,113,0.893,0.6647,1.1997,0.8245,0.6926,0.9815,0.7281,0.3942,0.6482208289405762,0.860019,False,AvsC_1to1_full,C,1,full,1825,5y
obesity,Obesity,11122,37070,64,138,0.8,0.5946,1.0763,0.8584,0.7214,1.0215,0.4193,,0.6880151592175159,0.860019,False,AvsC_1to1_full,C,1,full,1825,5y
bph,BPH,5037,43155,120,82,0.7617,0.5628,1.0307,0.8651,0.7276,1.0285,0.7043,0.3336,0.4740901484023529,0.806839,False,AvsC_1to1_full,C,1,full,1825,5y
heart_failure,Heart failure,2048,46144,28,174,0.6835,0.3876,1.2054,0.8542,0.7311,0.998,0.3729,0.539,0.45759414708056184,0.806839,False,AvsC_1to1_full,C,1,full,1825,5y
age_gt70,Age > 70,9706,38486,13,6,1.2667,0.8715,1.8411,1.0103,0.8286,1.2318,,2.0076,0.29494169059502373,0.589883,False,AvsC_1to1_simple,C,1,simple,365,1y
white,White,24345,23847,12,7,1.0984,0.8595,1.4038,1.0248,0.798,1.3161,,2.5087,0.6980117125325476,0.698012,False,AvsC_1to1_simple,C,1,simple,365,1y
age_le60,Age ≤ 60,31935,16257,5,54,1.0062,0.8094,1.2509,1.097,0.8404,1.4319,1.6085,1.4601,0.622574677771017,0.843453,False,AvsC_1to1_simple,C,1,simple,730,2y
age_gt70,Age > 70,9706,38486,49,10,1.0711,0.7744,1.4816,1.0309,0.8463,1.2557,1.2302,4.078,0.8434534809853914,0.843453,False,AvsC_1to1_simple,C,1,simple,730,2y
white,White,24345,23847,24,35,1.1966,0.9415,1.5208,0.9096,0.7177,1.153,,0.4515,0.11088104732498791,0.332643,False,AvsC_1to1_simple,C,1,simple,730,2y
age_le60,Age ≤ 60,31935,16257,5,110,1.0062,0.8094,1.2509,0.9142,0.7209,1.1593,1.6085,0.7962,0.5596699463565062,0.55967,False,AvsC_1to1_simple,C,1,simple,1095,3y
age_gt70,Age > 70,9706,38486,104,11,0.8314,0.6303,1.0968,1.036,0.8508,1.2616,0.6907,,0.20452945566470715,0.409059,False,AvsC_1to1_simple,C,1,simple,1095,3y
white,White,24345,23847,36,79,1.2942,1.0234,1.6366,0.7432,0.5961,0.9266,,0.2409,0.0007374970286657085,0.00295,True,AvsC_1to1_simple,C,1,simple,1095,3y
black,Black,4441,43751,3,112,1.1383,0.6441,2.0115,0.9498,0.8035,1.1226,,0.7693,0.5498812604416982,0.55967,False,AvsC_1to1_simple,C,1,simple,1095,3y
age_le60,Age ≤ 60,31935,16257,6,134,1.0124,0.8146,1.2581,1.0531,0.8387,1.3223,2.1095,1.1301,0.8060999662666123,0.844453,False,AvsC_1to1_simple,C,1,simple,1825,5y
age_gt70,Age > 70,9706,38486,123,17,0.9663,0.7419,1.2586,1.0669,0.8774,1.2973,0.9492,7.5983,0.5548757862773002,0.844453,False,AvsC_1to1_simple,C,1,simple,1825,5y
white,White,24345,23847,52,88,1.4233,1.1323,1.7889,0.7726,0.6216,0.9603,,0.3374,0.00014783392299499957,0.000591,True,AvsC_1to1_simple,C,1,simple,1825,5y
black,Black,4441,43751,6,134,1.0887,0.6267,1.891,1.0277,0.8723,1.2108,2.0799,1.1294,0.8444534507124837,0.844453,False,AvsC_1to1_simple,C,1,simple,1825,5y
age_le60,Age ≤ 60,46861,25422,4,102,0.9872,0.8162,1.1941,0.8024,0.641,1.0046,,0.3558,0.16760172630006193,0.528221,False,AvsC_1to2_full,C,2,full,365,1y
age_gt70,Age > 70,15175,57108,65,41,0.8297,0.6224,1.106,0.9294,0.7859,1.099,0.4022,0.1792,0.5039193630310046,0.721378,False,AvsC_1to2_full,C,2,full,365,1y
white,White,36823,35460,76,30,0.8695,0.7131,1.0601,0.9409,0.7614,1.1628,0.3426,,0.5938253825647413,0.721378,False,AvsC_1to2_full,C,2,full,365,1y
black,Black,6341,65942,10,96,0.81,0.4991,1.3144,0.9112,0.783,1.0603,,,0.6492404857935365,0.721378,False,AvsC_1to2_full,C,2,full,365,1y
hypertension,Hypertension,23457,48826,81,25,0.7984,0.6307,1.0108,0.9709,0.808,1.1667,,0.4301,0.19963506067923617,0.528221,False,AvsC_1to2_full,C,2,full,365,1y
diabetes_any,Diabetes,16832,55451,54,52,0.7731,0.584,1.0234,0.9527,0.8045,1.1283,0.1911,,0.21128844367720442,0.528221,False,AvsC_1to2_full,C,2,full,365,1y
prior_cvd,Prior CVD,12991,59292,48,58,0.8153,0.5978,1.1119,0.9246,0.7851,1.089,0.3155,,0.4820841221301142,0.721378,False,AvsC_1to2_full,C,2,full,365,1y
obesity,Obesity,16652,55631,33,73,0.9283,0.6912,1.2466,0.8935,0.7569,1.0549,0.5177,,0.824846468938215,0.824846,False,AvsC_1to2_full,C,2,full,365,1y
bph,BPH,7329,64954,65,41,0.664,0.4647,0.9488,0.952,0.8122,1.1159,0.3379,,0.07066339535126497,0.528221,False,AvsC_1to2_full,C,2,full,365,1y
heart_failure,Heart failure,2931,69352,15,91,0.752,0.4074,1.388,0.9092,0.7835,1.0552,0.0931,,0.5552606684268309,0.721378,False,AvsC_1to2_full,C,2,full,365,1y
age_le60,Age ≤ 60,46861,25422,16,164,0.9773,0.8099,1.1792,0.7771,0.6308,0.9573,0.4277,0.4607,0.10945048094879839,0.313789,False,AvsC_1to2_full,C,2,full,730,2y
age_gt70,Age > 70,15175,57108,121,59,0.7962,0.615,1.0309,0.9162,0.7766,1.0809,0.5391,,0.3695750709285297,0.508166,False,AvsC_1to2_full,C,2,full,730,2y
male,Male,25928,46355,176,4,0.758,0.6195,0.9276,0.9873,0.8142,1.1972,0.4505,,0.06345943566105534,0.313789,False,AvsC_1to2_full,C,2,full,730,2y
white,White,36823,35460,133,47,0.8232,0.6825,0.9928,0.945,0.7681,1.1626,0.4179,,0.3330556721567179,0.508166,False,AvsC_1to2_full,C,2,full,730,2y
black,Black,6341,65942,12,168,0.8786,0.5454,1.4154,0.8745,0.7564,1.0111,0.2383,,0.9853246806958893,0.985325,False,AvsC_1to2_full,C,2,full,730,2y
hypertension,Hypertension,23457,48826,143,37,0.7664,0.6167,0.9523,0.9629,0.803,1.1546,0.426,0.4999,0.1141049901813405,0.313789,False,AvsC_1to2_full,C,2,full,730,2y
diabetes_any,Diabetes,16832,55451,85,95,0.7417,0.5694,0.966,0.9316,0.7911,1.0971,0.2842,0.5743,0.15052273076090272,0.33115,False,AvsC_1to2_full,C,2,full,730,2y
prior_cvd,Prior CVD,12991,59292,76,104,0.8139,0.6096,1.0867,0.8916,0.761,1.0447,0.4411,,0.5876930656722883,0.711812,False,AvsC_1to2_full,C,2,full,730,2y
obesity,Obesity,16652,55631,48,132,0.928,0.6984,1.2333,0.86,0.7335,1.0083,,,0.6471020435516308,0.711812,False,AvsC_1to2_full,C,2,full,730,2y
bph,BPH,7329,64954,104,76,0.6289,0.4567,0.8661,0.9393,0.8044,1.0969,0.395,0.4892,0.027019349439151182,0.297213,False,AvsC_1to2_full,C,2,full,730,2y
heart_failure,Heart failure,2931,69352,29,151,0.6162,0.3562,1.0661,0.8948,0.775,1.0331,0.1658,,0.19696632141509124,0.361105,False,AvsC_1to2_full,C,2,full,730,2y
age_le60,Age ≤ 60,46861,25422,19,230,0.9682,0.8028,1.1677,0.7621,0.6273,0.9259,0.3153,0.5025,0.08248190327101956,0.45365,False,AvsC_1to2_full,C,2,full,1095,3y
age_gt70,Age > 70,15175,57108,180,69,0.783,0.6188,0.9907,0.9015,0.7651,1.0623,0.5792,,0.3356291531580126,0.61532,False,AvsC_1to2_full,C,2,full,1095,3y
male,Male,25928,46355,245,4,0.7355,0.609,0.8883,0.9873,0.8142,1.1972,0.4822,,0.03243600854933587,0.356796,False,AvsC_1to2_full,C,2,full,1095,3y
white,White,36823,35460,175,74,0.818,0.683,0.9796,0.9047,0.7401,1.1059,0.482,0.4586,0.4644196366219916,0.690288,False,AvsC_1to2_full,C,2,full,1095,3y
black,Black,6341,65942,21,228,0.7906,0.5025,1.2439,0.8606,0.7479,0.9902,0.2114,0.5005,0.725973311508276,0.813686,False,AvsC_1to2_full,C,2,full,1095,3y
hypertension,Hypertension,23457,48826,187,62,0.785,0.6391,0.9642,0.9148,0.7659,1.0926,0.5231,0.3524,0.26968450424427987,0.593306,False,AvsC_1to2_full,C,2,full,1095,3y
diabetes_any,Diabetes,16832,55451,115,134,0.7947,0.6194,1.0196,0.8794,0.75,1.0311,0.4753,0.4368,0.502027885091219,0.690288,False,AvsC_1to2_full,C,2,full,1095,3y
prior_cvd,Prior CVD,12991,59292,109,140,0.8191,0.6261,1.0716,0.8633,0.7396,1.0078,0.5321,0.4078,0.739714172559383,0.813686,False,AvsC_1to2_full,C,2,full,1095,3y
obesity,Obesity,16652,55631,76,173,0.836,0.6389,1.0938,0.8612,0.7378,1.0052,0.4307,,0.8511211395255343,0.851121,False,AvsC_1to2_full,C,2,full,1095,3y
bph,BPH,7329,64954,143,106,0.7149,0.5364,0.9529,0.8924,0.7664,1.0391,0.5882,0.3327,0.1812614221551676,0.583063,False,AvsC_1to2_full,C,2,full,1095,3y
heart_failure,Heart failure,2931,69352,32,217,0.6144,0.36,1.0486,0.8733,0.7603,1.0032,0.1954,0.5294,0.21202291512706226,0.583063,False,AvsC_1to2_full,C,2,full,1095,3y
age_le60,Age ≤ 60,46861,25422,22,306,0.968,0.8031,1.1667,0.7608,0.6346,0.912,0.4035,0.5408,0.06971153983260793,0.383413,False,AvsC_1to2_full,C,2,full,1825,5y
age_gt70,Age > 70,15175,57108,240,88,0.7705,0.6202,0.9572,0.8997,0.7654,1.0577,0.5798,,0.2615469515380954,0.599713,False,AvsC_1to2_full,C,2,full,1825,5y
male,Male,25928,46355,324,4,0.7351,0.6165,0.8767,0.9873,0.8142,1.1972,0.5268,,0.026791356727485133,0.294705,False,AvsC_1to2_full,C,2,full,1825,5y
white,White,36823,35460,231,97,0.8104,0.6823,0.9625,0.8988,0.739,1.0931,0.5236,0.5315,0.4361548197488324,0.599713,False,AvsC_1to2_full,C,2,full,1825,5y
black,Black,6341,65942,27,301,0.7544,0.4862,1.1706,0.8548,0.7468,0.9783,0.1963,0.552,0.5941488131511536,0.695551,False,AvsC_1to2_full,C,2,full,1825,5y
hypertension,Hypertension,23457,48826,247,81,0.7931,0.6541,0.9616,0.8987,0.7546,1.0702,0.581,0.3673,0.3461913803705151,0.599713,False,AvsC_1to2_full,C,2,full,1825,5y
diabetes_any,Diabetes,16832,55451,153,175,0.7768,0.6141,0.9826,0.8777,0.7519,1.0246,0.5014,0.5124,0.3949612734671323,0.599713,False,AvsC_1to2_full,C,2,full,1825,5y
prior_cvd,Prior CVD,12991,59292,149,179,0.8268,0.6448,1.0603,0.8485,0.7296,0.9868,0.5812,0.4406,0.8614428433166379,0.861443,False,AvsC_1to2_full,C,2,full,1825,5y
obesity,Obesity,16652,55631,114,214,0.7639,0.5939,0.9825,0.8777,0.7551,1.0202,0.3662,,0.3533008271194217,0.599713,False,AvsC_1to2_full,C,2,full,1825,5y
bph,BPH,7329,64954,198,130,0.7235,0.5594,0.9359,0.8853,0.762,1.0285,0.6249,0.3691,0.18410672997456534,0.599713,False,AvsC_1to2_full,C,2,full,1825,5y
heart_failure,Heart failure,2931,69352,40,288,0.7524,0.4596,1.2316,0.8523,0.7455,0.9743,0.357,0.5369,0.6323190106806975,0.695551,False,AvsC_1to2_full,C,2,full,1825,5y
age_gt70,Age > 70,14556,57732,14,6,1.264,0.9104,1.7548,1.0156,0.8549,1.2063,26.1443,,0.24711976162221394,0.49424,False,AvsC_1to2_simple,C,2,simple,365,1y
white,White,36505,35783,12,8,1.1,0.8881,1.3624,1.0292,0.8281,1.2792,,,0.6690436552761118,0.669044,False,AvsC_1to2_simple,C,2,simple,365,1y
age_le60,Age ≤ 60,47905,24383,5,55,1.0125,0.8381,1.2231,1.2274,0.9663,1.559,3.222,2.8126,0.2158703582818166,0.332683,False,AvsC_1to2_simple,C,2,simple,730,2y
age_gt70,Age > 70,14556,57732,50,10,1.2663,0.9431,1.7003,1.0364,0.873,1.2304,2.374,8.1608,0.2495123688613874,0.332683,False,AvsC_1to2_simple,C,2,simple,730,2y
white,White,36505,35783,24,36,1.2027,0.9745,1.4843,0.9889,0.8019,1.2196,,0.8797,0.1964776106959013,0.332683,False,AvsC_1to2_simple,C,2,simple,730,2y
black,Black,6707,65581,3,57,1.0693,0.6486,1.7629,1.092,0.9347,1.2756,4.2494,2.7763,0.9373192938001791,0.937319,False,AvsC_1to2_simple,C,2,simple,730,2y
age_le60,Age ≤ 60,47905,24383,5,111,1.0125,0.8381,1.2231,1.1633,0.9344,1.4483,3.222,1.5961,0.3470163775194588,0.694033,False,AvsC_1to2_simple,C,2,simple,1095,3y
age_gt70,Age > 70,14556,57732,105,11,1.1528,0.8887,1.4955,1.0417,0.8776,1.2364,1.4044,9.1603,0.5238317899230984,0.698442,False,AvsC_1to2_simple,C,2,simple,1095,3y
white,White,36505,35783,36,80,1.3075,1.0632,1.608,0.8961,0.7341,1.094,,0.4917,0.009967557923091107,0.03987,True,AvsC_1to2_simple,C,2,simple,1095,3y
black,Black,6707,65581,4,112,1.1156,0.6793,1.8324,1.0702,0.9214,1.2431,6.302,1.5697,0.8751463521801797,0.875146,False,AvsC_1to2_simple,C,2,simple,1095,3y
age_le60,Age ≤ 60,47905,24383,6,251,1.0187,0.8435,1.2304,0.8904,0.7372,1.0756,,0.7826,0.3231500965985302,0.6463,False,AvsC_1to2_simple,C,2,simple,1825,5y
age_gt70,Age > 70,14556,57732,124,133,1.3567,1.0582,1.7394,0.8295,0.709,0.9705,1.9211,0.2447,0.0010349668273351013,0.00414,True,AvsC_1to2_simple,C,2,simple,1825,5y
white,White,36505,35783,168,89,0.9672,0.8076,1.1584,0.9354,0.7679,1.1393,0.8923,0.6901,0.8063396712315014,0.80634,False,AvsC_1to2_simple,C,2,simple,1825,5y
black,Black,6707,65581,7,250,1.1127,0.6846,1.8086,0.9402,0.8186,1.0798,2.7663,0.7874,0.5133173496060222,0.684423,False,AvsC_1to2_simple,C,2,simple,1825,5y
