cell,comparator,ratio,adjustment,seed,window_days,window_label,n_treat,n_ctrl,events_treat,events_ctrl,status,hr,ci_lower,ci_upper,p_value,n_events,n,concordance
AvsB_1to1_full,B,1,full,0,365,1y,24096,24096,17,55,success,0.8691,0.7357,1.0266,0.0987594561161349,72,48192,0.9644
AvsB_1to1_full,B,1,full,0,730,2y,24096,24096,35,85,success,0.8415,0.7172,0.9874,0.034389584515699366,120,48192,0.9677
AvsB_1to1_full,B,1,full,0,1095,3y,24096,24096,52,105,success,0.8392,0.7185,0.98,0.026767989060592648,157,48192,0.9685
AvsB_1to1_full,B,1,full,0,1825,5y,24096,24096,75,141,success,0.8161,0.7035,0.9468,0.007334612888729661,216,48192,0.9707
AvsB_1to1_full,B,1,full,1,365,1y,24096,24096,17,35,success,0.9327,0.7872,1.1052,0.4211443147698557,52,48192,0.9558
AvsB_1to1_full,B,1,full,1,730,2y,24096,24096,35,54,success,0.931,0.7901,1.0969,0.3927886330884146,89,48192,0.9586
AvsB_1to1_full,B,1,full,1,1095,3y,24096,24096,52,84,success,0.8932,0.7629,1.0458,0.1605716624489659,136,48192,0.9644
AvsB_1to1_full,B,1,full,1,1825,5y,24096,24096,75,105,success,0.9016,0.7741,1.05,0.18263547367087063,180,48192,0.9668
AvsB_1to1_full,B,1,full,2,365,1y,24096,24096,17,38,success,0.9234,0.7797,1.0936,0.3558075368917627,55,48192,0.9555
AvsB_1to1_full,B,1,full,2,730,2y,24096,24096,35,59,success,0.9167,0.7785,1.0793,0.29655427972478465,94,48192,0.9581
AvsB_1to1_full,B,1,full,2,1095,3y,24096,24096,52,80,success,0.9072,0.7744,1.0627,0.2276099009729141,132,48192,0.9633
AvsB_1to1_full,B,1,full,2,1825,5y,24096,24096,75,101,success,0.9164,0.7865,1.0678,0.2630469400624095,176,48192,0.9665
AvsB_1to1_full,B,1,full,3,365,1y,24096,24096,17,52,success,0.8788,0.7436,1.0385,0.1293944869362375,69,48192,0.9608
AvsB_1to1_full,B,1,full,3,730,2y,24096,24096,35,68,success,0.8897,0.7566,1.0463,0.157869853317304,103,48192,0.9626
AvsB_1to1_full,B,1,full,3,1095,3y,24096,24096,52,91,success,0.877,0.7497,1.0259,0.10101888563940113,143,48192,0.9649
AvsB_1to1_full,B,1,full,3,1825,5y,24096,24096,75,121,success,0.8654,0.7444,1.0061,0.05996905657937596,196,48192,0.9686
AvsB_1to1_full,B,1,full,4,365,1y,24096,24096,17,59,success,0.8575,0.7263,1.0123,0.06948267406688888,76,48192,0.9658
AvsB_1to1_full,B,1,full,4,730,2y,24096,24096,35,87,success,0.8362,0.7128,0.9809,0.028013748398304526,122,48192,0.9662
AvsB_1to1_full,B,1,full,4,1095,3y,24096,24096,52,103,success,0.8441,0.7226,0.9861,0.03261397608949234,155,48192,0.9665
AvsB_1to1_full,B,1,full,4,1825,5y,24096,24096,75,129,success,0.8435,0.7262,0.9798,0.025934310608387672,204,48192,0.9697
AvsB_1to1_full,B,1,full,5,365,1y,24096,24096,17,65,success,0.8399,0.712,0.9907,0.03832061387124469,82,48192,0.9648
AvsB_1to1_full,B,1,full,5,730,2y,24096,24096,35,81,success,0.8514,0.7252,0.9995,0.04929960155279051,116,48192,0.9643
AvsB_1to1_full,B,1,full,5,1095,3y,24096,24096,52,100,success,0.8501,0.7275,0.9934,0.04103095609082337,152,48192,0.967
AvsB_1to1_full,B,1,full,5,1825,5y,24096,24096,75,127,success,0.846,0.7282,0.9829,0.028897568894279375,202,48192,0.969
AvsB_1to1_full,B,1,full,6,365,1y,24096,24096,17,39,success,0.9198,0.7768,1.0892,0.33251522829212116,56,48192,0.956
AvsB_1to1_full,B,1,full,6,730,2y,24096,24096,35,72,success,0.8773,0.7464,1.0311,0.11220159274509842,107,48192,0.9615
AvsB_1to1_full,B,1,full,6,1095,3y,24096,24096,52,97,success,0.8593,0.7351,1.0045,0.05701741858568504,149,48192,0.9647
AvsB_1to1_full,B,1,full,6,1825,5y,24096,24096,75,120,success,0.8646,0.7436,1.0053,0.058602072961180196,195,48192,0.9672
AvsB_1to1_full,B,1,full,7,365,1y,24096,24096,17,30,success,0.9505,0.8015,1.1271,0.5591635841218116,47,48192,0.9534
AvsB_1to1_full,B,1,full,7,730,2y,24096,24096,35,64,success,0.9002,0.7651,1.0593,0.20543520771386736,99,48192,0.9596
AvsB_1to1_full,B,1,full,7,1095,3y,24096,24096,52,89,success,0.88,0.7521,1.0297,0.11085530853537578,141,48192,0.9632
AvsB_1to1_full,B,1,full,7,1825,5y,24096,24096,75,120,success,0.8637,0.7429,1.0042,0.05676760275273759,195,48192,0.9665
AvsB_1to1_full,B,1,full,8,365,1y,24096,24096,17,48,success,0.8907,0.7532,1.0533,0.17609006113833492,65,48192,0.9639
AvsB_1to1_full,B,1,full,8,730,2y,24096,24096,35,78,success,0.8608,0.733,1.0109,0.06765906303795532,113,48192,0.9639
AvsB_1to1_full,B,1,full,8,1095,3y,24096,24096,52,97,success,0.8601,0.7358,1.0055,0.058608334440696165,149,48192,0.9656
AvsB_1to1_full,B,1,full,8,1825,5y,24096,24096,75,120,success,0.8655,0.7444,1.0063,0.060390552590461645,195,48192,0.9665
AvsB_1to1_full,B,1,full,9,365,1y,24096,24096,17,29,success,0.9542,0.8045,1.1317,0.5899350039144711,46,48192,0.9518
AvsB_1to1_full,B,1,full,9,730,2y,24096,24096,35,55,success,0.9287,0.7883,1.0942,0.37672136954707547,90,48192,0.9577
AvsB_1to1_full,B,1,full,9,1095,3y,24096,24096,52,65,success,0.9515,0.8106,1.1167,0.542581562568663,117,48192,0.9621
AvsB_1to1_full,B,1,full,9,1825,5y,24096,24096,75,88,success,0.9514,0.8153,1.1102,0.5266225261914497,163,48192,0.9666
AvsB_1to1_simple,B,1,simple,0,365,1y,24063,24063,17,40,success,0.9178,0.7751,1.0867,0.319631910976875,57,48126,0.943
AvsB_1to1_simple,B,1,simple,0,730,2y,24063,24063,35,40,success,0.9818,0.8314,1.1593,0.8282301981633474,75,48126,0.9451
AvsB_1to1_simple,B,1,simple,0,1095,3y,24063,24063,52,57,success,0.9825,0.8361,1.1545,0.8302072453837945,109,48126,0.9513
AvsB_1to1_simple,B,1,simple,0,1825,5y,24063,24063,75,57,success,1.0597,0.9046,1.2415,0.47273255383510837,132,48126,0.9512
AvsB_1to2_full,B,2,full,0,365,1y,24096,48192,17,91,success,0.8991,0.7781,1.0388,0.1489845364753785,108,72288,0.966
AvsB_1to2_full,B,2,full,0,730,2y,24096,48192,35,144,success,0.8775,0.7637,1.0082,0.06514031383922499,179,72288,0.9688
AvsB_1to2_full,B,2,full,0,1095,3y,24096,48192,52,177,success,0.8818,0.7702,1.0095,0.06820950575849989,229,72288,0.9697
AvsB_1to2_full,B,2,full,0,1825,5y,24096,48192,75,245,success,0.8574,0.7533,0.9759,0.019827408568770636,320,72288,0.9711
AvsB_1to2_full,B,2,full,1,365,1y,24096,48192,17,80,success,0.916,0.7921,1.0594,0.23697751448716006,97,72288,0.9614
AvsB_1to2_full,B,2,full,1,730,2y,24096,48192,35,131,success,0.8952,0.7784,1.0295,0.12063540577722387,166,72288,0.9637
AvsB_1to2_full,B,2,full,1,1095,3y,24096,48192,52,175,success,0.8833,0.7715,1.0113,0.0722555630322581,227,72288,0.9666
AvsB_1to2_full,B,2,full,1,1825,5y,24096,48192,75,248,success,0.8532,0.7498,0.971,0.016121727602623842,323,72288,0.9698
AvsB_1to2_full,B,2,full,2,365,1y,24096,48186,17,77,success,0.9223,0.7973,1.067,0.2766188733385328,94,72282,0.9584
AvsB_1to2_full,B,2,full,2,730,2y,24096,48186,35,124,success,0.9083,0.7893,1.0451,0.17892723868193164,159,72282,0.9597
AvsB_1to2_full,B,2,full,2,1095,3y,24096,48186,52,174,success,0.889,0.7763,1.018,0.08869046930951359,226,72282,0.9648
AvsB_1to2_full,B,2,full,2,1825,5y,24096,48186,75,237,success,0.8728,0.7664,0.9939,0.040212680415655004,312,72282,0.9683
AvsB_1to2_full,B,2,full,3,365,1y,24096,48192,17,115,success,0.8641,0.7492,0.9966,0.04473346721715492,132,72288,0.9655
AvsB_1to2_full,B,2,full,3,730,2y,24096,48192,35,148,success,0.8734,0.7603,1.0033,0.05561997121494028,183,72288,0.9662
AvsB_1to2_full,B,2,full,3,1095,3y,24096,48192,52,189,success,0.8681,0.7588,0.9931,0.03929804318299863,241,72288,0.9682
AvsB_1to2_full,B,2,full,3,1825,5y,24096,48192,75,249,success,0.8567,0.7528,0.975,0.019112323294844403,324,72288,0.9715
AvsB_1to2_full,B,2,full,4,365,1y,24096,48192,17,100,success,0.8842,0.7658,1.021,0.09352728089883154,117,72288,0.9668
AvsB_1to2_full,B,2,full,4,730,2y,24096,48192,35,144,success,0.8759,0.7623,1.0064,0.06145946286952983,179,72288,0.9664
AvsB_1to2_full,B,2,full,4,1095,3y,24096,48192,52,184,success,0.8705,0.7608,0.9961,0.04372619354341045,236,72288,0.9675
AvsB_1to2_full,B,2,full,4,1825,5y,24096,48192,75,236,success,0.8671,0.7615,0.9874,0.03148503420619607,311,72288,0.97
AvsB_1to2_full,B,2,full,5,365,1y,24096,48192,17,117,success,0.8595,0.7453,0.9911,0.037236001495928366,134,72288,0.966
AvsB_1to2_full,B,2,full,5,730,2y,24096,48192,35,148,success,0.871,0.7583,1.0005,0.05089100253619276,183,72288,0.9657
AvsB_1to2_full,B,2,full,5,1095,3y,24096,48192,52,183,success,0.8722,0.7621,0.9981,0.046796866758705064,235,72288,0.9682
AvsB_1to2_full,B,2,full,5,1825,5y,24096,48192,75,231,success,0.873,0.7664,0.9943,0.040756299380762695,306,72288,0.9695
AvsB_1to2_full,B,2,full,6,365,1y,24096,48192,17,91,success,0.8994,0.7783,1.0392,0.15024328690313696,108,72288,0.9578
AvsB_1to2_full,B,2,full,6,730,2y,24096,48192,35,143,success,0.8791,0.7651,1.0102,0.06929324069962606,178,72288,0.9633
AvsB_1to2_full,B,2,full,6,1095,3y,24096,48192,52,191,success,0.8633,0.7547,0.9874,0.03200843851236139,243,72288,0.9669
AvsB_1to2_full,B,2,full,6,1825,5y,24096,48192,75,231,success,0.8747,0.7679,0.9963,0.04383939852249805,306,72288,0.9688
AvsB_1to2_full,B,2,full,7,365,1y,24096,48188,17,66,success,0.9397,0.8116,1.0881,0.4059556244572984,83,72284,0.9586
AvsB_1to2_full,B,2,full,7,730,2y,24096,48188,35,123,success,0.9071,0.7883,1.0437,0.17319337952205094,158,72284,0.9623
AvsB_1to2_full,B,2,full,7,1095,3y,24096,48188,52,154,success,0.9126,0.796,1.0462,0.1895982051227766,206,72284,0.9645
AvsB_1to2_full,B,2,full,7,1825,5y,24096,48188,75,232,success,0.8716,0.7653,0.9927,0.038378272543313316,307,72284,0.9681
AvsB_1to2_full,B,2,full,8,365,1y,24096,48192,17,109,success,0.8725,0.7562,1.0068,0.06186234371183601,126,72288,0.9651
AvsB_1to2_full,B,2,full,8,730,2y,24096,48192,35,152,success,0.8679,0.7557,0.9967,0.044776795640625255,187,72288,0.9663
AvsB_1to2_full,B,2,full,8,1095,3y,24096,48192,52,186,success,0.8721,0.7621,0.9979,0.0464675983016608,238,72288,0.9675
AvsB_1to2_full,B,2,full,8,1825,5y,24096,48192,75,228,success,0.8814,0.7737,1.0042,0.05785485991359196,303,72288,0.9682
AvsB_1to2_full,B,2,full,9,365,1y,24096,48192,17,81,success,0.9152,0.7914,1.0584,0.2320863624199767,98,72288,0.9601
AvsB_1to2_full,B,2,full,9,730,2y,24096,48192,35,131,success,0.8969,0.7799,1.0315,0.127149376405779,166,72288,0.9642
AvsB_1to2_full,B,2,full,9,1095,3y,24096,48192,52,155,success,0.9136,0.7969,1.0474,0.19507586922078668,207,72288,0.9668
AvsB_1to2_full,B,2,full,9,1825,5y,24096,48192,75,205,success,0.9106,0.7983,1.0388,0.16335567224208813,280,72288,0.97
AvsB_1to2_simple,B,2,simple,0,365,1y,24063,48126,17,86,success,0.9092,0.7864,1.0511,0.1982881199965831,103,72189,0.9638
AvsB_1to2_simple,B,2,simple,0,730,2y,24063,48126,35,153,success,0.8708,0.7582,1.0002,0.050324795142006905,188,72189,0.9634
AvsB_1to2_simple,B,2,simple,0,1095,3y,24063,48126,52,170,success,0.899,0.7848,1.0299,0.12473353489957077,222,72189,0.957
AvsB_1to2_simple,B,2,simple,0,1825,5y,24063,48126,75,178,success,0.9565,0.8371,1.093,0.5137212198474979,253,72189,0.9584
AvsC_1to1_full,C,1,full,0,365,1y,24096,24096,17,44,success,0.9027,0.7629,1.0681,0.23318987984478082,61,48192,0.9548
AvsC_1to1_full,C,1,full,0,730,2y,24096,24096,35,67,success,0.8899,0.7566,1.0467,0.1589304443537966,102,48192,0.9516
AvsC_1to1_full,C,1,full,0,1095,3y,24096,24096,52,94,success,0.865,0.7396,1.0115,0.06924683616337925,146,48192,0.9603
AvsC_1to1_full,C,1,full,0,1825,5y,24096,24096,75,127,success,0.8435,0.726,0.9801,0.026215069957627516,202,48192,0.9656
AvsC_1to1_full,C,1,full,1,365,1y,24096,24096,17,50,success,0.8842,0.748,1.0453,0.1495122355145038,67,48192,0.9597
AvsC_1to1_full,C,1,full,1,730,2y,24096,24096,35,84,success,0.8432,0.7185,0.9895,0.03665119893921787,119,48192,0.9634
AvsC_1to1_full,C,1,full,1,1095,3y,24096,24096,52,96,success,0.8604,0.7359,1.0059,0.059343699027861574,148,48192,0.9625
AvsC_1to1_full,C,1,full,1,1825,5y,24096,24096,75,124,success,0.8523,0.7333,0.9906,0.03718628693983187,199,48192,0.9652
AvsC_1to1_full,C,1,full,2,365,1y,24096,24096,17,61,success,0.8527,0.7225,1.0064,0.05945157876358963,78,48192,0.9573
AvsC_1to1_full,C,1,full,2,730,2y,24096,24096,35,86,success,0.8408,0.7167,0.9865,0.033427289539363865,121,48192,0.9592
AvsC_1to1_full,C,1,full,2,1095,3y,24096,24096,52,97,success,0.8625,0.7378,1.0082,0.0633002807631154,149,48192,0.9618
AvsC_1to1_full,C,1,full,2,1825,5y,24096,24096,75,138,success,0.8286,0.7139,0.9616,0.013311429458875267,213,48192,0.9665
AvsC_1to1_full,C,1,full,3,365,1y,24096,24096,17,53,success,0.8759,0.7412,1.0349,0.11957659891328885,70,48192,0.9575
AvsC_1to1_full,C,1,full,3,730,2y,24096,24096,35,76,success,0.8666,0.7377,1.0181,0.08151760803690408,111,48192,0.9603
AvsC_1to1_full,C,1,full,3,1095,3y,24096,24096,52,95,success,0.8657,0.7404,1.0122,0.07068435604814863,147,48192,0.9628
AvsC_1to1_full,C,1,full,3,1825,5y,24096,24096,75,118,success,0.8706,0.7486,1.0125,0.07209259249633677,193,48192,0.9658
AvsC_1to1_full,C,1,full,4,365,1y,24096,24096,17,62,success,0.8493,0.7197,1.0022,0.05317993059942385,79,48192,0.9622
AvsC_1to1_full,C,1,full,4,730,2y,24096,24096,35,85,success,0.8421,0.7177,0.9881,0.03511734905977223,120,48192,0.9637
AvsC_1to1_full,C,1,full,4,1095,3y,24096,24096,52,109,success,0.829,0.7102,0.9678,0.01755779056758468,161,48192,0.9611
AvsC_1to1_full,C,1,full,4,1825,5y,24096,24096,75,149,success,0.7977,0.6881,0.9247,0.0027168276939873066,224,48192,0.9649
AvsC_1to1_full,C,1,full,5,365,1y,24096,24096,17,30,success,0.9502,0.8013,1.1268,0.5568603033822641,47,48192,0.9603
AvsC_1to1_full,C,1,full,5,730,2y,24096,24096,35,49,success,0.9472,0.8033,1.1169,0.518960824402741,84,48192,0.9608
AvsC_1to1_full,C,1,full,5,1095,3y,24096,24096,52,64,success,0.9531,0.8119,1.1189,0.5574024132000375,116,48192,0.9619
AvsC_1to1_full,C,1,full,5,1825,5y,24096,24096,75,78,success,0.9786,0.8376,1.1433,0.7849793621861461,153,48192,0.9649
AvsC_1to1_full,C,1,full,6,365,1y,24096,24096,17,58,success,0.8614,0.7295,1.0171,0.07844279255426219,75,48192,0.9537
AvsC_1to1_full,C,1,full,6,730,2y,24096,24096,35,78,success,0.8619,0.7339,1.0123,0.0700833641407373,113,48192,0.9577
AvsC_1to1_full,C,1,full,6,1095,3y,24096,24096,52,93,success,0.8722,0.7457,1.0201,0.08703578922412912,145,48192,0.9604
AvsC_1to1_full,C,1,full,6,1825,5y,24096,24096,75,130,success,0.8445,0.7271,0.9809,0.02691455154554606,205,48192,0.9662
AvsC_1to1_full,C,1,full,7,365,1y,24096,24096,17,76,success,0.8105,0.6882,0.9546,0.011832779029810675,93,48192,0.9619
AvsC_1to1_full,C,1,full,7,730,2y,24096,24096,35,97,success,0.8102,0.6915,0.9492,0.00919006325914937,132,48192,0.9615
AvsC_1to1_full,C,1,full,7,1095,3y,24096,24096,52,134,success,0.7698,0.6613,0.8961,0.0007388227494887166,186,48192,0.9661
AvsC_1to1_full,C,1,full,7,1825,5y,24096,24096,75,170,success,0.7545,0.6521,0.8729,0.00015183318919464043,245,48192,0.9705
AvsC_1to1_full,C,1,full,8,365,1y,24096,24096,17,42,success,0.9095,0.7684,1.0765,0.27016883465384245,59,48192,0.958
AvsC_1to1_full,C,1,full,8,730,2y,24096,24096,35,68,success,0.8888,0.7557,1.0452,0.1539706413492002,103,48192,0.9589
AvsC_1to1_full,C,1,full,8,1095,3y,24096,24096,52,99,success,0.8536,0.7304,0.9977,0.0466626831430514,151,48192,0.9592
AvsC_1to1_full,C,1,full,8,1825,5y,24096,24096,75,122,success,0.8591,0.739,0.9987,0.048012909777019844,197,48192,0.9638
AvsC_1to1_full,C,1,full,9,365,1y,24096,24096,17,45,success,0.9007,0.7614,1.0656,0.22284882991548477,62,48192,0.948
AvsC_1to1_full,C,1,full,9,730,2y,24096,24096,35,85,success,0.8423,0.7179,0.9883,0.03540939182864015,120,48192,0.9558
AvsC_1to1_full,C,1,full,9,1095,3y,24096,24096,52,113,success,0.8216,0.7041,0.9586,0.012535169759820839,165,48192,0.9589
AvsC_1to1_full,C,1,full,9,1825,5y,24096,24096,75,154,success,0.7908,0.6825,0.9163,0.0017937158026607792,229,48192,0.9651
AvsC_1to1_simple,C,1,simple,0,365,1y,24096,24096,17,2,success,1.0617,0.8912,1.265,0.5025645858303296,19,48192,0.9625
AvsC_1to1_simple,C,1,simple,0,730,2y,24096,24096,35,24,success,1.0417,0.8801,1.2329,0.6348590002785706,59,48192,0.9443
AvsC_1to1_simple,C,1,simple,0,1095,3y,24096,24096,52,63,success,0.964,0.8211,1.1317,0.6538593312065148,115,48192,0.943
AvsC_1to1_simple,C,1,simple,0,1825,5y,24096,24096,75,65,success,1.0329,0.8827,1.2087,0.6864382689434827,140,48192,0.949
AvsC_1to2_full,C,2,full,0,365,1y,24096,48187,17,89,success,0.9016,0.7802,1.0419,0.16040843986068273,106,72283,0.9551
AvsC_1to2_full,C,2,full,0,730,2y,24096,48187,35,145,success,0.8749,0.7615,1.0052,0.059243648723258206,180,72283,0.9555
AvsC_1to2_full,C,2,full,0,1095,3y,24096,48187,52,197,success,0.8545,0.7473,0.9771,0.021506771560813695,249,72283,0.9611
AvsC_1to2_full,C,2,full,0,1825,5y,24096,48187,75,253,success,0.8463,0.7438,0.9628,0.011246510719814074,328,72283,0.9654
AvsC_1to2_full,C,2,full,1,365,1y,24096,48192,17,85,success,0.9088,0.7861,1.0506,0.19618512114181452,102,72288,0.9604
AvsC_1to2_full,C,2,full,1,730,2y,24096,48192,35,136,success,0.8884,0.7728,1.0214,0.09642290190589879,171,72288,0.9624
AvsC_1to2_full,C,2,full,1,1095,3y,24096,48192,52,178,success,0.8793,0.7681,1.0066,0.062152110922989966,230,72288,0.9622
AvsC_1to2_full,C,2,full,1,1825,5y,24096,48192,75,232,success,0.8713,0.765,0.9924,0.03805980371784288,307,72288,0.9655
AvsC_1to2_full,C,2,full,2,365,1y,24096,48192,17,142,success,0.8286,0.7198,0.9539,0.008868435097422477,159,72288,0.9572
AvsC_1to2_full,C,2,full,2,730,2y,24096,48192,35,212,success,0.7974,0.6968,0.9124,0.0009947746638778957,247,72288,0.9614
AvsC_1to2_full,C,2,full,2,1095,3y,24096,48192,52,245,success,0.807,0.7075,0.9205,0.0014035217314789564,297,72288,0.9643
AvsC_1to2_full,C,2,full,2,1825,5y,24096,48192,75,320,success,0.7899,0.6962,0.8962,0.0002503564158407275,395,72288,0.9681
AvsC_1to2_full,C,2,full,3,365,1y,24096,48192,17,138,success,0.8335,0.7239,0.9598,0.011410475503943205,155,72288,0.966
AvsC_1to2_full,C,2,full,3,730,2y,24096,48192,35,182,success,0.8295,0.7237,0.9508,0.007283696204413178,217,72288,0.9656
AvsC_1to2_full,C,2,full,3,1095,3y,24096,48192,52,214,success,0.8374,0.733,0.9567,0.00901975560136012,266,72288,0.9667
AvsC_1to2_full,C,2,full,3,1825,5y,24096,48192,75,269,success,0.834,0.7335,0.9482,0.005567563104202583,344,72288,0.9684
AvsC_1to2_full,C,2,full,4,365,1y,24096,48192,17,118,success,0.8595,0.7454,0.9911,0.03721044900325108,135,72288,0.957
AvsC_1to2_full,C,2,full,4,730,2y,24096,48192,35,161,success,0.8557,0.7455,0.9822,0.026685747666906946,196,72288,0.9612
AvsC_1to2_full,C,2,full,4,1095,3y,24096,48192,52,199,success,0.8548,0.7476,0.9773,0.02169343558680049,251,72288,0.96
AvsC_1to2_full,C,2,full,4,1825,5y,24096,48192,75,253,success,0.8513,0.7482,0.9687,0.014578336812794229,328,72288,0.9633
AvsC_1to2_full,C,2,full,5,365,1y,24096,48192,17,74,success,0.9253,0.7997,1.0706,0.29697128718653953,91,72288,0.9563
AvsC_1to2_full,C,2,full,5,730,2y,24096,48192,35,121,success,0.9092,0.79,1.0463,0.18417328808701172,156,72288,0.9602
AvsC_1to2_full,C,2,full,5,1095,3y,24096,48192,52,157,success,0.908,0.7921,1.0407,0.16553531961029483,209,72288,0.9629
AvsC_1to2_full,C,2,full,5,1825,5y,24096,48192,75,179,success,0.9421,0.8247,1.0762,0.3795492457787173,254,72288,0.9654
AvsC_1to2_full,C,2,full,6,365,1y,24096,48192,17,105,success,0.8791,0.7616,1.0147,0.0782672485892574,122,72288,0.9515
AvsC_1to2_full,C,2,full,6,730,2y,24096,48192,35,155,success,0.8642,0.7526,0.9923,0.038474374656419015,190,72288,0.9581
AvsC_1to2_full,C,2,full,6,1095,3y,24096,48192,52,199,success,0.8559,0.7486,0.9786,0.022829735767674084,251,72288,0.9622
AvsC_1to2_full,C,2,full,6,1825,5y,24096,48192,75,272,success,0.8323,0.7321,0.9462,0.00502357582218573,347,72288,0.967
AvsC_1to2_full,C,2,full,7,365,1y,24096,48192,17,153,success,0.8119,0.7059,0.9339,0.0035312904513387926,170,72288,0.9621
AvsC_1to2_full,C,2,full,7,730,2y,24096,48192,35,210,success,0.7939,0.6938,0.9085,0.0007905680745047948,245,72288,0.9643
AvsC_1to2_full,C,2,full,7,1095,3y,24096,48192,52,283,success,0.7585,0.6664,0.8633,2.8586938209394554e-05,335,72288,0.969
AvsC_1to2_full,C,2,full,7,1825,5y,24096,48192,75,337,success,0.7608,0.6713,0.8623,1.8780946114562705e-05,412,72288,0.9718
AvsC_1to2_full,C,2,full,8,365,1y,24096,48192,17,106,success,0.876,0.759,1.011,0.07019077152946229,123,72288,0.9588
AvsC_1to2_full,C,2,full,8,730,2y,24096,48192,35,150,success,0.8695,0.757,0.9987,0.047822427013595334,185,72288,0.9631
AvsC_1to2_full,C,2,full,8,1095,3y,24096,48192,52,204,success,0.847,0.741,0.9681,0.014867567347885333,256,72288,0.9632
AvsC_1to2_full,C,2,full,8,1825,5y,24096,48192,75,246,success,0.8575,0.7534,0.976,0.019937389297543132,321,72288,0.9658
AvsC_1to2_full,C,2,full,9,365,1y,24096,48192,17,87,success,0.9067,0.7844,1.048,0.18517415113924499,104,72288,0.9526
AvsC_1to2_full,C,2,full,9,730,2y,24096,48192,35,174,success,0.8407,0.733,0.9641,0.013048438008355851,209,72288,0.9591
AvsC_1to2_full,C,2,full,9,1095,3y,24096,48192,52,219,success,0.8337,0.7299,0.9522,0.007314032220555203,271,72288,0.9608
AvsC_1to2_full,C,2,full,9,1825,5y,24096,48192,75,296,success,0.8088,0.7122,0.9185,0.0010761064808685922,371,72288,0.9663
AvsC_1to2_simple,C,2,simple,0,365,1y,24096,48192,17,3,success,1.0646,0.914,1.24,0.4211314163809504,20,72288,0.9648
AvsC_1to2_simple,C,2,simple,0,730,2y,24096,48192,35,25,success,1.0901,0.9397,1.2645,0.2547941148762939,60,72288,0.9538
AvsC_1to2_simple,C,2,simple,0,1095,3y,24096,48192,52,64,success,1.0743,0.9308,1.2398,0.3271713309227319,116,72288,0.9511
AvsC_1to2_simple,C,2,simple,0,1825,5y,24096,48192,75,182,success,0.9527,0.8339,1.0883,0.47547275768138375,257,72288,0.9242
