Model,RMSE,MAE,MSE,R2,Pearson,Median_AE,Explained_Variance,Data,Mode,Dataset,Type
Raw Diffusion,0.4233053288204007,0.2924575428584274,0.1791874014077475,0.9052066465201356,0.9581168967095276,0.2017750057592833,0.9108895172013496,BindDB,random,Training,InHouse
Raw Random Forest,0.3077444326521014,0.1978187828562344,0.0947066358283637,0.9498984887529112,0.9812446336125538,0.114165850310997,0.9499256231090052,BindDB,random,Training,InHouse
LinkD,0.2958703973601448,0.1923822669433056,0.08753929203405,0.9536901423427752,0.9774341451815892,0.1113528921704003,0.9543889725350616,BindDB,random,Training,InHouse
Raw Diffusion,0.747376900128533,0.4843676499284403,0.5585722308457352,0.7112788633787521,0.8538915188716779,0.2665307927131652,0.7178607049318826,BindDB,random,Validation,InHouse
Raw Random Forest,0.8514771129495218,0.5626912672296757,0.7250132738768527,0.6252469332707873,0.7935948521256703,0.3483169906158596,0.6253836084484197,BindDB,random,Validation,InHouse
LinkD,0.7319171090414548,0.4705183303340871,0.5357026545076009,0.7230999488351397,0.8519679401204108,0.2516329388421954,0.7247416389384901,BindDB,random,Validation,InHouse
Raw Diffusion,0.7139044980474245,0.4575284204941209,0.5096596323323451,0.7284193864511626,0.8615014179999296,0.2425550907587763,0.7327066913255117,BindDB,random,Test,InHouse
Raw Random Forest,0.8126723667464713,0.5285859462069995,0.660436375673311,0.6480754905101688,0.8078073921174099,0.3074006059351197,0.6482004261692915,BindDB,random,Test,InHouse
LinkD,0.6988043658522782,0.4422684904240908,0.4883275417342047,0.7397865457971171,0.8614898557615469,0.2180493511959587,0.7410453960402558,BindDB,random,Test,InHouse
Raw Diffusion,0.4162155771501418,0.3052602846787882,0.1732354066624256,0.909808727815864,0.9639133536194228,0.2364015197753906,0.9257344784467124,BindDB,cold_protein,Training,InHouse
Raw Random Forest,0.2902852907427832,0.1867091793170541,0.0842655500216222,0.9561289617164936,0.9834389832560384,0.1086977982449495,0.9561409233676116,BindDB,cold_protein,Training,InHouse
LinkD,0.2941418479872428,0.2016501094709304,0.0865194267373502,0.9549555294935196,0.98019279804376,0.1311134171224717,0.9593694259619144,BindDB,cold_protein,Training,InHouse
Raw Diffusion,1.114912072973959,0.7375111742810914,1.2430289304630906,0.3804777142341082,0.6397097410034125,0.3877182518670126,0.3805345698390796,BindDB,cold_protein,Validation,InHouse
Raw Random Forest,1.2772057360278553,0.9108679094097468,1.6312544921424557,0.1869871353183434,0.4619093675833786,0.565301395035124,0.2033169338418049,BindDB,cold_protein,Validation,InHouse
LinkD,1.1253776438813412,0.7713338657253044,1.266474841347919,0.3687923351192224,0.6098815500192767,0.4844787238691368,0.3712097769233878,BindDB,cold_protein,Validation,InHouse
Raw Diffusion,1.183729383905816,0.7387813252449867,1.4012152543220426,0.1834071368541219,0.5273602054271281,0.3137437009811403,0.2101481426556758,BindDB,cold_protein,Test,InHouse
Raw Random Forest,1.102629566056421,0.7485419840695896,1.2157919599417712,0.2914671500354564,0.5536681139843511,0.4698825906364519,0.3003245527830468,BindDB,cold_protein,Test,InHouse
LinkD,1.0795791503320062,0.6774437165042387,1.1654911418315763,0.32078119650511,0.5747909535866029,0.3379548997793291,0.3217160639700065,BindDB,cold_protein,Test,InHouse
Raw Diffusion,0.4332939215499491,0.3037761988715347,0.1877436224521334,0.9041547944848942,0.9587526388980776,0.2153024148520153,0.9162317992554748,BindDB,cold_drug,Training,InHouse
Raw Random Forest,0.2987634139354253,0.1913904991522941,0.0892595775063502,0.9544319938086374,0.9827380463032254,0.1088035329180767,0.9544455427925352,BindDB,cold_drug,Training,InHouse
LinkD,0.3092641198664347,0.2036622021834256,0.0956442958367605,0.9511725241524032,0.97773466499367,0.1193096306160086,0.9540789736601544,BindDB,cold_drug,Training,InHouse
Raw Diffusion,1.3256149672322548,0.9998925236333304,1.7572550413501722,-0.0761908295691178,0.5023229776014765,0.8064613771438598,0.0640972177270455,BindDB,cold_drug,Validation,InHouse
Raw Random Forest,1.0702020225461428,0.877017911897935,1.1453323690618549,0.2985672748754866,0.6496668413697694,0.7751110152984086,0.4220468728125558,BindDB,cold_drug,Validation,InHouse
LinkD,1.1416239855519033,0.908599135024762,1.3033053243874124,0.2018203361325071,0.5973563453272456,0.8067710356926825,0.3342285870629585,BindDB,cold_drug,Validation,InHouse
Raw Diffusion,1.1045919077271535,0.8592953640891385,1.2201232826163126,0.3108455739369813,0.646656929761054,0.723371455257567,0.3771291834548362,BindDB,cold_drug,Test,InHouse
Raw Random Forest,1.0493018920378234,0.8611234943944294,1.101034460634156,0.3781097511991758,0.6613504611936188,0.7816744770399007,0.4373786746714379,BindDB,cold_drug,Test,InHouse
LinkD,1.0209589269319026,0.8213734525421786,1.042357130481942,0.4112520921085701,0.6859073863217325,0.7170286764417781,0.4694489457314476,BindDB,cold_drug,Test,InHouse
Raw Diffusion,0.3539356217483043,0.2317194927994403,0.1252704243423587,0.8209489614455602,0.9137789598328214,0.1466327095031738,0.8323586667223334,Davis,random,Training,InHouse
Raw Random Forest,0.2198798407233164,0.1320091716695923,0.048347144356511,0.93089664656586,0.976514052316413,0.0674788759915969,0.9309330983764368,Davis,random,Training,InHouse
LinkD,0.254047034362022,0.1574148531572958,0.0645398956681383,0.9077520858714944,0.9570515859216208,0.0841300940513614,0.9111752134570106,Davis,random,Training,InHouse
Raw Diffusion,0.5232919198562649,0.3268042262260248,0.2738344333868556,0.5824435103474501,0.7796101844565354,0.1725379443168644,0.6016033045105492,Davis,random,Validation,InHouse
Raw Random Forest,0.5856173569562066,0.3568290165569189,0.3429476887683731,0.4770561492744291,0.6918421027295508,0.1866279049565626,0.4775794144811546,Davis,random,Validation,InHouse
LinkD,0.5180111596327591,0.3044212224332331,0.2683355615040758,0.5908284662203255,0.7720465239801079,0.1184656011786549,0.5941319065686738,Davis,random,Validation,InHouse
Raw Diffusion,0.5093392905962489,0.3191419475204688,0.2594265129450901,0.6165368044132179,0.8011308172611362,0.1741800069808956,0.6360588987170536,Davis,random,Test,InHouse
Raw Random Forest,0.593148893516334,0.3543398295057912,0.3518256098796514,0.4799599658409818,0.6943677349419537,0.1905029952162076,0.4802658572658141,Davis,random,Test,InHouse
LinkD,0.5112554037319106,0.295699970113935,0.2613820878450789,0.6136462324672514,0.7877588678935459,0.1138228074493916,0.6173131901849742,Davis,random,Test,InHouse
Raw Diffusion,0.3213754272946801,0.209064268571458,0.1032821652688382,0.8450516363519145,0.9248455191149672,0.133099966049194,0.8488069709539395,Davis,cold_protein,Training,InHouse
Raw Random Forest,0.212294290320983,0.1253828362057993,0.0450688657028898,0.9323857417787398,0.9766477242846512,0.0608423020115149,0.9324204674815546,Davis,cold_protein,Training,InHouse
LinkD,0.2303368266381984,0.1420652505720401,0.0530550537057554,0.9204045177251096,0.9610309047892824,0.0746018326775082,0.9208195628968898,Davis,cold_protein,Training,InHouse
Raw Diffusion,0.6606515122256901,0.3813361918581128,0.4364604206060912,0.3929360571130291,0.6500957405566444,0.1602116394042969,0.4108439117710193,Davis,cold_protein,Validation,InHouse
Raw Random Forest,0.6811299889596187,0.4115619196284092,0.4639380618601303,0.3547179634362942,0.5971003075089987,0.2044718068500257,0.356197546223611,Davis,cold_protein,Validation,InHouse
LinkD,0.6407012990978606,0.3688443307848122,0.4104981546656861,0.4290464460142179,0.6565156132700474,0.1345596079607935,0.4310121939290762,Davis,cold_protein,Validation,InHouse
Raw Diffusion,0.6766793949102177,0.3843212769338779,0.4578950034960584,0.3966328311456689,0.6589606359604081,0.1550131702423098,0.4198404730556655,Davis,cold_protein,Test,InHouse
Raw Random Forest,0.6676836159503892,0.4111066153033197,0.4458014110085868,0.4125685295147964,0.643896981452172,0.2105019967051027,0.4126157899686904,Davis,cold_protein,Test,InHouse
LinkD,0.6448160876581064,0.3696656305213373,0.4157877869027068,0.452117411388496,0.676552000172813,0.1413343102855284,0.4576301359043164,Davis,cold_protein,Test,InHouse
Raw Diffusion,0.3489344240741646,0.2325564603479853,0.1217552323039689,0.8172372191317491,0.91538547064137,0.1579360151290894,0.8355580095713088,Davis,cold_drug,Training,InHouse
Raw Random Forest,0.2091395452947589,0.1199257076672046,0.0437393494060985,0.934344298971322,0.977453017661356,0.0576003276545513,0.9343768388127668,Davis,cold_drug,Training,InHouse
LinkD,0.2490864930940583,0.1509035751090362,0.0620440810418963,0.9068676674253904,0.9576948694872872,0.0805565977096556,0.9113364071332322,Davis,cold_drug,Training,InHouse
Raw Diffusion,0.8890365584228701,0.5936730956655683,0.7903860022123813,0.1652353543898828,0.5667546007990586,0.3265816545486446,0.1652462583010645,Davis,cold_drug,Validation,InHouse
Raw Random Forest,0.8052505695006555,0.5954484239837563,0.6484284796811302,0.3151635169026193,0.562677698778685,0.4196494423141033,0.3165427160276755,Davis,cold_drug,Validation,InHouse
LinkD,0.7888306429809606,0.5504130871529942,0.6222537833057558,0.3428078717907145,0.5982916698541367,0.3498102311616922,0.3433963257854067,Davis,cold_drug,Validation,InHouse
Raw Diffusion,0.824250181858765,0.525617262110686,0.6793883622942072,-0.0931088100206196,0.3817003584520543,0.2538506448427631,-0.0929407605657883,Davis,cold_drug,Test,InHouse
Raw Random Forest,0.7487320663565431,0.498646468615293,0.5605997071905389,0.0980174038371474,0.3477131481218362,0.3135424831983755,0.0980747363185337,Davis,cold_drug,Test,InHouse
LinkD,0.7496448920377654,0.4771425741989318,0.561967464158313,0.0958167373635677,0.3942258391738411,0.2654512916206348,0.0961972542176728,Davis,cold_drug,Test,InHouse
Raw Diffusion,0.3510598808134229,0.2447654494436404,0.1232430399167347,0.8248206730958083,0.9181001066377006,0.1731910181380609,0.8406782452354806,Kiba,random,Training,InHouse
Raw Random Forest,0.1978097185160452,0.1249649253326907,0.039128684739397,0.944381957310328,0.9821245089096808,0.0720001481199883,0.9444552820552724,Kiba,random,Training,InHouse
LinkD,0.2423324377385697,0.15931996518442,0.0587250103803177,0.9165274745103976,0.9615563578363818,0.0994796041527514,0.919681381380265,Kiba,random,Training,InHouse
Raw Diffusion,0.4463847707825369,0.2950261015752565,0.199259363586578,0.6943374135668905,0.8475809094771922,0.1894510078430178,0.7113269581547156,Kiba,random,Validation,InHouse
Raw Random Forest,0.5039209036649464,0.3242087038519187,0.2539362771504961,0.6104633786542719,0.7911991499445381,0.1930226034100179,0.6113438991682075,Kiba,random,Validation,InHouse
LinkD,0.4354014928746413,0.2720058585657615,0.1895744599974664,0.7091939935896251,0.8471916379198555,0.1480241008216909,0.7131550770741775,Kiba,random,Validation,InHouse
Raw Diffusion,0.4585489151082446,0.3045608136680459,0.2102671075469481,0.6960056767362724,0.8504303306107437,0.1978802621383666,0.717074075632474,Kiba,random,Test,InHouse
Raw Random Forest,0.5227633826672679,0.3341585835625822,0.2732815542577242,0.6049023448496934,0.787152985680838,0.1960226838199972,0.6056347240322888,Kiba,random,Test,InHouse
LinkD,0.4474165221846966,0.2779490620765327,0.200181544323849,0.710586911064875,0.8477769108829193,0.1478305244162401,0.713106773106092,Kiba,random,Test,InHouse
Raw Diffusion,0.3226803668672691,0.2203523499430064,0.1041226191615954,0.8483017861338974,0.9272950039742074,0.1506310500012206,0.8555097144246601,Kiba,cold_protein,Training,InHouse
Raw Random Forest,0.1906252917238787,0.1170877930984402,0.0363380018448138,0.9470584775939386,0.9815961661682332,0.0640002542800113,0.9471105523182136,Kiba,cold_protein,Training,InHouse
LinkD,0.2246006377143137,0.1456214326379974,0.0504454464616764,0.926505074617476,0.9643472789782532,0.0869079557279892,0.927589942307903,Kiba,cold_protein,Training,InHouse
Raw Diffusion,0.5821300532897558,0.3894559841923572,0.3388753989431338,0.4962433633772973,0.720373838192974,0.2500213222438354,0.5144822626424876,Kiba,cold_protein,Validation,InHouse
Raw Random Forest,0.6509589480066401,0.4585644336307559,0.4237475519899115,0.3700763105457442,0.6100721169930492,0.3449908762250153,0.3715781861587197,Kiba,cold_protein,Validation,InHouse
LinkD,0.5859927413756191,0.3988689381841868,0.3433874929449131,0.4895358912339942,0.7071285843811281,0.278601038950816,0.4992004654646306,Kiba,cold_protein,Validation,InHouse
Raw Diffusion,0.6439480808436404,0.4181917002583876,0.4146691308222076,0.446793233638896,0.6849973592713536,0.2620342350006108,0.4630940456380765,Kiba,cold_protein,Test,InHouse
Raw Random Forest,0.7015308407014277,0.4905037252339704,0.4921455204552519,0.3434326027348172,0.5884251064181505,0.3560879383099653,0.344356361394236,Kiba,cold_protein,Test,InHouse
LinkD,0.6441003398727593,0.4318938543050915,0.414865247824204,0.4465315955172261,0.6751357801351724,0.3002600516337743,0.452921381835208,Kiba,cold_protein,Test,InHouse
Raw Diffusion,0.3889238995271727,0.2866708615392909,0.1512617996234223,0.7831294809378769,0.9166558496108904,0.2245758264659425,0.8388442710123266,Kiba,cold_drug,Training,InHouse
Raw Random Forest,0.1873450012685427,0.1183723824106494,0.0350981495003102,0.9496782801791176,0.9831250762987452,0.0689794323999972,0.9497391351514936,Kiba,cold_drug,Training,InHouse
LinkD,0.2535750819181727,0.1719176783652174,0.0643003221698079,0.90780987480286,0.962686116154292,0.1170367637329476,0.9213453605614224,Kiba,cold_drug,Training,InHouse
Raw Diffusion,0.6528182545970327,0.4309913997291469,0.4261716735351162,0.307502965112547,0.6285669844592184,0.2662266049216324,0.3625368553639646,Kiba,cold_drug,Validation,InHouse
Raw Random Forest,0.6315607776106156,0.4063215553234089,0.3988690158161254,0.3518677380175914,0.5965848027775007,0.2385305987900103,0.35201381436921,Kiba,cold_drug,Validation,InHouse
LinkD,0.6029128351458175,0.373071802242135,0.3635038867835677,0.4093334226566254,0.649454178298482,0.1888622302052081,0.4216260369297169,Kiba,cold_drug,Validation,InHouse
Raw Diffusion,0.7101773723597443,0.471224950652133,0.5043519002117909,0.3100221224028554,0.6359167850913394,0.2994845327445077,0.3753698394591497,Kiba,cold_drug,Test,InHouse
Raw Random Forest,0.6781427661662961,0.4304943317290609,0.4598776113036757,0.3708651081347968,0.6133037588834485,0.2600088783300052,0.3708863975669699,Kiba,cold_drug,Test,InHouse
LinkD,0.6502695226554824,0.3971757819000659,0.422850452094589,0.4215200590010648,0.6616500389983265,0.2101925930566093,0.4370357371378289,Kiba,cold_drug,Test,InHouse
DeepDTA,0.7067221708887547,0.4472505748271942,0.4994562268257141,0.7006694674491882,0.83719653,0.20242023,0.700669527053833,BindDB,random,Training,InHouse
DeepDTA,0.92616910897835,0.5432354211807251,0.8577892184257507,0.4970420002937317,0.71591721,0.17312932,0.5102593898773193,BindDB,random,Validation,InHouse
DeepDTA,0.8645283248744329,0.5048219561576843,0.7474092245101929,0.5483201742172241,0.74590512,0.08022094,0.5554146766662598,BindDB,random,Test,InHouse
Diffusion,0.5076416021495741,0.3455427289009094,0.2576999962329864,0.8636720776557922,0.9337065931310872,0.2279787,0.8715601563453674,BindDB,random,Training,InHouse
Diffusion,0.7871923663211161,0.5223386883735657,0.6196718215942383,0.6796970367431641,0.8328933982695661,0.29793882,0.6919232606887817,BindDB,random,Validation,InHouse
Diffusion,0.7666830809190558,0.5018846988677979,0.5878029465675354,0.6867793798446655,0.8359568917124882,0.28389287,0.6974875926971436,BindDB,random,Test,InHouse
Transformer,0.9234451887452884,0.7122333645820618,0.8527510166168213,0.5488793849945068,0.7783076338094141,0.54557276,0.5939809083938599,BindDB,random,Training,InHouse
Transformer,1.2126390377435818,0.8879249691963196,1.4704934358596802,0.2399147152900695,0.5901872525220027,0.6004491,0.2743085026741028,BindDB,random,Validation,InHouse
Transformer,1.1250121857724904,0.835132360458374,1.265652418136597,0.3255760669708252,0.650629876100203,0.57799435,0.3713422417640686,BindDB,random,Test,InHouse
Random Forest,0.3077444326521014,0.1978187828562344,0.0947066358283637,0.9498984887529112,0.9812446336126212,0.1141658503109974,0.9499256231090052,BindDB,random,Training,InHouse
Random Forest,0.8514771129495219,0.5626912672296756,0.7250132738768528,0.6252469332707873,0.7935948521256626,0.3483169906158587,0.6253836084484194,BindDB,random,Validation,InHouse
Random Forest,0.8126723667464711,0.5285859462069993,0.6604363756733109,0.6480754905101689,0.8078073921174247,0.3074006059351122,0.6482004261692917,BindDB,random,Test,InHouse
SVR,1.0510894710955296,0.6202565283854721,1.1047890762478805,0.4155467370881236,0.6636617135875763,0.204260021236124,0.4392263025209374,BindDB,random,Training,InHouse
SVR,1.1324855587649658,0.6920742428076796,1.282523540811197,0.337074716575407,0.6079804245790058,0.3010090675892609,0.3696076218929501,BindDB,random,Validation,InHouse
SVR,1.0775467136814132,0.6453393205791293,1.1611069201656132,0.3812848619551817,0.6365523758353873,0.2388805528735811,0.4051561642259969,BindDB,random,Test,InHouse
GBM,0.9777668845480328,0.7048486562773835,0.956028080518766,0.4942439755177269,0.7201774020367226,0.4578645971752455,0.4942439755177269,BindDB,random,Training,InHouse
GBM,1.047080505393415,0.7538743216608274,1.0963775847749293,0.433291945138427,0.6722881061108812,0.4940310141846833,0.4344154091880101,BindDB,random,Validation,InHouse
GBM,1.0076139785825908,0.722446212812166,1.0152859298350378,0.4589880024629873,0.6903011446210109,0.4624406070713611,0.4590085739557275,BindDB,random,Test,InHouse
Linear Regression,1.0031083886724244,0.7054308732658559,1.0062264394249876,0.4676881421135775,0.6838773034819748,0.474064019359286,0.4676881662174652,BindDB,random,Training,InHouse
Linear Regression,1.1029103834812783,0.7693811848982764,1.2164113139908206,0.3712475526350151,0.6130283299040098,0.5090827941894531,0.3717293367661493,BindDB,random,Validation,InHouse
Linear Regression,1.0473941274113108,0.7369550996143226,1.097034458135701,0.4154269392274919,0.6456224958156188,0.4872227976515519,0.4154508010731922,BindDB,random,Test,InHouse
MLP,0.380473367901488,0.2584590970338702,0.144759983682301,0.9234193687997616,0.9617767775850128,0.1693532466888427,0.9249046201058992,BindDB,random,Training,InHouse
MLP,0.8423393169236473,0.543450875729008,0.7095355248353967,0.6332472473730861,0.8052809164559596,0.3006281245327074,0.6338627980580382,BindDB,random,Validation,InHouse
MLP,0.8073886903724149,0.5186006802559722,0.6518764973412833,0.6526367640775436,0.8146979374096666,0.2828428745269775,0.6535045339489842,BindDB,random,Test,InHouse
XGBoost,0.514337320893196,0.3524514468912924,0.2645428796635904,0.8600520655720179,0.9305701608478496,0.2306473640466144,0.8600520678348637,BindDB,random,Training,InHouse
XGBoost,0.863682556844402,0.5792366047175731,0.7459475589972836,0.6144261830427057,0.7842295718015337,0.3471551168418205,0.6149410974235014,BindDB,random,Validation,InHouse
XGBoost,0.8263830679124979,0.5513619011834874,0.6829089749324722,0.6361005921512177,0.7975883223948048,0.3295260198202214,0.6361008519362079,BindDB,random,Test,InHouse
GraphDTA,0.5916854199495519,0.4113039076328277,0.3500916361808777,0.8147952556610107,0.9032740702469466,0.27079034,0.8155110478401184,BindDB,random,Training,InHouse
GraphDTA,0.8362817144723697,0.5648207068443298,0.699367105960846,0.6385031938552856,0.8024226047800074,0.34910202,0.6420985460281372,BindDB,random,Validation,InHouse
GraphDTA,0.7999739881101335,0.5408400297164917,0.639958381652832,0.6589875221252441,0.8133002952003587,0.3386197,0.6599746942520142,BindDB,random,Test,InHouse
FNN,0.4112997010817254,0.261583536863327,0.1691674441099167,0.9105073809623718,0.9548160225647888,0.14590645,0.9107521176338196,BindDB,random,Training,InHouse
FNN,0.7611886160394675,0.4777820706367492,0.5794081091880798,0.7005089521408081,0.8375667876769661,0.24873495,0.7005444765090942,BindDB,random,Validation,InHouse
FNN,0.7402536596035767,0.4613995552062988,0.547975480556488,0.7080021500587463,0.841744215595581,0.2423191,0.7080069780349731,BindDB,random,Test,InHouse
DeepPurpose,0.6962423349744886,0.4636838018272376,0.484753389010728,0.7435567512333523,0.8648735082877024,0.270232456499019,0.7439929245789993,BindDB,random,Training,InHouse
DeepPurpose,0.8793263118324186,0.5842110787914233,0.7732147626808038,0.6003320021915217,0.7768774279321489,0.3357621101008319,0.6035371483628369,BindDB,random,Validation,InHouse
DeepPurpose,0.8430780128456268,0.5566423249569754,0.7107805357437308,0.621248767314619,0.7889106642852407,0.3094508647918701,0.6223416781137299,BindDB,random,Test,InHouse
MolTrans,9.125119807773848,0.5675785216010808,83.26781150622662,-43.052897598111045,0.1321273609091166,0.3083335161209106,-43.048357590619105,BindDB,random,Training,InHouse
MolTrans,0.9249877576252952,0.6123504412152556,0.855602351756672,0.5577465598179485,0.7636563774141081,0.380994439125061,0.5606444301452734,BindDB,random,Validation,InHouse
MolTrans,7.139104852711815,0.6969812069808295,50.966818098013384,-26.158516969713457,0.1453333038968557,0.3711531162261963,-26.156102655361725,BindDB,random,Test,InHouse
DCN,0.1776408588751136,0.1147477775812149,0.031556274741888,0.9833061695098876,0.9916277758678316,0.0792501,0.9833213090896606,BindDB,random,Training,InHouse
DCN,0.7872338965577873,0.5087164044380188,0.6197372078895569,0.6796631813049316,0.8272502555225429,0.28558946,0.6802983283996582,BindDB,random,Validation,InHouse
DCN,0.7704227917931289,0.491229385137558,0.5935512781143188,0.6837162971496582,0.8294214757771314,0.26485682,0.6838254332542419,BindDB,random,Test,InHouse
GCN,0.414324227871869,0.2844088077545166,0.1716645658016204,0.9091863632202148,0.9554445433255534,0.19597816,0.9123886823654176,BindDB,random,Training,InHouse
GCN,0.8796349111662428,0.5754149556159973,0.7737575769424438,0.6000514030456543,0.7870995789021045,0.34161997,0.6041600704193115,BindDB,random,Validation,InHouse
GCN,0.8307219398367551,0.5431663393974304,0.6900989413261414,0.6322692632675171,0.8044918814637985,0.31206357,0.636691689491272,BindDB,random,Test,InHouse
DeepDTA,0.7587477428522111,0.4823050796985626,0.5756981372833252,0.6674944162368774,0.81708671,0.21855783,0.6674953699111938,BindDB,cold_drug,Training,InHouse
DeepDTA,1.162170511128223,0.8379708528518677,1.3506402969360352,0.0564513802528381,0.5173187,0.56036735,0.1157487630844116,BindDB,cold_drug,Validation,InHouse
DeepDTA,1.1344872558368873,0.824464738368988,1.287061333656311,0.1747872233390808,0.54257531,0.5891242,0.1853766441345214,BindDB,cold_drug,Test,InHouse
Diffusion,0.5366042102382673,0.365911602973938,0.2879440784454345,0.8530013561248779,0.9328673406798638,0.24032879,0.8700621128082275,BindDB,cold_drug,Training,InHouse
Diffusion,1.3019110095116415,0.997752606868744,1.694972276687622,-0.0380471944808959,0.4828577546098582,0.82561326,0.0830199122428894,BindDB,cold_drug,Validation,InHouse
Diffusion,1.109679328117049,0.8711317181587219,1.2313882112503052,0.3044828772544861,0.6172049352158953,0.7378917,0.3510870337486267,BindDB,cold_drug,Test,InHouse
Random Forest,0.2987634139354252,0.1913904991522941,0.0892595775063502,0.9544319938086374,0.9827380463030484,0.1088035329180847,0.9544455427925352,BindDB,cold_drug,Training,InHouse
Random Forest,1.070202022546143,0.877017911897935,1.145332369061855,0.2985672748754864,0.6496668413697646,0.7751110152984189,0.4220468728125557,BindDB,cold_drug,Validation,InHouse
Random Forest,1.0493018920378232,0.8611234943944294,1.1010344606341556,0.3781097511991759,0.6613504611936035,0.7816744770399069,0.4373786746714381,BindDB,cold_drug,Test,InHouse
SVR,1.059915490054532,0.62720265062623,1.1234208460575386,0.426481174358979,0.6705010523540424,0.2109964127591643,0.4487550586117418,BindDB,cold_drug,Training,InHouse
SVR,1.314025932232327,1.0551069949106775,1.7266641505790363,-0.0574561352068516,0.3645087891796774,0.939167060393995,0.0397317803804188,BindDB,cold_drug,Validation,InHouse
SVR,1.2840823623640207,1.0370194311628371,1.6488675133343644,0.0686807136658531,0.4108654456614404,0.941176854622344,0.110934264679236,BindDB,cold_drug,Test,InHouse
GBM,0.9834309727303936,0.7082076473423546,0.967136478125448,0.5062660808586321,0.7268092473202752,0.4564925557525665,0.5062660808586322,BindDB,cold_drug,Training,InHouse
GBM,1.057654535886709,0.8434739639584575,1.1186331172817303,0.3149186235676204,0.6023378203094427,0.7060749308814942,0.3591432694492843,BindDB,cold_drug,Validation,InHouse
GBM,1.0695527510590952,0.8507942908364812,1.1439430872980787,0.3538739461759983,0.609060208598696,0.7233724040470504,0.3665276382070153,BindDB,cold_drug,Test,InHouse
Linear Regression,1.010951468749582,0.7138837781373624,1.022022872166937,0.4782459667893468,0.6915533019565006,0.4793620109558105,0.4782459694444649,BindDB,cold_drug,Training,InHouse
Linear Regression,1.5319262300732797,1.249174066213523,2.346797974386531,-0.4372429723949695,0.3503047279117761,1.082784359837213,-0.1145847708446965,BindDB,cold_drug,Validation,InHouse
Linear Regression,1.5813331987837125,1.277107716832636,2.5006146855755285,-0.4124061912393502,0.3303573090132478,1.0547337400437016,-0.1772357330400464,BindDB,cold_drug,Test,InHouse
MLP,0.3797668042677915,0.2447185251150722,0.144222825623771,0.9263726448795676,0.9627140479613048,0.1425890922546386,0.9267854655891434,BindDB,cold_drug,Training,InHouse
MLP,1.294078718693407,0.8952740184068442,1.6746397301751703,-0.0255949637577312,0.5178866764017762,0.5642286229451088,0.0558067788761886,BindDB,cold_drug,Validation,InHouse
MLP,1.088179633946876,0.7586282576511949,1.184134915736757,0.3311726529093974,0.6373233906784624,0.5068669319152832,0.3350100484093921,BindDB,cold_drug,Test,InHouse
XGBoost,0.522357486179124,0.35734784484515,0.2728573433673738,0.860703294153071,0.9306323106641988,0.2303407150047078,0.8607032954921359,BindDB,cold_drug,Training,InHouse
XGBoost,1.0707029359312312,0.8419469413300564,1.1464047770117582,0.2979105030500627,0.6270304531359835,0.7109317779541016,0.3655447798620844,BindDB,cold_drug,Validation,InHouse
XGBoost,1.271661469578117,1.0133207883255098,1.6171228932095765,0.0866108243148167,0.534228220007248,0.8651604652404785,0.2159189968862098,BindDB,cold_drug,Test,InHouse
GraphDTA,0.7101415852961944,0.5221679210662842,0.5043010711669922,0.7425487041473389,0.8957931641839043,0.38986397,0.8024446964263916,BindDB,cold_drug,Training,InHouse
GraphDTA,0.9557754373740044,0.6585367918014526,0.9135066866874696,0.4405435919761657,0.6816936364869548,0.42250085,0.4423019886016845,BindDB,cold_drug,Validation,InHouse
GraphDTA,1.0495862440790993,0.7425375580787659,1.1016312837600708,0.3777726292610168,0.6566648776246509,0.49705696,0.396656334400177,BindDB,cold_drug,Test,InHouse
FNN,0.430761053880011,0.2735339999198913,0.1855550855398178,0.9052720665931702,0.9524753681025784,0.1555233,0.9071757793426514,BindDB,cold_drug,Training,InHouse
FNN,1.2990483835796338,0.9702864289283752,1.6875267028808594,-0.033487319946289,0.5388676699903217,0.73054814,0.1524812579154968,BindDB,cold_drug,Validation,InHouse
FNN,1.2689944966574902,0.9400255680084229,1.610347032546997,0.0904380083084106,0.558694464930729,0.69556713,0.1939781904220581,BindDB,cold_drug,Test,InHouse
DeepPurpose,1.0970048383067936,0.7517605538336981,1.2034196152685144,0.3856409137107838,0.6363843790368845,0.4454488754272461,0.3996104083458699,BindDB,cold_drug,Training,InHouse
DeepPurpose,0.9995963146084434,0.6869687461212426,0.9991927921787822,0.3880671304899759,0.6247399065161643,0.4206907749176025,0.388176048258487,BindDB,cold_drug,Validation,InHouse
DeepPurpose,1.0597274624937212,0.7577144891934914,1.1230222947633812,0.3656905035497066,0.6128964744225409,0.4961511457285006,0.3754357130938303,BindDB,cold_drug,Test,InHouse
DCN,0.19404985466514,0.1250784546136856,0.0376553460955619,0.98077654838562,0.9905849548707314,0.08439922,0.9807808995246888,BindDB,cold_drug,Training,InHouse
DCN,1.342714886862676,0.9731189608573914,1.802883267402649,-0.1041347980499267,0.5214436102751847,0.64360845,0.0035040378570556,BindDB,cold_drug,Validation,InHouse
DCN,1.2427935291556458,0.9069088101387024,1.544535756111145,0.1276097297668457,0.5603860196128974,0.6432767,0.150173544883728,BindDB,cold_drug,Test,InHouse
GCN,0.4377026088775423,0.3075642883777618,0.1915835738182068,0.9021944403648376,0.9520631958060836,0.21949911,0.9041513204574584,BindDB,cold_drug,Training,InHouse
GCN,1.575559438017052,1.2132169008255005,2.48238754272461,-0.5202816724777222,0.4157453090247234,0.9491191,-0.2425117492675781,BindDB,cold_drug,Validation,InHouse
GCN,1.4394801226585423,1.0777488946914673,2.0721030235290527,-0.170372724533081,0.4835625707241834,0.80798006,-0.0681581497192382,BindDB,cold_drug,Test,InHouse
DeepDTA,0.6970809136223471,0.4489807188510895,0.4859218001365661,0.7134477496147156,0.84470656,0.21963882,0.7134479284286499,BindDB,cold_protein,Training,InHouse
DeepDTA,1.2028943621042294,0.7663499116897583,1.4469548463821411,0.2012937068939209,0.46340525,0.14481866,0.2034976482391357,BindDB,cold_protein,Validation,InHouse
DeepDTA,1.2146784433822664,0.7105803489685059,1.475443720817566,0.0098808407783508,0.32404503,0.11479759,0.0264112949371337,BindDB,cold_protein,Test,InHouse
Diffusion,0.512888670290776,0.3630109429359436,0.2630547881126404,0.8630461692810059,0.9411569743019024,0.25423813,0.8857142925262451,BindDB,cold_protein,Training,InHouse
Diffusion,1.1241633695172784,0.7516645193099976,1.263743281364441,0.3701537847518921,0.6251319985784776,0.41805148,0.3722529411315918,BindDB,cold_protein,Validation,InHouse
Diffusion,1.1785339880028878,0.7412869930267334,1.3889423608779907,0.1905593872070312,0.5225408897666042,0.33705807,0.2199291586875915,BindDB,cold_protein,Test,InHouse
Random Forest,0.2902852907427833,0.1867091793170542,0.0842655500216222,0.9561289617164936,0.983438983256088,0.1086977982449557,0.9561409233676116,BindDB,cold_protein,Training,InHouse
Random Forest,1.2772057360278553,0.9108679094097468,1.6312544921424552,0.1869871353183436,0.4619093675833838,0.5653013950351222,0.2033169338418052,BindDB,cold_protein,Validation,InHouse
Random Forest,1.102629566056421,0.7485419840695896,1.2157919599417712,0.2914671500354564,0.5536681139843282,0.4698825906364465,0.3003245527830468,BindDB,cold_protein,Test,InHouse
SVR,1.050099056928666,0.6216827960769452,1.1027080293624734,0.4258988856148504,0.6706872541475624,0.2082120929730138,0.4489162478210469,BindDB,cold_protein,Training,InHouse
SVR,1.1301842026801667,0.7133953693157611,1.2773163319878045,0.3633889652557157,0.6044830598986238,0.3132178593605261,0.3642027587068233,BindDB,cold_protein,Validation,InHouse
SVR,1.1517091074648893,0.6904894922908368,1.3264338682175718,0.2269878401048963,0.510610462199045,0.2162723344098793,0.2569987847758276,BindDB,cold_protein,Test,InHouse
GBM,0.9799585218889152,0.7122886050682384,0.9603187046227076,0.5000308115943044,0.7254270312047288,0.4638735130765195,0.5000308115943045,BindDB,cold_protein,Training,InHouse
GBM,1.2398777677524826,0.9372874907317836,1.537296878966879,0.2338153577781013,0.4922475099366151,0.6270698193535611,0.2405204043488311,BindDB,cold_protein,Validation,InHouse
GBM,1.1228417003617206,0.8191200560527484,1.2607734840712,0.2652530537613705,0.5183312899811265,0.5422287477158987,0.2679694683708269,BindDB,cold_protein,Test,InHouse
Linear Regression,1.0023613251246533,0.7111757296541206,1.004728226105651,0.4769099535849462,0.6905866807865855,0.4843884222664387,0.4769099636792524,BindDB,cold_protein,Training,InHouse
Linear Regression,1.3143083949361132,0.9188975014509462,1.7274065569995425,0.1390652040249338,0.4636978221401813,0.5839086661236785,0.1569003714997774,BindDB,cold_protein,Validation,InHouse
Linear Regression,1.1739044588458467,0.8066200079105869,1.3780516784981605,0.1969062838583932,0.4915342423443931,0.5090980529785156,0.1973581840153859,BindDB,cold_protein,Test,InHouse
MLP,0.3621683745278669,0.2399764565552034,0.1311659315081573,0.9317112912547348,0.966941877119904,0.1510400772094726,0.9349746657031752,BindDB,cold_protein,Training,InHouse
MLP,1.26656085598513,0.8233783963858751,1.6041764019137852,0.2004827828785262,0.5246645879203318,0.4260931922754163,0.2004837869009404,BindDB,cold_protein,Validation,InHouse
MLP,1.179512505062365,0.719130914021342,1.3912497495984952,0.1892147813325804,0.535446067730962,0.2968282699584961,0.2000218767045827,BindDB,cold_protein,Test,InHouse
XGBoost,0.5106777157497736,0.3517676824010685,0.2607917293634066,0.8642244198253253,0.9325112212044132,0.2319675344573397,0.8642244256715865,BindDB,cold_protein,Training,InHouse
XGBoost,1.2957465849967462,0.926195416928972,1.6789592125307302,0.1632112305968368,0.4765608745771107,0.5963199741624194,0.1844076781885347,BindDB,cold_protein,Validation,InHouse
XGBoost,1.1505215225399308,0.7776274328060114,1.3236997738276004,0.2285812012670242,0.5311098418502954,0.480636916536266,0.2354455109209066,BindDB,cold_protein,Test,InHouse
GraphDTA,0.5573251630989978,0.3878062069416046,0.3106113374233246,0.8382869362831116,0.9159960104636397,0.25531673,0.8389406800270081,BindDB,cold_protein,Training,InHouse
GraphDTA,1.2775929525790102,0.9078935980796814,1.6322437524795532,0.1864941120147705,0.4798333803664247,0.5566039,0.2069265246391296,BindDB,cold_protein,Validation,InHouse
GraphDTA,1.1783237785390812,0.7992185354232788,1.3884469270706177,0.1908481121063232,0.5291436183946225,0.47367907,0.2583192586898803,BindDB,cold_protein,Test,InHouse
FNN,0.4099913310960439,0.2697786092758178,0.1680928915739059,0.9124860763549804,0.9564529196695112,0.16055536,0.9141504764556884,BindDB,cold_protein,Training,InHouse
FNN,1.204477763441408,0.8017623424530029,1.450766682624817,0.2769417762756347,0.5562169161163055,0.44978285,0.279621422290802,BindDB,cold_protein,Validation,InHouse
FNN,1.1288874535497249,0.6927060484886169,1.2743868827819824,0.2573194503784179,0.5613682546648544,0.30446482,0.2574624419212341,BindDB,cold_protein,Test,InHouse
DeepPurpose,0.7433079068319081,0.5218240249867169,0.5525066443588325,0.7123493510653132,0.8467576478123666,0.3425710062136708,0.7135890141821967,BindDB,cold_protein,Training,InHouse
DeepPurpose,1.1698374628728718,0.8423233337981109,1.3685196895408376,0.3179334564127082,0.5641830339980208,0.548292875289917,0.3181379592380264,BindDB,cold_protein,Validation,InHouse
DeepPurpose,1.203104063270161,0.8173046545272261,1.4474593870571717,0.1564572241712571,0.4463576569975327,0.4918554833248194,0.1592466552908651,BindDB,cold_protein,Test,InHouse
DCN,0.184807579487177,0.1196329742670059,0.0341538414359092,0.9822185635566713,0.9911072908870316,0.082871914,0.98228257894516,BindDB,cold_protein,Training,InHouse
DCN,1.2017140227222227,0.7966417670249939,1.4441165924072266,0.2802561521530151,0.5748478515100004,0.4543078,0.2819857597351074,BindDB,cold_protein,Validation,InHouse
DCN,1.1661296130618752,0.7305876612663269,1.3598582744598389,0.2075088620185852,0.5417942909181699,0.3358636,0.2097421884536743,BindDB,cold_protein,Test,InHouse
GCN,0.4257642410100713,0.2991500496864319,0.181275188922882,0.9056229591369628,0.9553557567877178,0.21470499,0.9125680923461914,BindDB,cold_protein,Training,InHouse
GCN,1.3741625055944495,0.9353964924812316,1.888322591781616,0.0588650703430175,0.4545466643379385,0.5275469,0.0602954030036926,BindDB,cold_protein,Validation,InHouse
GCN,1.265528639904518,0.8048988580703735,1.601562738418579,0.0666496157646179,0.4959948020155259,0.4062333,0.0741211771965026,BindDB,cold_protein,Test,InHouse
DeepDTA,0.5689928909035313,0.3163592517375946,0.3237529098987579,0.3336247205734253,0.57823782,0.1360569,0.3336248993873596,Davis,random,Training,InHouse
DeepDTA,0.5693737037133075,0.2861404418945312,0.3241864144802093,0.2859202027320862,0.54597562,0.057476997,0.2968290448188782,Davis,random,Validation,InHouse
DeepDTA,0.5702441971519996,0.2800541520118713,0.3251784443855285,0.2983797192573547,0.55999148,0.057476997,0.3092291951179504,Davis,random,Test,InHouse
Diffusion,0.4539513616418989,0.2945907413959503,0.2060718387365341,0.7054581642150879,0.8570993159154839,0.18024874,0.734618604183197,Davis,random,Training,InHouse
Diffusion,0.5875938401455723,0.3616030216217041,0.3452665209770202,0.473520278930664,0.7159811399871816,0.19476414,0.509484589099884,Davis,random,Validation,InHouse
Diffusion,0.5742427535457205,0.3522541522979736,0.3297547399997711,0.5125833749771118,0.7388525291748351,0.1859312,0.5437060594558716,Davis,random,Test,InHouse
Transformer,0.5933542187324179,0.4685317277908325,0.352069228887558,0.4967817664146423,0.7851005871056498,0.34479856,0.6039716005325317,Davis,random,Training,InHouse
Transformer,0.6622740054188138,0.5060349702835083,0.438606858253479,0.3311902284622192,0.6870210256271605,0.3487599,0.4405122995376587,Davis,random,Validation,InHouse
Transformer,0.6602735020268999,0.4970166087150574,0.4359610974788666,0.3555977344512939,0.6991146805593497,0.34460592,0.4589430689811706,Davis,random,Test,InHouse
Random Forest,0.2198798407233164,0.1320091716695924,0.048347144356511,0.93089664656586,0.9765140523165476,0.0674788759916076,0.9309330983764368,Davis,random,Training,InHouse
Random Forest,0.5856173569562066,0.3568290165569189,0.3429476887683731,0.4770561492744289,0.6918421027295458,0.1866279049565671,0.4775794144811545,Davis,random,Validation,InHouse
Random Forest,0.5931488935163342,0.3543398295057915,0.3518256098796515,0.4799599658409815,0.6943677349419373,0.1905029952162094,0.4802658572658139,Davis,random,Test,InHouse
SVR,0.7410646770916453,0.3840492877180543,0.5491768556329445,0.2150526601362281,0.5092587966240167,0.0988718914189732,0.2584604511094002,Davis,random,Training,InHouse
SVR,0.7192669195329466,0.3766115523818455,0.5173449015344144,0.2111265250591256,0.5013116077336368,0.1005157964369574,0.2508844169029183,Davis,random,Validation,InHouse
SVR,0.7382701486874151,0.3803906108665966,0.5450428124429381,0.1943619940063196,0.4852847254922781,0.0979302641673749,0.2355003612456551,Davis,random,Test,InHouse
GBM,0.6060696549784865,0.3858770377339007,0.3673204266857416,0.4749829879988443,0.7010312531830298,0.214687614410117,0.4749829879988442,Davis,random,Training,InHouse
GBM,0.6420264442518702,0.4056196847286152,0.4121979551186998,0.3714598669986497,0.6110066147081643,0.2259953022163534,0.3716345954436982,Davis,random,Validation,InHouse
GBM,0.6483326502733874,0.4029191859912758,0.4203352254105144,0.3786946178946558,0.618443111033084,0.2153842708819127,0.3787141170646261,Davis,random,Test,InHouse
Linear Regression,0.6705923186185339,0.4395209288621639,0.4496940577901813,0.3572450280918705,0.5976997809033616,0.2668337821960449,0.3572450280919069,Davis,random,Training,InHouse
Linear Regression,0.6765055758165455,0.4452778763308682,0.4576597941108758,0.3021373728625501,0.5529245145911053,0.27610248455467,0.3022846163660321,Davis,random,Validation,InHouse
Linear Regression,0.6825378621800577,0.442499554675707,0.4658579333093234,0.3114066493502236,0.5592230193101233,0.2617654800415039,0.3114071063597895,Davis,random,Test,InHouse
MLP,0.3374990381915398,0.2043991244856312,0.1139056007802145,0.8371928871165442,0.9157833747476172,0.0949831008911132,0.8376100008653579,Davis,random,Training,InHouse
MLP,0.5747684290816868,0.3312323211010013,0.33035874706903,0.4962523995027271,0.7272648211695367,0.1252393722534179,0.4968034796598054,Davis,random,Validation,InHouse
MLP,0.561686196166023,0.3289377618922489,0.3154913829634561,0.5336662682704814,0.7415339987706834,0.1270937919616699,0.5337233972245693,Davis,random,Test,InHouse
XGBoost,0.2491900566365884,0.1680925127822882,0.0620956843265461,0.9112456365755502,0.9586874302718382,0.1060309410095214,0.9112456498854148,Davis,random,Training,InHouse
XGBoost,0.5552391295871354,0.3488503591882967,0.3082904910246797,0.5299031840759535,0.7279742016862021,0.1832725984199794,0.5299125309539908,Davis,random,Validation,InHouse
XGBoost,0.5643159026419723,0.3495824294967392,0.3184524379746239,0.5292894773095245,0.7275394302908057,0.1849751472473144,0.5292937143745859,Davis,random,Test,InHouse
GraphDTA,0.3492469187391013,0.2315642237663269,0.1219734102487564,0.8256614208221436,0.9148908916602444,0.1494937,0.8332602977752686,Davis,random,Training,InHouse
GraphDTA,0.5487334960593298,0.3406335115432739,0.3011084496974945,0.5408547520637512,0.7430699150345745,0.18457317,0.5505834817886353,Davis,random,Validation,InHouse
GraphDTA,0.5286646935116256,0.3289977610111236,0.2794863581657409,0.5868859887123108,0.7720708942219048,0.17909193,0.5959067940711975,Davis,random,Test,InHouse
FNN,0.4110621484479754,0.2422277480363845,0.1689720898866653,0.7584854364395142,0.8723491277081026,0.10357046,0.7599598169326782,Davis,random,Training,InHouse
FNN,0.5454852019259995,0.3157405853271484,0.2975541055202484,0.5462745428085327,0.7422843186308796,0.12982202,0.547526478767395,Davis,random,Validation,InHouse
FNN,0.5407505969971471,0.3089731633663177,0.292411208152771,0.5677815675735474,0.75528889651725,0.124639034,0.5691124200820923,Davis,random,Test,InHouse
DeepPurpose,0.503801788890591,0.2805047446030538,0.2538162424893596,0.6372163496828009,0.8078755238955921,0.1030254364013671,0.6478598043531517,Davis,random,Training,InHouse
DeepPurpose,0.5846029970185187,0.3257433985447064,0.3417606641230342,0.4788661840385324,0.6998701463077311,0.1096951961517334,0.4896329766660676,Davis,random,Validation,InHouse
DeepPurpose,0.5816221388442102,0.3197974561080954,0.3382843123937137,0.4999756116876651,0.7151462840464531,0.108069896697998,0.5113399265712694,Davis,random,Test,InHouse
MolTrans,0.5390283466182456,0.3384412516393217,0.2905515584579995,0.5848362703953065,0.7785305792782631,0.2289938926696777,0.5870045112387585,Davis,random,Training,InHouse
MolTrans,0.6477300337290748,0.4206552223840393,0.4195541965946684,0.3603251290158051,0.6301181756780234,0.2601759433746338,0.3616865467181694,Davis,random,Validation,InHouse
MolTrans,0.6515365345775428,0.4176940508461586,0.4244998558893135,0.3721378877505344,0.6338976777606337,0.2672076225280761,0.372889723706074,Davis,random,Test,InHouse
DCN,0.106555763301569,0.0767300426959991,0.01135413069278,0.9837713837623596,0.9920219419038264,0.055791378,0.983987033367157,Davis,random,Training,InHouse
DCN,0.5747828664471241,0.3555386364459991,0.3303753435611725,0.4962270855903625,0.7215186163833898,0.1825912,0.4963170289993286,Davis,random,Validation,InHouse
DCN,0.5527792868548337,0.3421630263328552,0.3055649399757385,0.548338770866394,0.7487880414481016,0.17190695,0.5483713150024414,Davis,random,Test,InHouse
GCN,0.3259275857875071,0.2221889942884445,0.1062287911772728,0.8481654524803162,0.9217762548379148,0.14798355,0.8490251898765564,Davis,random,Training,InHouse
GCN,0.5874782903190737,0.3655835390090942,0.3451307415962219,0.4737273454666137,0.7002936045912982,0.19351983,0.4740726351737976,Davis,random,Validation,InHouse
GCN,0.5680177061450846,0.3584023118019104,0.3226441144943237,0.5230937004089355,0.729935257157944,0.20029211,0.5233181118965149,Davis,random,Test,InHouse
DeepDTA,0.6505573505773555,0.3545016050338745,0.4232248663902282,0.0837228298187255,0.37844325,0.19546795,0.0837236046791076,Davis,cold_drug,Training,InHouse
DeepDTA,0.8680865807816901,0.5146215558052063,0.7535743117332458,-0.1064846515655517,0.00367221,0.1612649,-0.0129652023315429,Davis,cold_drug,Validation,InHouse
DeepDTA,0.6610752908991734,0.3951360285282135,0.4370205402374267,-0.0469902753829956,0.09117094,0.1612649,-0.0420237779617309,Davis,cold_drug,Test,InHouse
Diffusion,0.4521013404260148,0.2930444777011871,0.2043956220149994,0.6931884288787842,0.8563234759048205,0.18511486,0.7331782579421997,Davis,cold_drug,Training,InHouse
Diffusion,0.8757984401298722,0.5852754712104797,0.7670229077339172,0.1899102926254272,0.5425965790638116,0.31788826,0.1976085901260376,Davis,cold_drug,Validation,InHouse
Diffusion,0.8132071352268024,0.5153536200523376,0.661305844783783,-0.0640145540237426,0.3299980074522004,0.25245047,-0.0468541383743286,Davis,cold_drug,Test,InHouse
Random Forest,0.209139545294759,0.1199257076672047,0.0437393494060985,0.9343442989713218,0.977453017661454,0.0576003276545575,0.9343768388127668,Davis,cold_drug,Training,InHouse
Random Forest,0.8052505695006555,0.5954484239837564,0.6484284796811302,0.3151635169026193,0.5626776987786936,0.4196494423141095,0.3165427160276753,Davis,cold_drug,Validation,InHouse
Random Forest,0.7487320663565431,0.498646468615293,0.5605997071905389,0.0980174038371474,0.3477131481218477,0.3135424831983751,0.0980747363185337,Davis,cold_drug,Test,InHouse
SVR,0.7328400441470567,0.362790193269961,0.53705453030546,0.1938450809943664,0.4897680971954001,0.0950233096968711,0.2373146905127465,Davis,cold_drug,Training,InHouse
SVR,0.8754250120502453,0.5654473623073787,0.7663689517231721,0.1906009157537058,0.4868334612972077,0.3223165207773864,0.230132889088005,Davis,cold_drug,Validation,InHouse
SVR,0.8433593700968318,0.4988576347075392,0.711255027130125,-0.1443810042638165,-0.0077102171954314,0.2388614365698402,-0.0341505196883968,Davis,cold_drug,Test,InHouse
GBM,0.5885829224944762,0.3593654251569279,0.3464298566521386,0.4799855186554438,0.7039264782953619,0.1882464525464611,0.4799855186554438,Davis,cold_drug,Training,InHouse
GBM,0.8667888752434544,0.6632412073672529,0.7513229542458127,0.2064917168520073,0.4550245264036785,0.4827085174838323,0.206530282120669,Davis,cold_drug,Validation,InHouse
GBM,0.7577033427193701,0.5226334945666693,0.5741143555681072,0.0762728729830062,0.2886585912323249,0.3485656334493234,0.0773832491414421,Davis,cold_drug,Test,InHouse
Linear Regression,0.6641684536055424,0.4231709543245167,0.4411197347647776,0.3378496521594829,0.581248357011801,0.2448348999023437,0.3378496525289174,Davis,cold_drug,Training,InHouse
Linear Regression,0.8834377737106466,0.614156420285157,0.7804623000188236,0.175716253243807,0.4643905237397262,0.3895215988159179,0.1941385834381904,Davis,cold_drug,Validation,InHouse
Linear Regression,0.8162436916755207,0.5998253408830658,0.6662537642000824,-0.0719757649324108,0.215508880062927,0.4925501346588135,-0.0712188906080182,Davis,cold_drug,Test,InHouse
MLP,0.4982944962678307,0.3173630780543782,0.2482974050108111,0.6272889192239919,0.8057796861972786,0.1861257553100586,0.6425131195023739,Davis,cold_drug,Training,InHouse
MLP,0.9569069340062624,0.6217832349749475,0.9156708803492656,0.0329159729667528,0.4186356227530169,0.3055238723754883,0.0714362906121712,Davis,cold_drug,Validation,InHouse
MLP,0.8547345633184807,0.5240154972873698,0.730571173731234,-0.1754599146443545,0.230186827636755,0.2353243827819824,-0.1502724084151268,Davis,cold_drug,Test,InHouse
XGBoost,0.2286338015131908,0.1510798491727484,0.0522734151943731,0.9215340930683528,0.9632971783003555,0.0942788124084472,0.9215341035022432,Davis,cold_drug,Training,InHouse
XGBoost,0.8442781585505694,0.5994363514081558,0.7128056090055404,0.2471717364365379,0.5729546225815025,0.3956856727600097,0.2492196862975785,Davis,cold_drug,Validation,InHouse
XGBoost,0.7816144361315647,0.5084096442656267,0.6109211267692638,0.0170522443980047,0.3151802810927024,0.2888753414154053,0.024569304798602,Davis,cold_drug,Test,InHouse
GraphDTA,0.4606290528780356,0.2902107536792755,0.2121791243553161,0.6815049052238464,0.8469416109320953,0.17027187,0.7074207067489624,Davis,cold_drug,Training,InHouse
GraphDTA,0.9307529851295376,0.632097065448761,0.8663011193275452,0.08505779504776,0.4145710141645748,0.38035917,0.1712321043014526,Davis,cold_drug,Validation,InHouse
GraphDTA,0.8225927359179803,0.5561901926994324,0.6766588091850281,-0.0887168645858764,0.2086344218092932,0.3451333,-0.0664423704147338,Davis,cold_drug,Test,InHouse
FNN,0.4027372306478288,0.2370115965604782,0.1621972769498825,0.7565310001373291,0.8720202626211384,0.10475588,0.7579339742660522,Davis,cold_drug,Training,InHouse
FNN,0.8444010377451069,0.522822380065918,0.7130131125450134,0.2469525933265686,0.542606254391302,0.23452663,0.2836306691169739,Davis,cold_drug,Validation,InHouse
FNN,0.7903268711869539,0.4751241207122803,0.6246165633201599,-0.0049829483032226,0.3067026075035652,0.21860981,0.0108495354652404,Davis,cold_drug,Test,InHouse
DeepPurpose,0.6774271958546827,0.4260398335771621,0.4589076056835386,0.311148863262608,0.5751736006412984,0.2568936347961426,0.3116358212781543,Davis,cold_drug,Training,InHouse
DeepPurpose,0.7928969047344788,0.5544081705793898,0.6286855015375171,0.3360150250356201,0.5849687640955448,0.3504505157470703,0.3367183656241865,Davis,cold_drug,Validation,InHouse
DeepPurpose,0.7365526931225008,0.4733944019161786,0.5425098697460089,0.1271232316374377,0.3766326447400171,0.2984576225280761,0.1417911096405429,Davis,cold_drug,Test,InHouse
DCN,0.1345945115055696,0.092172585427761,0.0181156825274229,0.9728071689605712,0.9865899261990204,0.063135624,0.9733461737632751,Davis,cold_drug,Training,InHouse
DCN,0.9705038806438736,0.6582247614860535,0.941877782344818,0.0052376389503479,0.4683435169410246,0.38064766,0.0390765070915222,Davis,cold_drug,Validation,InHouse
DCN,0.9402851060938284,0.5993666052818298,0.8841360807418823,-0.4225395917892456,0.1731592559394066,0.28994656,-0.3600444793701172,Davis,cold_drug,Test,InHouse
GCN,0.3210662486604003,0.2108074575662613,0.103083536028862,0.8452646732330322,0.9194708328137252,0.12750101,0.845415472984314,Davis,cold_drug,Training,InHouse
GCN,0.9660720111511748,0.6564621329307556,0.9332951307296752,0.0143021941184997,0.500462559601468,0.44792843,0.0167431235313415,Davis,cold_drug,Validation,InHouse
GCN,1.0425483913762497,0.7344217300415039,1.086907148361206,-0.7487901449203491,0.1489021470181208,0.49020004,-0.7465502023696899,Davis,cold_drug,Test,InHouse
DeepDTA,0.6800595503915676,0.442518025636673,0.4624809920787811,-0.0093687772750854,0.00391524,0.2816105,-0.0093683004379272,Davis,cold_protein,Training,InHouse
DeepDTA,0.712926409097614,0.4646659791469574,0.5082640647888184,-0.0003999471664428,,0.28554106,0.0,Davis,cold_protein,Validation,InHouse
DeepDTA,0.7296802528560582,0.4808713793754577,0.532433271408081,-0.0003284215927124,,0.28554106,0.0,Davis,cold_protein,Test,InHouse
Diffusion,0.4087283756940588,0.2641822099685669,0.1670588850975036,0.7493710517883301,0.8708754276568381,0.15978909,0.7581093311309814,Davis,cold_protein,Training,InHouse
Diffusion,0.6989126547731663,0.4033397138118744,0.4884788990020752,0.3205845355987549,0.5963797199339513,0.17979527,0.3448017835617065,Davis,cold_protein,Validation,InHouse
Diffusion,0.7118557460013102,0.4147747159004211,0.5067386031150818,0.3322718143463135,0.6154084962134467,0.1855526,0.3679307103157043,Davis,cold_protein,Test,InHouse
Random Forest,0.212294290320983,0.1253828362057993,0.0450688657028898,0.9323857417787398,0.976647724284835,0.0608423020115185,0.9324204674815546,Davis,cold_protein,Training,InHouse
Random Forest,0.6811299889596185,0.411561919628409,0.46393806186013,0.3547179634362947,0.5971003075089925,0.2044718068500248,0.3561975462236114,Davis,cold_protein,Validation,InHouse
Random Forest,0.6676836159503894,0.41110661530332,0.4458014110085871,0.4125685295147958,0.6438969814521489,0.210501996705096,0.4126157899686899,Davis,cold_protein,Test,InHouse
SVR,0.7230442521595289,0.3753633634553526,0.5227929905809325,0.215683383415228,0.5071356376442419,0.0981096740282718,0.2564278737018468,Davis,cold_protein,Training,InHouse
SVR,0.7516351435121909,0.3773360138292326,0.5649553889625917,0.2142150128925416,0.5046351401672293,0.0991942726649384,0.2522885582094332,Davis,cold_protein,Validation,InHouse
SVR,0.7959744098278666,0.4144601182699831,0.6335752611008205,0.1651393690085626,0.4710656718780071,0.1017304926983135,0.2213008980353872,Davis,cold_protein,Test,InHouse
GBM,0.5985188286320815,0.3788977914748057,0.3582247882271189,0.4625757059847282,0.6917475006739802,0.2151917865665078,0.4625757059847282,Davis,cold_protein,Training,InHouse
GBM,0.7046762861876132,0.4441611961264382,0.4965686683151669,0.309332715019313,0.5580908461271867,0.2554712452398857,0.3097834955856968,Davis,cold_protein,Validation,InHouse
GBM,0.7180985951651087,0.4554054522410936,0.5156655923781026,0.3205086620879765,0.5691765449597302,0.2637426343331142,0.3209641164911428,Davis,cold_protein,Test,InHouse
Linear Regression,0.6575560547672419,0.4302652001208508,0.43237996516106,0.3513249078237875,0.5927266736947366,0.262270450592041,0.3513249097088555,Davis,cold_protein,Training,InHouse
Linear Regression,0.7612717294469287,0.5146224720775306,0.5795346460551177,0.1939370200274351,0.4753497694178921,0.3406794178037593,0.199093443836772,Davis,cold_protein,Validation,InHouse
Linear Regression,0.796152405425901,0.5530490903339995,0.6338586526654483,0.164765944610565,0.440551271503827,0.3882791996002197,0.1648826401202697,Davis,cold_protein,Test,InHouse
MLP,0.3040799836354494,0.1904260560460386,0.0924646364477352,0.8612805601470631,0.9330858237903732,0.1038935184478759,0.8650263672928137,Davis,cold_protein,Training,InHouse
MLP,0.7064804889671684,0.4062954776802033,0.4991146812912894,0.3057915172314814,0.6124591160788988,0.1465163230895996,0.3060818913739683,Davis,cold_protein,Validation,InHouse
MLP,0.7114525528450495,0.4027322361532579,0.5061647349497379,0.3330279195694363,0.622168877169545,0.1453797817230224,0.3357490996545169,Davis,cold_protein,Test,InHouse
XGBoost,0.2442909737879954,0.1648044850639962,0.059678079874287,0.9104683679112362,0.9583007354450938,0.1036181449890136,0.9104683905003624,Davis,cold_protein,Training,InHouse
XGBoost,0.7199140826987481,0.4559117133942919,0.51827628646798,0.2791400293956499,0.5479284926490661,0.2335755825042724,0.2808506898061068,Davis,cold_protein,Validation,InHouse
XGBoost,0.6871362395505886,0.4267810108488188,0.4721562117037238,0.3778408706416156,0.6195879949884816,0.2122871760516602,0.3778559243570548,Davis,cold_protein,Test,InHouse
GraphDTA,0.6865731624214615,0.4453511238098144,0.4713827073574066,0.2928113341331482,0.596198182037257,0.27930307,0.3553211092948913,Davis,cold_protein,Training,InHouse
GraphDTA,0.8179745008089763,0.4837414026260376,0.6690822839736938,0.0693868994712829,0.4062222589218898,0.26424098,0.1516757607460022,Davis,cold_protein,Validation,InHouse
GraphDTA,0.8784667208821392,0.5458512902259827,0.7717037796974182,-0.0168721675872802,0.3890045568495694,0.32216,0.132754385471344,Davis,cold_protein,Test,InHouse
FNN,0.3880210296152459,0.2138081490993499,0.1505603194236755,0.7741228938102722,0.8808221051827037,0.06690717,0.7741492390632629,Davis,cold_protein,Training,InHouse
FNN,0.6756090815854104,0.3766404986381531,0.4564476311206817,0.3651362061500549,0.6289922432067396,0.10939765,0.3653757572174072,Davis,cold_protein,Validation,InHouse
FNN,0.6727951092560982,0.3672234117984772,0.4526532590389251,0.4035399556159973,0.6460690265914204,0.09309435,0.4086026549339294,Davis,cold_protein,Test,InHouse
DeepPurpose,0.4859181475126657,0.2966159060280681,0.2361164460821407,0.645767913021595,0.80360613688518,0.1482200622558593,0.6457828199094358,Davis,cold_protein,Training,InHouse
DeepPurpose,0.6673917192895987,0.3853321448845532,0.4454117069763265,0.3804858945294905,0.6183348694259628,0.1681339746528811,0.3823371282434925,Davis,cold_protein,Validation,InHouse
DeepPurpose,0.6833943215005682,0.4060456412942,0.4670277986592219,0.3845985684451545,0.6228783172564176,0.1886914002891142,0.3878211858011814,Davis,cold_protein,Test,InHouse
DCN,0.1002938278889468,0.069389559328556,0.0100588519126176,0.9849092960357666,0.9926272933753264,0.048147917,0.9850648641586304,Davis,cold_protein,Training,InHouse
DCN,0.7031816459726052,0.4186895489692688,0.4944644272327423,0.3122594356536865,0.6015046057657081,0.17968488,0.3134714961051941,Davis,cold_protein,Validation,InHouse
DCN,0.6945899681097848,0.4103207290172577,0.4824552237987518,0.3642699718475342,0.6285953250472431,0.17749977,0.3674614429473877,Davis,cold_protein,Test,InHouse
GCN,0.3065917346636543,0.2097665220499038,0.0939984917640686,0.8589794039726257,0.9277767443555768,0.13724113,0.8605008125305176,Davis,cold_protein,Training,InHouse
GCN,0.7187169938179832,0.4398741722106933,0.5165541172027588,0.281535267829895,0.5967730333537489,0.20355678,0.282306969165802,Davis,cold_protein,Validation,InHouse
GCN,0.7106023983812643,0.4330868422985077,0.5049557685852051,0.3346210718154907,0.6179335293717632,0.21467733,0.3360599875450134,Davis,cold_protein,Test,InHouse
DeepDTA,0.5802448944909201,0.3452859222888946,0.3366841375827789,0.4886345863342285,0.69931439,0.14336967,0.4886345863342285,Kiba,random,Training,InHouse
DeepDTA,0.559653736972593,0.3086141943931579,0.3132123053073883,0.481630265712738,0.69626002,0.07666397,0.4846299290657043,Kiba,random,Validation,InHouse
DeepDTA,0.5732262006411751,0.3168983161449432,0.3285882771015167,0.4905442595481872,0.70249892,0.09527397,0.4934616088867187,Kiba,random,Test,InHouse
Diffusion,0.4333841831223492,0.2991105318069458,0.1878218501806259,0.733027458190918,0.878982134685661,0.2048769,0.7705790996551514,Kiba,random,Training,InHouse
Diffusion,0.5018539033781105,0.3354813754558563,0.2518573403358459,0.6136524677276611,0.808533164911017,0.21639109,0.6537198424339294,Kiba,random,Validation,InHouse
Diffusion,0.5115603427456978,0.3384915888309479,0.2616939842700958,0.6216551065444946,0.8128691091654275,0.21612072,0.6606699228286743,Kiba,random,Test,InHouse
Random Forest,0.1978097185160451,0.1249649253326907,0.039128684739397,0.944381957310328,0.9821245089096514,0.0720001481200007,0.9444552820552724,Kiba,random,Training,InHouse
Random Forest,0.5039209036649466,0.3242087038519188,0.2539362771504963,0.6104633786542717,0.7911991499445302,0.1930226034100126,0.6113438991682074,Kiba,random,Validation,InHouse
Random Forest,0.5227633826672677,0.3341585835625821,0.2732815542577241,0.6049023448496935,0.787152985680855,0.1960226838199998,0.605634724032289,Kiba,random,Test,InHouse
SVR,0.6430550972153192,0.38825782687591,0.4135198580546035,0.4122172704887494,0.6708811468371837,0.206630239086655,0.4362847227241402,Kiba,random,Training,InHouse
SVR,0.6274416766327235,0.3867649942088985,0.3936830575756832,0.3960927132982987,0.6552456461274704,0.2121525886147042,0.4199635075369516,Kiba,random,Validation,InHouse
SVR,0.6436059863096457,0.394263798397787,0.4142286656136118,0.4011276212018519,0.6593320537575234,0.2170108967401347,0.4237896969621423,Kiba,random,Test,InHouse
GBM,0.6674985153213496,0.4598332840093123,0.4455542679562059,0.3666831261822872,0.6404132233967933,0.3131895461473313,0.3666831261822872,Kiba,random,Training,InHouse
GBM,0.6524840057277612,0.4497503737510813,0.4257353777305451,0.3469246596451498,0.6188612244792242,0.3063565769629521,0.3469352749680666,Kiba,random,Validation,InHouse
GBM,0.6705525919999247,0.4630746110146475,0.4496407786378174,0.3499304489017175,0.6225014934734727,0.318593425541521,0.3499975965670995,Kiba,random,Test,InHouse
Linear Regression,0.7108026331066675,0.5004441662612892,0.5052403832313718,0.2818444731719943,0.5308902684870006,0.3558441162109371,0.2818444771741698,Kiba,random,Training,InHouse
Linear Regression,0.6912689925226649,0.4916746446522135,0.4778528200233002,0.266976837255563,0.5175028164817264,0.3521310559646,0.2670292754379183,Kiba,random,Validation,InHouse
Linear Regression,0.7133709700924812,0.503822736698881,0.5088981409706876,0.2642589334139599,0.5145793035463903,0.3608771021809076,0.2643222484453045,Kiba,random,Test,InHouse
MLP,0.373934088646812,0.2625105579374189,0.1398267026521219,0.8012484301719563,0.9106811932512904,0.1859651565551754,0.8293397658920424,Kiba,random,Training,InHouse
MLP,0.4967037037362247,0.3297370718581293,0.2467145693052833,0.6215414321956451,0.8115192015763226,0.2076285170917975,0.6524845304921212,Kiba,random,Validation,InHouse
MLP,0.5155407742084543,0.3394135181893444,0.2657822898714524,0.6157444296088204,0.8074321736416941,0.2120122649326168,0.6449782156120025,Kiba,random,Test,InHouse
XGBoost,0.4324580727794466,0.2968641339218854,0.1870199847121131,0.7341672595739699,0.8619013651285594,0.2019898032148432,0.7341672638761683,Kiba,random,Training,InHouse
XGBoost,0.5194404799945651,0.3488100372048394,0.2698184122569842,0.5861002852098833,0.7661682921383788,0.2301480784638672,0.5861255856482493,Kiba,random,Validation,InHouse
XGBoost,0.5251106092121092,0.3516772864119444,0.2757411519071124,0.601346373915153,0.7762633629397215,0.2294100761413577,0.601362666601146,Kiba,random,Test,InHouse
GraphDTA,0.5165515435563243,0.3440883755683899,0.2668254971504211,0.6207306385040283,0.7892860442662667,0.2126131,0.6207313537597656,Kiba,random,Training,InHouse
GraphDTA,0.5281735426133294,0.3497747778892517,0.2789672911167145,0.5720659494400024,0.756449137951458,0.21345472,0.5720794796943665,Kiba,random,Validation,InHouse
GraphDTA,0.545903978677923,0.3603849411010742,0.2980111539363861,0.5691494941711426,0.7546350851630231,0.21732569,0.5691664218902588,Kiba,random,Test,InHouse
FNN,0.3356145370884186,0.2323320657014846,0.1126371175050735,0.8398960828781128,0.9211116906842964,0.15565681,0.8468805551528931,Kiba,random,Training,InHouse
FNN,0.4511723704149573,0.2978712022304535,0.2035565078258514,0.6877456307411194,0.8342208871904111,0.18347216,0.6951625347137451,Kiba,random,Validation,InHouse
FNN,0.4661087326828497,0.3050815165042877,0.2172573506832122,0.6858994960784912,0.8331632995430284,0.18596935,0.693533182144165,Kiba,random,Test,InHouse
DeepPurpose,0.5245826203082034,0.3516731251975197,0.2751869255294206,0.6088455752174937,0.7823246652005985,0.2251595988154289,0.6089518032783254,Kiba,random,Training,InHouse
DeepPurpose,0.5489308680307555,0.3651633092200023,0.3013250978769988,0.5377692314355189,0.733641341076182,0.2305387155925302,0.5378969463163095,Kiba,random,Validation,InHouse
DeepPurpose,0.5602320928905303,0.3722975645647317,0.3138599979045038,0.546235934019156,0.7394390235588469,0.2310824341877433,0.5463572729259536,Kiba,random,Test,InHouse
MolTrans,0.0647545186736287,0.0507184595312204,0.0041931476886533,-0.9270019823481296,0.4745823688993462,0.0495282113552093,0.2125271978016437,Kiba,random,Training,InHouse
MolTrans,0.0566153680313241,0.0502402872860837,0.0032052998973222,-2.847779082404159,0.4998504814896425,0.049213171005249,0.090549072088071,Kiba,random,Validation,InHouse
MolTrans,0.0570289705505601,0.0504487024221037,0.0032523034820566,-2.535582062148877,0.5214682624428979,0.0491152107715606,0.1374344973330439,Kiba,random,Test,InHouse
DCN,0.1462014390437076,0.1055179461836814,0.0213748607784509,0.969617486000061,0.9857977907626438,0.0804081,0.9714881777763368,Kiba,random,Training,InHouse
DCN,0.4804101768704877,0.3128722906112671,0.2307939380407333,0.6459635496139526,0.8182677405331276,0.19072151,0.6487166881561279,Kiba,random,Validation,InHouse
DCN,0.4906206167231795,0.3185594975948334,0.240708589553833,0.6519948244094849,0.8213531440759863,0.19202805,0.654059886932373,Kiba,random,Test,InHouse
GCN,0.3386821846454246,0.2367390543222427,0.1147056221961975,0.8369559049606323,0.9154927381960454,0.16635513,0.8371835947036743,Kiba,random,Training,InHouse
GCN,0.4846895642362671,0.327390968799591,0.2349239736795425,0.6396281719207764,0.8026875030308739,0.21347189,0.639893651008606,Kiba,random,Validation,InHouse
GCN,0.4912483398273555,0.3294555246829986,0.2413249313831329,0.6511037349700928,0.8096661068036861,0.215137,0.6513371467590332,Kiba,random,Test,InHouse
DeepDTA,0.5782981304023043,0.3510612249374389,0.3344287276268005,0.4901825785636902,0.70048082,0.14810658,0.490182876586914,Kiba,cold_drug,Training,InHouse
DeepDTA,0.7048133923727131,0.4711562693119049,0.4967619180679321,0.1193227767944336,0.38277286,0.16260242,0.1194903850555419,Kiba,cold_drug,Validation,InHouse
DeepDTA,0.7645560217266155,0.5020768642425537,0.584545910358429,0.131276786327362,0.40237331,0.16260242,0.1389904618263244,Kiba,cold_drug,Test,InHouse
Diffusion,0.46821142091599,0.3334393799304962,0.2192219346761703,0.6856921911239624,0.881425317898582,0.24147892,0.7733514308929443,Kiba,cold_drug,Training,InHouse
Diffusion,0.6800729382189531,0.4470361471176147,0.46249920129776,0.2484734654426574,0.5976970692368642,0.27823544,0.3480737805366516,Kiba,cold_drug,Validation,InHouse
Diffusion,0.7415743654300917,0.4927771091461181,0.5499325394630432,0.2476656436920166,0.6035603235763878,0.31546497,0.3559217453002929,Kiba,cold_drug,Test,InHouse
Random Forest,0.1873450012685427,0.1183723824106492,0.0350981495003102,0.9496782801791178,0.983125076298648,0.0689794324000114,0.9497391351514936,Kiba,cold_drug,Training,InHouse
Random Forest,0.6315607776106156,0.4063215553234089,0.3988690158161255,0.3518677380175913,0.5965848027774895,0.2385305987900015,0.3520138143692097,Kiba,cold_drug,Validation,InHouse
Random Forest,0.678142766166296,0.4304943317290608,0.4598776113036756,0.3708651081347969,0.6133037588834815,0.2600088783299981,0.37088639756697,Kiba,cold_drug,Test,InHouse
SVR,0.6263655683545379,0.3822859989492875,0.3923338252201033,0.4374941952764066,0.6868339114188443,0.2053615600203162,0.461063612908802,Kiba,cold_drug,Training,InHouse
SVR,0.7020839518692334,0.4648103482902984,0.4929218754723201,0.1990388888021266,0.4789532346494536,0.2942013989165417,0.2267396467054472,Kiba,cold_drug,Validation,InHouse
SVR,0.7681840578061268,0.5016140923012684,0.5901067466674867,0.1927053304440595,0.4717436445870804,0.3109093053948548,0.2165580522019502,Kiba,cold_drug,Test,InHouse
GBM,0.6583291012449453,0.457728272557926,0.4333972055459774,0.3786198685932095,0.6493419681729737,0.3176895286627612,0.3786198685932095,Kiba,cold_drug,Training,InHouse
GBM,0.6975056856547942,0.4763203709520677,0.4865141815207646,0.2094509113213867,0.4685347529585189,0.3162137200278963,0.2096016328058947,Kiba,cold_drug,Validation,InHouse
GBM,0.7523638360928044,0.5070492899959133,0.5660513418602803,0.2256142917201975,0.4884719360350295,0.3442091697470957,0.2257557055625838,Kiba,cold_drug,Test,InHouse
Linear Regression,0.6919029766133312,0.4908957599259247,0.478729729046388,0.3136246885384589,0.56002205309382,0.3511269736328124,0.3136246999513458,Kiba,cold_drug,Training,InHouse
Linear Regression,0.7687649150550284,0.5501599810647194,0.5909994946195651,0.0396701070037004,0.3385745401038689,0.3840869116821288,0.0402717135217606,Kiba,cold_drug,Validation,InHouse
Linear Regression,0.8381996017505872,0.6058908440549978,0.702578572374843,0.0388384141928268,0.3473165939949768,0.4522459634848648,0.039263676797853,Kiba,cold_drug,Test,InHouse
MLP,0.3180925892023263,0.2191172320959535,0.1011828953054399,0.854929750408038,0.9247391784483698,0.1488990321040031,0.8551073752601258,Kiba,cold_drug,Training,InHouse
MLP,0.6817108976298122,0.4522361294965408,0.4647297479472442,0.2448489834908233,0.5712224492475049,0.274738946707032,0.244850543099277,Kiba,cold_drug,Validation,InHouse
MLP,0.7901891346017534,0.5171905521963095,0.624398868442668,0.1457920435290967,0.5324827736437276,0.3061775207519535,0.1458396050488279,Kiba,cold_drug,Test,InHouse
XGBoost,0.4212529754357299,0.288596023476511,0.1774540693134557,0.7455765023455669,0.8678718310508731,0.1952940614531257,0.7455765085653063,Kiba,cold_drug,Training,InHouse
XGBoost,0.675871916442921,0.4513492734597012,0.4568028474362268,0.2577296028294875,0.5185609396509883,0.2804352488686508,0.2587126533606484,Kiba,cold_drug,Validation,InHouse
XGBoost,0.7245210489815269,0.4805199944916511,0.5249307504172921,0.2818692565522086,0.5416236400250156,0.3057914846538079,0.2823778290331291,Kiba,cold_drug,Test,InHouse
GraphDTA,0.5149145723061486,0.3422954976558685,0.2651370167732239,0.6198616623878479,0.7923530926880804,0.21096134,0.6258506178855896,Kiba,cold_drug,Training,InHouse
GraphDTA,0.614285733751284,0.4023626148700714,0.3773469626903534,0.3868394494056701,0.6282757634846923,0.23612595,0.3911920189857483,Kiba,cold_drug,Validation,InHouse
GraphDTA,0.6890097643336132,0.4378187954425812,0.4747344553470611,0.3505402207374573,0.6053329940067299,0.25977135,0.3577075600624084,Kiba,cold_drug,Test,InHouse
FNN,0.3308950956624151,0.2244354337453842,0.1094915643334388,0.8430172204971313,0.9205685939964594,0.1445694,0.845166027545929,Kiba,cold_drug,Training,InHouse
FNN,0.643632967967937,0.4231132566928863,0.4142633974552154,0.3268529772758484,0.596562808205032,0.25494003,0.3272634744644165,Kiba,cold_drug,Validation,InHouse
FNN,0.711286438208019,0.4597706496715545,0.5059283971786499,0.3078654408454895,0.5893303772319055,0.27658558,0.3079268336296081,Kiba,cold_drug,Test,InHouse
DeepPurpose,0.4895457956921619,0.3270197935779,0.2396550860798719,0.6563962411963026,0.8120874622177056,0.2093712480375984,0.6564276675242613,Kiba,cold_drug,Training,InHouse
DeepPurpose,0.648104279579066,0.4394358644169751,0.4200391572087001,0.3174678446110247,0.5819719343766008,0.2813981891958015,0.3199773854493902,Kiba,cold_drug,Validation,InHouse
DeepPurpose,0.7039298893297079,0.4546452101695478,0.4955172890917348,0.3221082991922214,0.5802824335860342,0.2779235377192375,0.3222190779333702,Kiba,cold_drug,Test,InHouse
DCN,0.144770514420576,0.1045856475830078,0.0209585018455982,0.9699509143829346,0.9854881356474484,0.07898712,0.9708698987960817,Kiba,cold_drug,Training,InHouse
DCN,0.7237546666312767,0.4901221990585327,0.5238208174705505,0.1488303542137146,0.5327337719711027,0.31220055,0.1542014479637146,Kiba,cold_drug,Validation,InHouse
DCN,0.7841520957795692,0.521694004535675,0.6148945093154907,0.1587944030761718,0.5414973024154395,0.32751274,0.1610398292541504,Kiba,cold_drug,Test,InHouse
GCN,0.3194255878001508,0.220684677362442,0.1020327061414718,0.8537113666534424,0.925006294832555,0.15215397,0.8555225133895874,Kiba,cold_drug,Training,InHouse
GCN,0.7606945488132791,0.5328285694122314,0.5786561965942383,0.0597269535064697,0.4923056506089577,0.36294746,0.064404010772705,Kiba,cold_drug,Validation,InHouse
GCN,0.8508197099664183,0.5750910639762878,0.7238941788673401,0.0096776485443115,0.467665090560713,0.3692732,0.0104362368583679,Kiba,cold_drug,Test,InHouse
DeepDTA,0.5951120915334,0.350504606962204,0.3541584014892578,0.4512875080108642,0.67219838,0.13241386,0.451287567615509,Kiba,cold_protein,Training,InHouse
DeepDTA,0.6783943590586436,0.3774530291557312,0.4602189064025879,0.2620458006858825,0.5549735,0.06877899,0.300311267375946,Kiba,cold_protein,Validation,InHouse
DeepDTA,0.7386104515839154,0.4087978899478912,0.5455453991889954,0.2064073085784912,0.5159667,0.06877899,0.2630382776260376,Kiba,cold_protein,Test,InHouse
Diffusion,0.3929584046778598,0.2705899775028229,0.1544163078069687,0.7750279903411865,0.8923569871102635,0.18467951,0.7957673072814941,Kiba,cold_protein,Training,InHouse
Diffusion,0.6210674064375628,0.4173239469528198,0.3857247233390808,0.426599383354187,0.6842994431591568,0.26864862,0.4671940803527832,Kiba,cold_protein,Validation,InHouse
Diffusion,0.6755253081123263,0.4432435929775238,0.4563344419002533,0.3912078142166137,0.6508424514280378,0.28122616,0.4223572015762329,Kiba,cold_protein,Test,InHouse
Random Forest,0.1906252917238786,0.11708779309844,0.0363380018448138,0.9470584775939386,0.981596166168384,0.064000254279998,0.9471105523182138,Kiba,cold_protein,Training,InHouse
Random Forest,0.6509589480066401,0.4585644336307558,0.4237475519899115,0.3700763105457442,0.6100721169930459,0.3449908762250011,0.3715781861587197,Kiba,cold_protein,Validation,InHouse
Random Forest,0.7015308407014276,0.4905037252339704,0.4921455204552518,0.3434326027348173,0.588425106418142,0.3560879383099973,0.3443563613942362,Kiba,cold_protein,Test,InHouse
SVR,0.6268166913736082,0.3738759340079361,0.3928991645845572,0.4275777734282652,0.6812404807534725,0.1892908465495173,0.449692704512029,Kiba,cold_protein,Training,InHouse
SVR,0.704672767081107,0.4657332676410615,0.496563708665744,0.261831149364939,0.5483155750920519,0.3024642657567904,0.3005965315424936,Kiba,cold_protein,Validation,InHouse
SVR,0.7434251684633038,0.4834183329408233,0.5526809811046915,0.2626727295085296,0.5456066595487699,0.2997813258781558,0.2963955396445081,Kiba,cold_protein,Test,InHouse
GBM,0.6535964960317061,0.4470160345137452,0.4271883796249239,0.3776211672808384,0.645402814921444,0.2976974167065496,0.3776211672808384,Kiba,cold_protein,Training,InHouse
GBM,0.7232439465571084,0.5202162771776196,0.5230818062315016,0.2224105609096514,0.4829803378332204,0.3863362575028306,0.2263742051559985,Kiba,cold_protein,Validation,InHouse
GBM,0.7712007491505647,0.5447597065868356,0.5947505954903922,0.2065479938904577,0.4683992187547363,0.3943877350060329,0.2099814995063402,Kiba,cold_protein,Test,InHouse
Linear Regression,0.6960864263878938,0.4871288233970018,0.4845363130014686,0.2940698781163526,0.5422821033557813,0.3399242231728516,0.2940698796199302,Kiba,cold_protein,Training,InHouse
Linear Regression,0.7579618122380087,0.5465375007181246,0.5745061088111264,0.145965549589939,0.4119581507735685,0.3976127298186043,0.1507404731232889,Kiba,cold_protein,Validation,InHouse
Linear Regression,0.7920884826707771,0.5527428470440882,0.627404164379694,0.1629851291563926,0.4195656970878684,0.3896089553833004,0.1697299556372796,Kiba,cold_protein,Test,InHouse
MLP,0.3100944582393993,0.2145869854929815,0.0961585730307865,0.8599047556223613,0.930165404489142,0.1468871688986812,0.8599245375653177,Kiba,cold_protein,Training,InHouse
MLP,0.7065886921162974,0.4987819367832308,0.4992675798266196,0.2578116984218732,0.6169737849567357,0.3448992457790529,0.2886644382871911,Kiba,cold_protein,Validation,InHouse
MLP,0.7196690694067357,0.4796922791007563,0.5179235694607569,0.3090423140119562,0.6109336465161949,0.3012784275839859,0.3170116457154267,Kiba,cold_protein,Test,InHouse
XGBoost,0.4165049789937955,0.2855864982623489,0.1734763975266221,0.7472589542539958,0.8690600617808342,0.1919942879509282,0.7472589626646242,Kiba,cold_protein,Training,InHouse
XGBoost,0.6402013290783285,0.4565994547897204,0.4098577417536582,0.3907242658407129,0.6289605184675925,0.3433243801071777,0.3925469400406168,Kiba,cold_protein,Validation,InHouse
XGBoost,0.6873731646721586,0.4869997766080798,0.4724818675114184,0.3696657246417603,0.6092122330346084,0.3632216959272458,0.3702074252195245,Kiba,cold_protein,Test,InHouse
GraphDTA,0.5279123137589912,0.3879143595695495,0.2786914110183716,0.5939692258834839,0.7886158793849887,0.2930293,0.6201964616775513,Kiba,cold_protein,Training,InHouse
GraphDTA,0.7038715425967684,0.5007609724998474,0.4954351484775543,0.2635088562965393,0.5439869182924335,0.35007763,0.2958934307098388,Kiba,cold_protein,Validation,InHouse
GraphDTA,0.7786857484178862,0.530634343624115,0.6063514947891235,0.1910712718963623,0.4612780281978823,0.36412144,0.211008608341217,Kiba,cold_protein,Test,InHouse
FNN,0.3167376489933476,0.2131544947624206,0.100322738289833,0.8538379073143005,0.9266118512048604,0.1352787,0.8551939725875854,Kiba,cold_protein,Training,InHouse
FNN,0.6731992136246321,0.4733646810054779,0.453197181224823,0.3262978792190552,0.6042015608319166,0.33835316,0.3283162117004394,Kiba,cold_protein,Validation,InHouse
FNN,0.6749384260350532,0.4565906822681427,0.4555418789386749,0.3922652006149292,0.6320336365321089,0.30456448,0.3935198783874511,Kiba,cold_protein,Test,InHouse
DeepPurpose,0.5157286579483523,0.3465844754533744,0.2659760486292086,0.6124944624606927,0.78502622314038,0.2188841906057135,0.6155960302031336,Kiba,cold_protein,Training,InHouse
DeepPurpose,0.6438844731129207,0.4631641546017002,0.4145872147159035,0.3836936480977634,0.6203573632029729,0.3490301461179195,0.3837630883356074,Kiba,cold_protein,Validation,InHouse
DeepPurpose,0.7138254696067559,0.5033677312016729,0.5095468010593056,0.3202176936471229,0.5673352352338751,0.3672355651855472,0.321468976705047,Kiba,cold_protein,Test,InHouse
DCN,0.1275649513268892,0.089844100177288,0.0162728168070316,0.976291835308075,0.9881190666629142,0.06676626,0.9762953519821168,Kiba,cold_protein,Training,InHouse
DCN,0.7049626813304617,0.4937392771244049,0.496972382068634,0.2612237334251404,0.6054292884551785,0.34145117,0.2743210792541504,Kiba,cold_protein,Validation,InHouse
DCN,0.7196812194868206,0.4834930300712585,0.5179410576820374,0.3090189099311828,0.6013721650269857,0.30863,0.3127714991569519,Kiba,cold_protein,Test,InHouse
GCN,0.3295100927999598,0.2301940023899078,0.1085769012570381,0.841812252998352,0.9207118192471256,0.1595335,0.8477094173431396,Kiba,cold_protein,Training,InHouse
GCN,0.7880762943401077,0.5602790117263794,0.6210642457008362,0.0767544507980346,0.5553478868419691,0.3897152,0.0898807644844055,Kiba,cold_protein,Validation,InHouse
GCN,0.7086387191012372,0.4785164296627044,0.5021688342094421,0.3300605416297912,0.6166008898833816,0.31173992,0.3492247462272644,Kiba,cold_protein,Test,InHouse
