Drug Name,ICD10,logit_or,logit_p
Dextrose,C61,0.8454954682872934,6.023344172011931e-05
Pantoprazole,C61,0.8881093302227775,0.0050595675936904
Magnesium Hydroxide,C61,0.8373364367134849,5.907152728722442e-05
Perflutren,C61,0.7774201167112954,1.6067378723703662e-08
Hydralazine,C61,0.8125756304964318,4.750561622485477e-06
Clopidogrel,C61,0.8270103253222106,3.120758749843286e-05
Aluminum Hydroxide,C61,0.8047603291863953,3.930606414839729e-06
Furosemide,C61,0.6971323310825913,1.3451479236415346e-14
Vancomycin,C61,0.6549598733215595,8.291822993378014e-20
Ipratropium,C61,0.6855372755690011,3.0810635784753545e-15
Metronidazole,C61,0.8093354194424243,1.9898044949189737e-05
Sulfur Hexafluoride,C50,0.816521051156806,6.849117940510055e-05
Mupirocin,C61,0.8953298191682828,0.0335899134677098
Sulfur Hexafluoride,C61,0.6428154790045524,7.033570056779422e-19
Valsartan,C61,0.8112435064313301,6.09287019562432e-05
Ceftriaxone,C44,0.8191683744116414,0.0001387925310017
Perflutren,C44,0.8843582715915289,0.0209947552914725
Apixaban,C61,0.7426279634274419,1.2110864539621505e-08
Acetylcysteine,C61,0.7089975421694324,4.228889260044792e-11
Lorazepam,C61,0.6221086100486637,2.247066032155643e-20
Naloxone,C61,0.814573060574778,0.0001166947934154
Carvedilol,C61,0.6565887915632704,6.560961727450203e-16
Glycopyrronium,C61,0.788811679334505,9.88400498721082e-06
Magnesium Sulfate Anhydrous,C61,0.638124960849558,1.0051610438776214e-17
Levothyroxine,C61,0.8428430883652054,0.0017253048170088
Haloperidol,C61,0.6090871463523342,2.782108741615869e-21
Guaifenesin,C61,0.7610229992560013,4.877850950895899e-07
Haloperidol,C44,0.7882770815667953,1.8144338583145913e-05
Magnesium Oxide,C61,0.6364934500568221,6.502108442601134e-17
Glycopyrronium,C44,0.8265327102336611,0.0006705600392034
Esomeprazole,C61,0.8852396426439976,0.0317810823906694
Folic Acid,C61,0.6265889976269622,6.797327161421792e-18
Nitroglycerin,C61,0.625971313656379,6.227185542136436e-18
Apixaban,C50,0.85560381943728,0.0066246710549603
Cefepime,C61,0.5424147195127319,3.0419649625172124e-29
Sulfur Hexafluoride,C44,0.8148971081516106,0.0004312086622781
Calcium Gluconate,C61,0.5639431881048825,9.86244421668861e-25
Apixaban,C44,0.875463179867453,0.0257075345094651
Fentanyl,C50,0.8835809422328454,0.0415213157583576
Warfarin,C61,0.7179613500272645,3.69738738623811e-08
Menthol,C61,0.7753515569616223,2.9003923736920553e-05
Cefepime,C44,0.7924539465511511,0.0001448970231459
Neostigmine,C61,0.8076237899967443,0.0005262218557853
Neostigmine,C44,0.8802889732313133,0.0415901837477589
Ezetimibe,C61,0.8059745823673891,0.0005127111096873
Benzocaine,C61,0.7622980807664014,9.989170891311554e-06
Nitroglycerin,C44,0.8473805173804976,0.0088726983816013
Rivaroxaban,C61,0.7368703573853429,1.0157054116741875e-06
Nifedipine,C61,0.7816226677349543,0.0001024857140876
Calcium Gluconate,C44,0.7821908287061073,0.0001238691317274
Ampicillin,C50,0.8447355363775703,0.0099401379251933
Ampicillin,C61,0.821704448230807,0.0031892471724474
Nystatin,C61,0.7285292328332803,1.532775326099202e-06
Melatonin,C50,0.7551442770909189,2.3896514786718247e-05
Clindamycin,C61,0.7936289230169262,0.0005555740509817
Tazobactam,C61,0.5563011479648701,1.8750380178336604e-19
Piperacillin,C61,0.5325863682898202,2.1384702896586306e-22
Piperacillin,C44,0.7720263840830605,0.0001607572500022
Trazodone,C61,0.6691891071172767,2.376847300276878e-09
Tazobactam,C44,0.8216110608239819,0.0044979410467908
Diltiazem,C61,0.7631793609713767,9.74105938541455e-05
Bacitracin,C61,0.5114581256410153,2.9015557462589913e-24
Isosorbide,C61,0.6241304347827843,3.741730805922161e-12
Ascorbic Acid,C61,0.6496292149515872,3.2744649478702487e-10
Dexmedetomidine,C61,0.5574227407260136,1.0722952332989993e-17
Amiodarone,C61,0.4997714008680137,1.1069231390853538e-24
Melatonin,C61,0.617493342834949,3.0199993320375162e-12
Colchicine,C61,0.804521087652689,0.0028526770694677
Fentanyl,C61,0.5451402840537153,1.1106673315242822e-17
Dexmedetomidine,C44,0.7727243385612054,0.0005583518930034
Melatonin,C44,0.6797210926252714,1.5425451440005105e-07
Dextromethorphan,C61,0.8256696432023051,0.0114125188754043
Escitalopram,C61,0.8200461695060949,0.0104654123949814
Thiamine Ion,C50,0.8094544099269322,0.0063922319938414
Celecoxib,C61,0.8246043639175576,0.0132697242704162
Spironolactone,C61,0.5803602459196693,3.162564593201566e-13
Amiodarone,C44,0.6376959203607239,3.67013239737829e-09
Chlorhexidine,C61,0.5317924002239566,3.768295664675466e-17
Gentamicin,C44,0.7946617263007179,0.0037163684367701
Tiotropium,C61,0.8317672327683576,0.022342674433921
Cefpodoxime Proxetil,C50,0.8141004137314841,0.0102696189276258
Chlorhexidine,C50,0.8484943380772357,0.0418522834704286
Thiamine Ion,C61,0.4395370799750133,4.786111147393009e-28
,C61,0.734313335264308,0.0001499532404081
Thiamine Ion,C44,0.7480588768099494,0.0003917337095104
Tazobactam,C47,0.8105698491623504,0.0124354196181878
Piperacillin,C47,0.7772817760037118,0.0025581149040127
Pregabalin,C61,0.748454965538789,0.00055519704752
Sulbactam,C61,0.7255389351331447,0.0001265229459848
Levetiracetam,C50,0.774584449004292,0.0026166341382135
Citric Acid,C50,0.7570040273405166,0.0010261333650118
Ramelteon,C61,0.6293047989653303,2.8235892185013593e-08
Isosorbide,C44,0.7901505866431598,0.0061952381328303
Mirtazapine,C61,0.7484777063127886,0.0007450286260126
Clonazepam,C61,0.7407815559824944,0.0004745686425642
Bupropion,C61,0.8331980671469255,0.0370849765905012
Cefpodoxime Proxetil,C44,0.8237181849840085,0.0265593524734129
Atorvastatin,C22,0.6797051701305697,6.572792253499526e-06
Budesonide,C61,0.6751513255576069,5.1999751712810794e-06
Nicotine,C61,0.6076911901462756,8.886415946468617e-09
Duloxetine,C61,0.8318647729103177,0.0432062222658688
Empagliflozin,C61,0.4944508589000804,2.2444890078656313e-16
Thiamine Ion,C47,0.7205688246624055,0.0002456042164196
Quetiapine,C50,0.7563988284271124,0.002271459056083
Loperamide,C61,0.7909600426120794,0.0108397591737454
Metoclopramide,C61,0.8277152597358973,0.0420820776494462
Clopidogrel,C22,0.8149134914777963,0.0298344269874579
Empagliflozin,C50,0.8184638504825908,0.0339701296600342
Quetiapine,C44,0.7021951119424136,0.0001466287313711
Ritonavir,C79,0.6598058169558085,1.1779873230282412e-05
Levetiracetam,C44,0.7894353542318165,0.0148091090191461
Amiodarone,C50,0.5464706530647699,7.311987105041875e-11
Tranexamic Acid,C79,0.7388971115484212,0.001788756746956
Ketorolac,C73,0.7446086626941123,0.0023682389367016
Nitroglycerin,C7A,0.7690711051302389,0.0079247415707067
Hydroxyzine,C61,0.7791914293177234,0.0124418575126017
Ritonavir,C50,0.5312225353681232,3.527515155429791e-11
Ticagrelor,C61,0.5728415096121401,1.1054065920350781e-08
Empagliflozin,C44,0.7402380687507433,0.0032475708825887
Donepezil,C61,0.6406332167369506,9.57041239759422e-06
Levetiracetam,C61,0.4274262037784763,4.386999668913386e-18
Tranexamic Acid,C50,0.530277051218183,5.405472260875781e-10
Digoxin,C61,0.571089192373601,5.953330841285987e-08
Sulfamethoxazole,C73,0.7753510013271478,0.0175896361840973
Trimethoprim,C73,0.7932074348203736,0.0311634294284066
Carbidopa Anhydrous,C61,0.5199599575753385,2.3788626686738686e-10
Levodopa,C61,0.5229468571764134,4.026217769216918e-10
Bacitracin,C7A,0.7022561269704726,0.0010157709398732
Oxymetazoline,C61,0.7391676122616033,0.0053546668376479
Quetiapine,C61,0.4050156131443574,9.006970342023167e-19
Pyridoxine,C61,0.708805083062446,0.0015544080733343
Magnesium Sulfate Anhydrous,C73,0.777855284597561,0.0229581026785383
Erythromycin,C61,0.6602616198096858,0.0001322472084384
Naproxen,C22,0.793981049013125,0.0407843386071831
Brimonidine,C61,0.697602764447406,0.0012292104307635
Torsemide,C61,0.571911662192422,2.81114717933529e-07
Vancomycin,C73,0.6766614837519406,0.0004275336860342
Quetiapine,C47,0.7788430410780567,0.0279344492908457
Clonidine,C61,0.599245215203528,3.3249610861237663e-06
Ranolazine,C61,0.6525631847468497,0.0001407125419203
Perflutren,C73,0.7876216622675544,0.0393238011081172
Sucralfate,C61,0.7014233152488112,0.0020254740997736
Levodopa,C79,0.7307663309005353,0.0067251193041003
Carbidopa Anhydrous,C79,0.7182517678316025,0.0043590561239881
Metolazone,C61,0.4357182338668205,5.369586962533792e-14
Nicardipine,C61,0.5634289515578378,4.580556871995653e-07
Thiamine Ion,C7A,0.7658178521968684,0.023438109347274
Dorzolamide,C61,0.6413165793026997,0.0001326976387195
Zinc Oxide,C44,0.7692450243889402,0.0269881019918167
Lactulose,C61,0.6444913184613981,0.0001544923816621
Doxycycline Anhydrous,C73,0.652820631975356,0.0002680734704588
Olanzapine,C44,0.7889631833580342,0.0499383810407423
Sacubitril,C61,0.3856390735084187,1.9023024389376937e-17
Ofloxacin,C61,0.7549312447701978,0.0192098982599508
Propranolol,C61,0.7778141394721352,0.038141390632566
Tranexamic Acid,C61,0.4239664571064534,1.2258951997982217e-13
Ritonavir,C78,0.7682364076293291,0.0339444648767905
Ceftriaxone,C73,0.546756524055829,3.9147878334488555e-07
Ritonavir,C61,0.445381652088095,4.591326419228818e-12
Amiodarone,C7A,0.668114066315265,0.0009460702523492
Scopolamine,C61,0.7228305780283552,0.0087905136285859
Acetazolamide,C61,0.7380460816464229,0.0152134887118231
Citalopram,C61,0.6701561110506733,0.0012782192638009
Valacyclovir,C73,0.6164518353027928,8.102560320070426e-05
Metolazone,C44,0.6542982116387704,0.0006261105463824
Prasugrel,C61,0.6133869420843311,8.503749259872625e-05
Fluoxetine,C61,0.7662685448662137,0.0384290254543396
Meloxicam,C22,0.6797684463843899,0.0022582824239614
Regadenoson Anhydrous,C61,0.7298190859077415,0.0151556573506715
Umeclidinium,C61,0.5972351189742495,4.6497324608364886e-05
Torsemide,C50,0.5634262979698881,5.6312634517094615e-06
Ranolazine,C44,0.7351163709616837,0.0191866026330606
Sodium Citrate,C61,0.6316523892796635,0.0003469039017418
Cefoxitin,C44,0.7613447374673927,0.0401014231140431
Clopidogrel,C54,0.7704413826424379,0.049066774929587
Nicardipine,C50,0.661931208087235,0.0016472300972154
Torsemide,C44,0.7177781297850883,0.0129109389551916
Nitroglycerin,C43,0.7596788506232751,0.0415226376062166
Sulfur Hexafluoride,C73,0.5688355795868412,1.446721346868736e-05
Fentanyl,C73,0.7572508385618171,0.0404329879589693
Papaverine,C61,0.6603589072310465,0.0019574168979379
Isosorbide,C7A,0.7134685784014966,0.0122154747280581
Ticagrelor,C44,0.6416655215060977,0.0009318878876552
Clopidogrel,C73,0.6399300798798123,0.0009090947305287
Olanzapine,C61,0.5106455637602312,4.65186275594623e-07
Nicardipine,C44,0.6649781701522157,0.003199881616418
Dapagliflozin,C61,0.6126496936930176,0.0003993651806725
Amiodarone,C22,0.6858189591739982,0.0069465138582357
Trazodone,C73,0.7109347356067305,0.0150102710300356
Tetracaine,C50,0.7213811589514554,0.02034321704855
Tobramycin,C61,0.6462992687711866,0.0017977828088439
Milrinone,C61,0.4350788039475489,6.00814598211762e-10
Metolazone,C50,0.4918968524732522,1.7683683085243376e-07
Ampicillin,C73,0.6381018428437214,0.0012667228713749
Sulfadiazine,C61,0.5680274624224475,4.666413835757498e-05
Riboflavin,C61,0.599225825471355,0.0002453985973444
Calcium Acetate,C61,0.5738435827048091,6.776874085510542e-05
Tranexamic Acid,C44,0.3700359841867601,1.330260384443641e-13
Chlorhexidine,C67,0.7217194220118843,0.0243601258872741
Vilanterol,C61,0.5160219303837755,2.2606245354961205e-06
Milrinone,C79,0.5587342262083789,4.127959597911046e-05
Valproic Acid,C44,0.6617566139024114,0.0049406469044684
Meropenem,C61,0.4457901191284093,1.026585473205381e-08
Midodrine,C61,0.2869534571746852,5.350255447200376e-20
Sacubitril,C50,0.7457572326021342,0.0493291804506227
Oxybutynin,C22,0.6588002092858707,0.0047496296000074
Biotin,C61,0.5864271994420529,0.0002640235969841
Cefepime,C73,0.5710459831529179,0.0001691079934428
Carbidopa Anhydrous,C78,0.714553684250653,0.0285168255457394
Midodrine,C50,0.473028321545513,3.213383153088815e-07
Piperacillin,C73,0.6585539182428871,0.0062713121848634
Tazobactam,C73,0.6259294824049731,0.0020379459224437
Pantothenic Acid,C61,0.599892198934444,0.0007637785056575
Dapagliflozin,C79,0.6721638612176467,0.009797197100379
Levodopa,C78,0.6690031879711185,0.0088138427564499
Memantine,C61,0.5247534332084962,1.6033793988525616e-05
Ticagrelor,C50,0.6390429196364907,0.0033274976883657
Midodrine,C44,0.4316284893730813,1.316757792469884e-08
Niacinamide,C61,0.6087639817867022,0.0012188331274632
Citric Acid,C61,0.6743326748649805,0.0115828550066073
Methadone,C61,0.4374889939670691,3.103792007368189e-08
Budesonide,C67,0.7329625978446689,0.0489221904485411
Isosorbide Dinitrate,C61,0.4980625639769355,4.2639887761262665e-06
Apixaban,C73,0.538709511926513,4.726823825169409e-05
Quetiapine,C7A,0.7006623140924338,0.0246636075038733
Levosalbutamol,C61,0.7135543054305282,0.0338694263973395
Sofosbuvir,C61,0.6840971186747463,0.016833228741263
Sacubitril,C44,0.4194272385134119,7.167245318411077e-09
Zinc Oxide,C61,0.4028244799935557,1.178707004661986e-09
Chlorhexidine,C22,0.6963183545253315,0.0221015813856118
Fluorescein,C50,0.6489243555124637,0.0063579856664259
Ezetimibe,C22,0.5835589894104481,0.0006415010556554
Prasugrel,C44,0.6426546147109835,0.0062820866686947
Levodopa,C50,0.4721569904794793,1.542685185484442e-06
Carbidopa Anhydrous,C50,0.4807462560276836,3.565254348890579e-06
Rifaximin,C61,0.4740175336707564,2.2220921581841725e-06
Ritonavir,C34,0.6273346222457421,0.0044627748118563
Azelastine,C22,0.6444258480053757,0.0075089508452873
Chlordiazepoxide,C61,0.4280503492467934,1.045584970264942e-07
Hydroxychloroquine,C61,0.488153189904888,8.816125864512164e-06
Melatonin,C54,0.6527398795035008,0.0103273720371842
Thiamine Ion,C73,0.4891058526730618,1.1227780319838104e-05
Risperidone,C44,0.6297012827024355,0.0057867623904063
Midodrine,C47,0.6295157151532328,0.0057696192074535
Milrinone,C44,0.5230207589130815,8.013505600142702e-05
Glycerin,C61,0.4071745852878764,4.2344810812926754e-08
Zinc Acetate Anhydrous,C44,0.4757688459287565,1.0163613886852692e-05
Valproic Acid,C61,0.3530129380814296,2.1006685176810301e-10
Sodium Citrate,C73,0.5494896512616997,0.0004395805372917
Meropenem,C44,0.5388692828548269,0.0003335427967695
Dapagliflozin,C50,0.6446603764818737,0.0126019630197655
Zinc Acetate Anhydrous,C61,0.3250624050357992,1.6946775813558408e-11
Celecoxib,C22,0.6769564786140162,0.0289956687985808
Bumetanide,C61,0.5021497755728938,7.200790100603235e-05
Rivaroxaban,C73,0.6828816291502844,0.035126794931666
Phenazopyridine,C22,0.6662403028223294,0.0244272741784961
Tretinoin,C73,0.6352052587369358,0.0114241657484795
Levetiracetam,C67,0.6892528195435703,0.0425461513136332
Misoprostol,C73,0.6718998186870538,0.0318413879535426
Celecoxib,C73,0.5948808309666066,0.0044389457467472
Gentamicin,C73,0.4715802135838982,3.106484923342489e-05
Sacubitril,C7A,0.5789033218361304,0.0030609602924946
Methadone,C47,0.549334711460561,0.0010986089487072
Meropenem,C50,0.4502620720420637,9.359126525807533e-06
Risperidone,C61,0.3779383044713987,6.037193269843058e-08
Lamotrigine,C61,0.6841066529493705,0.0466822090437089
Risperidone,C47,0.5350742627741719,0.0007438048135659
Formoterol,C61,0.4687651822540583,3.569664005030345e-05
Bumetanide,C50,0.6075517153073052,0.0091298525887722
Pregabalin,C73,0.6255371068601995,0.0141101024930254
Melatonin,C73,0.3669075539929499,3.257040563102778e-08
Tranexamic Acid,C34,0.6095626727290586,0.0093896767614703
Carbidopa Anhydrous,C34,0.6656093287414734,0.0373598574559474
Empagliflozin,C67,0.5827647823260516,0.0049761505387077
Levodopa,C34,0.6721127919939855,0.0423661527474636
Bumetanide,C44,0.6644908616187772,0.036934787635148
Amantadine,C44,0.6322013954987369,0.0204918029559933
Milrinone,C50,0.4397580420717014,1.5116710239609444e-05
Buspirone,C61,0.5295725449951553,0.0010096380331876
Thiamine Ion,C54,0.5859269449943306,0.0061440982043546
Fludrocortisone Acetate,C61,0.6378811521478459,0.025256972904333
Levodopa,C67,0.6460776054313837,0.0294183921728972
Ursodiol,C61,0.6151853429291889,0.0149357297259162
Donepezil,C7A,0.6522944030492394,0.0360931820672627
Digoxin,C7A,0.614351050360458,0.0161147777616047
Amiodarone,C54,0.5560314031361996,0.0033382252725407
Aripiprazole,C61,0.5523970153234395,0.0035017816293213
Tranexamic Acid,C18,0.659118251956342,0.044309887764963
Citric Acid,C73,0.4955512923607078,0.0004700257341865
Phytonadione,C50,0.6297717806615992,0.0276818544578354
Meropenem,C47,0.651112280872458,0.041618956486666
Tranexamic Acid,C90,0.503558705287283,0.0007920968910437
Isosorbide Dinitrate,C44,0.6577710417366486,0.0471901831466008
Nicardipine,C7A,0.576007259931111,0.0078498997033072
Permethrin,C61,0.644066221781305,0.0364662160992007
Sodium Citrate,C90,0.6247101337249699,0.0245588526600088
Ritonavir,C76,0.5398825091382508,0.0027622461086632
Meloxicam,C20,0.5469776280440203,0.0039975843071965
Amantadine,C61,0.5049690430026064,0.0010750598645199
Octreotide,C61,0.3593797468354393,4.305829371484758e-07
Isosorbide,C43,0.5737874396498522,0.0084123329156962
Remdesivir,C61,0.3881176200848308,5.034504849963519e-06
Phytonadione,C61,0.3631115298903681,8.913717398624842e-07
Amiodarone,C73,0.4269271077547069,4.395820804381192e-05
Donepezil,C22,0.6421913376273676,0.0455270660052372
Fenofibrate,C22,0.5926041064199276,0.0170869420839277
Tetracaine,C44,0.4646662043749711,0.0003391196746366
Ritonavir,C67,0.5186111621075892,0.0023846671535336
Sofosbuvir,C50,0.5953569606949083,0.0207517146955449
Remdesivir,C50,0.4925498917305593,0.0012709240937687
Cholecalciferol,C02,0.6045488916305184,0.0245533274701719
Umeclidinium,C7A,0.5831218463381402,0.0157116035000895
Linezolid,C61,0.506885419613225,0.0020572859436232
Aztreonam,C44,0.6153934346649929,0.0343447910672286
Levodopa,C18,0.5253188114249214,0.0042320171153885
Milrinone,C7A,0.5942793981638071,0.0225425065438073
Carbidopa Anhydrous,C18,0.5873031936425404,0.0194835785068755
Cefpodoxime Proxetil,C73,0.4757445745937051,0.0008485636806982
Levodopa,C7A,0.5253188114249194,0.0042320171153883
Carbidopa Anhydrous,C7A,0.5365877642898585,0.0057871583872382
Chlordiazepoxide,C47,0.3678808083302615,6.957928068554731e-06
Tranexamic Acid,C16,0.557681232832489,0.0114702458148537
Midodrine,C7A,0.4888400325001198,0.0016952294450319
Tranexamic Acid,C22,0.5785470763898013,0.0238759596462046
Vilanterol,C7A,0.60163146759126,0.036997325712022
Ritonavir,C18,0.381960515805094,3.577573520658581e-05
Pramipexole,C61,0.5636295445488786,0.0210730714841925
Tranexamic Acid,C7A,0.3301013190048066,2.5730428109462098e-06
Amantadine,C50,0.5977623867874508,0.0392583233922106
Temazepam,C61,0.5966732673267324,0.0388715890825828
Tolterodine,C22,0.4932197069513314,0.0037634009323835
Linezolid,C44,0.5654904675947711,0.0214959413265207
Tranexamic Acid,C67,0.4540740769838621,0.0014455218936888
Ritonavir,C7A,0.3070316141843532,8.967839396161869e-07
Tranexamic Acid,C73,0.4161625545520975,0.000364198709453
Ticagrelor,C22,0.3594846215327982,2.5765735255764775e-05
Empagliflozin,C43,0.605753620364973,0.0496436743594699
Prasugrel,C7A,0.5047448042768162,0.0064084165122655
Levodopa,C90,0.4810557554631485,0.0033382680123308
Meloxicam,C32,0.5968969900277032,0.0428898363187356
Cangrelor,C61,0.5434738425267215,0.0163033709005891
Dapagliflozin,C7A,0.5544146379725838,0.0198023003721407
Regadenoson Anhydrous,C47,0.3870637241795958,0.0001047706780988
Sacubitril,C22,0.4992180168908272,0.0054990892349827
Ofloxacin,C18,0.4439839375184137,0.0010274590458433
Carbidopa Anhydrous,C90,0.4696299372314719,0.0023827706453969
Risperidone,C7A,0.5501494586579101,0.0211821493820491
Doxycycline Anhydrous,C02,0.5065614275395653,0.0081043959889838
Tolterodine,C18,0.4682834049576632,0.0029450690301737
Ubidecarenone,C61,0.4883590422470323,0.006768474255782
Levodopa,C22,0.4923830545006044,0.0071494543886079
Aztreonam,C61,0.3372771812780141,2.1033871074814503e-05
Carbidopa Anhydrous,C22,0.4923251227496955,0.0071438466194504
Benztropine,C61,0.4032515991471443,0.0006507361858107
Enalaprilat Anhydrous,C61,0.4813428571428564,0.0071372183063808
Selegiline,C61,0.5517867147346206,0.0313912064129927
Cefoxitin,C90,0.5475956102427899,0.0279905359828539
Ofloxacin,C22,0.484506929061878,0.0093402244209808
Memantine,C7A,0.5415539535068855,0.0297354392171742
Tranexamic Acid,C43,0.4440604253971197,0.0033254070143353
Ezetimibe,C20,0.3899235577481362,0.00057135661243
,C44,0.4977628635346728,0.0128016966045958
Valproic Acid,C7A,0.4501399769960342,0.0039455685444476
Lacosamide,C50,0.4614759144606206,0.0054398150849461
Doxepin,C61,0.569439263956226,0.0475825151543724
Doxycycline Anhydrous,C09,0.5078481166052785,0.0155179629234851
Rifaximin,C73,0.4993795499669564,0.0162325788381009
Carbidopa Anhydrous,C91,0.5549524556218995,0.0437984237641339
Sodium Citrate,C22,0.4475478426135438,0.0048939056497613
Meloxicam,C02,0.4476399915705452,0.0049005004228365
Esmolol,C61,0.4727046097942222,0.0093885776835855
Ritonavir,C56,0.4221219886824089,0.0024157466308522
Entacapone,C44,0.5041855237081073,0.0184754877457865
Ritonavir,C22,0.3609888461392597,0.0002833966209991
Lacosamide,C61,0.4353971962616934,0.0049280662089132
Acetazolamide,C73,0.5086583083939479,0.0240101572387015
Ubrogepant,C50,0.5062284654121623,0.0234360333075594
Rivastigmine,C61,0.4870480191088082,0.0163992757818964
Sotalol,C50,0.5465504152384396,0.0459516805596781
Fluorescein,C44,0.3326391987703852,0.0001387564872632
Entacapone,C80,0.49593023255814,0.0195091935597009
Ritonavir,C73,0.2636595115022966,2.7869136360433836e-06
Ritonavir,C64,0.3679992568359851,0.0005908664211263
Zinc Acetate Anhydrous,C7A,0.4170286847519631,0.0029447340146193
Proguanil,C34,0.5380224260956699,0.0396381897810129
Midodrine,C54,0.5412019343265038,0.0497043144010278
Naltrexone,C61,0.4629566521265066,0.0124992111183359
Donepezil,C54,0.3327355084960098,0.0002414673347654
Carbamazepine,C61,0.424246781882666,0.0050960758513052
Oxcarbazepine,C61,0.4512275433934685,0.0129628478521745
Rasagiline,C80,0.4859717778429334,0.0257267065190873
Phenytoin,C47,0.4600655783696638,0.0155106874236035
,C50,0.3265171806841588,0.0003365289398206
Remdesivir,C47,0.4885454181672702,0.0263706762038991
Formoterol,C7A,0.4435705859221354,0.0109378779356507
Memantine,C22,0.4993292342090593,0.0315499426779453
Ranolazine,C43,0.499373237229702,0.0315625491978149
Milrinone,C22,0.3993186979560949,0.0037209581608143
Velpatasvir,C61,0.3827032026823952,0.0024304141480794
Isosorbide,C32,0.5104149045438566,0.0376379662584995
Misoprostol,C18,0.4703329330445848,0.0187562586254851
Isoproterenol,C61,0.2969686033922766,9.194425435851748e-05
Chlordiazepoxide,C7A,0.3722669170719038,0.0026389239019794
Remdesivir,C44,0.2878776479692223,0.0001160418520176
Valacyclovir,C02,0.4679852384265446,0.0234048347852251
Carbidopa Anhydrous,C73,0.4777418669937928,0.0278382314926585
Meclizine,C32,0.4887751500971271,0.0333361110012931
Metolazone,C73,0.3601161652877551,0.0018318770359623
Digoxin,C73,0.4675946156603985,0.0233144978540059
Oxybutynin,C32,0.3790940081289714,0.0031898352464519
Ritonavir,C65,0.4227742352086607,0.009506772703243
Ticagrelor,C73,0.4996237257988005,0.0396370941663777
Midodrine,C73,0.467628811925384,0.0233223956835282
Nepafenac,C61,0.4299434187016125,0.0161046003864762
Remdesivir,C18,0.4534318274620437,0.0241435825922766
Diphenoxylate,C73,0.4248472091902825,0.0140382906433889
Metformin,C01,0.4650525842377956,0.0292154453514502
Nitroglycerin,C01,0.4165640791155249,0.0117700624540936
Phentermine,C79,0.4068266873144932,0.0096477421437925
Cefoxitin,C22,0.3629807917435232,0.003219744795468
Meloxicam,C10,0.4165813216288004,0.0117724978642683
Sodium Citrate,C92,0.4760555815125615,0.0349396824941629
Pyridostigmine,C61,0.4844015882019161,0.0406605193151047
Regadenoson Anhydrous,C54,0.3993700125997517,0.0080989735716598
Levetiracetam,C55,0.4876390278650625,0.0417609496248587
Ritonavir,C20,0.4345130339394641,0.0169292247473316
Nitrofurantoin,C02,0.4614517946242238,0.0365160026389693
Galantamine,C61,0.4045415662182123,0.0138184542468869
Galantamine,C50,0.4347055018882118,0.0242906617134394
Cholecalciferol,C01,0.4185525988559985,0.0175072147896016
Daptomycin,C61,0.2971232876712331,0.0007092090793585
Ritonavir,C54,0.1891257856583466,1.8099822576652075e-06
Esmolol,C50,0.4367904165767626,0.0247888485121665
Meloxicam,C09,0.3599157291042648,0.0047735744378012
Nicardipine,C54,0.4386606452519953,0.025242055411187
Milrinone,C73,0.4610800229947031,0.0363997532332095
Memantine,C54,0.4494468037550231,0.0302826182877115
Dapagliflozin,C43,0.4609173190306229,0.0363489608314037
Sacubitril,C54,0.4611598261883436,0.036424684528016
Meclizine,C02,0.4184987996437503,0.017497050108385
Risperidone,C67,0.4282251315447721,0.020995379826176
Tretinoin,C22,0.4284153952843265,0.0210362604556437
Doxycycline Anhydrous,C01,0.4090312058923502,0.0145478512654282
Hydrocortisone,C01,0.4614971737526504,0.0365302104565035
Remdesivir,C7A,0.4275216516490211,0.0208447364246399
Ascorbic Acid,C01,0.4736032651563355,0.0438108264193398
Tetracaine,C73,0.4321649642101814,0.0314730791878626
Theophylline,C47,0.2377300775275567,0.0001245904709559
Potassium Sulfate,C54,0.4566075610571587,0.0455842284294648
Sacubitril,C73,0.3474184782608689,0.0058012992358196
Amiodarone,C09,0.4208927344945288,0.0261297528341403
Rivaroxaban,C10,0.3634594485303447,0.0084694399645396
Ubrogepant,C44,0.4688286615019951,0.0543701667278011
Zinc Acetate Anhydrous,C54,0.443963860053794,0.0378609925780742
Azelastine,C01,0.4443651020344996,0.037989708442766
Apixaban,C09,0.355452681056053,0.0070279320186256
Clopidogrel,C01,0.340341048258262,0.0048346305411792
Finasteride,C01,0.3998589799550084,0.0268577651523681
Nebivolol,C22,0.2792609970674464,0.0015842595955827
,C34,0.4106161292969064,0.0321986771706402
,C61,0.159281168341909,3.0171933391722308e-06
Ubrogepant,C79,0.4358648255813861,0.0469646054518721
Ticagrelor,C20,0.3885963112418292,0.0221652298164693
Rimegepant,C79,0.4103650977726116,0.0321260617138496
Umeclidinium,C73,0.2739716064467342,0.0013245515517894
Fluorescein,C34,0.3329864466413984,0.0070878331927748
Betamethasone,C06,0.42417681084347,0.0393235820810059
Betamethasone,C02,0.3181041181041201,0.0048847982958322
Ritonavir,C41,0.2689868310039965,0.0011109800365644
Ascorbic Acid,C09,0.4116943440112428,0.0325118599786666
Buspirone,C54,0.3995591939547054,0.0267807738357279
Phentermine,C80,0.3489731437598704,0.0102589947909478
Rivaroxaban,C09,0.3498418876185776,0.0103742675214548
Buprenorphine,C47,0.3143403867947318,0.0085191139864753
Epoprostenol,C61,0.2963917525773169,0.0056336005448249
Buprenorphine,C61,0.2911849026714778,0.0048207412255329
Rasagiline,C50,0.3977598008711905,0.0397204833145036
Aripiprazole,C67,0.3746824455923451,0.0273902916136262
Colistin,C61,0.4120706541929748,0.0484804401845448
Meloxicam,C01,0.2666022958909391,0.0023532426726671
Vilanterol,C73,0.3152699516444898,0.0086300868538632
Donepezil,C55,0.3425852966669294,0.0153613018143499
Oxybutynin,C09,0.3075607111088955,0.0071797438825714
Zinc Acetate Anhydrous,C73,0.3525214626391129,0.0185902205896154
Fluorescein,C73,0.3330360239829307,0.0126766149523048
Carbidopa Anhydrous,C56,0.3996745909789475,0.0403631391516259
Ritonavir,C75,0.3331425937405655,0.0126933764708207
Meropenem,C73,0.2444381385965532,0.0011305831943701
Dofetilide,C61,0.3568424458104172,0.0211013191781687
Tretinoin,C55,0.3635205312843889,0.0226197582246149
Formoterol,C73,0.3631362743347036,0.0225304088858534
Tadalafil,C01,0.4136496128566921,0.0490783140389397
Levodopa,C56,0.3746847944859989,0.0273909114975524
Cangrelor,C44,0.264505566470202,0.0022582876284652
Tranexamic Acid,C02,0.333189394593676,0.0229106171621203
Ivermectin,C73,0.344306781426453,0.0277534700981543
Cefoxitin,C20,0.312146056425038,0.0155067925154928
Brompheniramine,C73,0.3443169296100183,0.027756234787055
Valproic Acid,C22,0.2171402590229877,0.001184739863436
Valproic Acid,C49,0.3446174199100438,0.0278381796837814
Icosapent Ethyl,C22,0.3117545001084351,0.0154338349084556
Clozapine,C61,0.3683207947530788,0.0406309779060609
Meloxicam,C07,0.3332845683075958,0.0229335730026764
Aluminum Sulfate,C61,0.2979280358489712,0.0120310269045724
Emtricitabine,C18,0.3569658492837026,0.033890551195462
Cangrelor,C50,0.3209178583305618,0.0185412702553076
Milrinone,C54,0.2774363015498177,0.0072384555625872
Budesonide,C01,0.3447448853897306,0.0278729878183969
Naltrexone,C7A,0.3697704945799617,0.0411320062525456
Pimecrolimus,C73,0.3443910374237091,0.0277764295871482
Megestrol Acetate,C47,0.3215963101498946,0.0186841430550975
Imiquimod,C73,0.3025890712646831,0.012778930495397
Apixaban,C01,0.3029607701582531,0.0128399241167564
