,query,matched,score,ModelID,StrippedCellLineName
0,ES5,ES5,100.0,ACH-002106,ES5
1,ES7,ES7,100.0,ACH-002108,ES7
2,EW-11,EW11,88.88888888888889,ACH-002111,EW11
3,SK-ES-1,SKES1,83.33333333333333,ACH-000087,SKES1
4,COLO-829,COLO829,93.33333333333333,ACH-000644,COLO829
5,8-MG-BA,8MGBA,83.33333333333333,ACH-000137,8MGBA
6,GB-1,GB1,85.71428571428571,ACH-000738,GB1
7,U-87-MG,U87MG,83.33333333333333,ACH-000075,U87MG
8,NCI-H720,NCIH720,93.33333333333333,ACH-002174,NCIH720
9,NCI-H1648,NCIH1648,94.11764705882354,ACH-000766,NCIH1648
10,NCI-H1650,NCIH1650,94.11764705882354,ACH-000035,NCIH1650
11,NCI-H1770,NCIH1770,94.11764705882354,ACH-001362,NCIH1770
12,NCI-H1838,NCIH1838,94.11764705882354,ACH-000733,NCIH1838
13,DMS-114,DMS114,92.3076923076923,ACH-000530,DMS114
14,NCI-H1092,NCIH1092,94.11764705882354,ACH-000514,NCIH1092
15,NCI-H1694,NCIH1694,94.11764705882354,ACH-000431,NCIH1694
16,NCI-H187,NCIH187,93.33333333333333,ACH-001136,NCIH187
17,NCI-H1963,NCIH1963,94.11764705882354,ACH-000729,NCIH1963
18,NCI-H209,NCIH209,93.33333333333333,ACH-000290,NCIH209
19,NCI-H2141,NCIH2141,94.11764705882354,ACH-001138,NCIH2141
20,NCI-H2171,NCIH2171,94.11764705882354,ACH-000525,NCIH2171
21,NCI-H2227,NCIH2227,94.11764705882354,ACH-000610,NCIH2227
22,NCI-H345,NCIH345,93.33333333333333,ACH-001364,NCIH345
23,NCI-H446,NCIH446,93.33333333333333,ACH-000800,NCIH446
24,NCI-H526,NCIH526,93.33333333333333,ACH-000767,NCIH526
25,NCI-H64,NCIH64,92.3076923076923,ACH-001599,NCIH64
26,NCI-H69,NCIH69,92.3076923076923,ACH-000358,NCIH69
27,NCI-H82,NCIH82,92.3076923076923,ACH-000355,NCIH82
28,SK-N-DZ,SKNDZ,83.33333333333333,ACH-000366,SKNDZ
29,SK-N-FI,SKNFI,83.33333333333333,ACH-000341,SKNFI
30,VA-ES-BJ,VAESBJ,85.71428571428571,ACH-001702,VAESBJ
31,LU-139,LU139,90.9090909090909,ACH-002052,LU139
32,SBC-1,SBC1,88.88888888888889,ACH-002196,SBC1
33,Calu-6,,,,
34,LU-65,LU65,88.88888888888889,ACH-000438,LU65
35,NCI-H1355,NCIH1355,94.11764705882354,ACH-000666,NCIH1355
36,SHP-77,SHP77,90.9090909090909,ACH-000790,SHP77
37,TE-5,TE5,85.71428571428571,ACH-000408,TE5
38,HCC1187,HCC1187,100.0,ACH-000111,HCC1187
39,HCC1599,HCC1599,100.0,ACH-000196,HCC1599
40,HCC2157,HCC2157,100.0,ACH-000691,HCC2157
41,HCC2218,HCC2218,100.0,ACH-000755,HCC2218
42,BB30-HNC,BB30HNC,93.33333333333333,ACH-002212,BB30HNC
43,BB49-HNC,BB49HNC,93.33333333333333,ACH-002213,BB49HNC
44,CP66-MEL,CP66MEL,93.33333333333333,ACH-002097,CP66MEL
45,CPC-N,CPCN,88.88888888888889,ACH-001049,CPCN
46,CTV-1,CTV1,88.88888888888889,ACH-002222,CTV1
47,D-542MG,D542MG,92.3076923076923,ACH-002230,D542MG
48,DMS-79,DMS79,90.9090909090909,ACH-000703,DMS79
49,DSH1,DSH1,100.0,ACH-002235,DSH1
50,EC-GI-10,ECGI10,85.71428571428571,ACH-000305,ECGI10
51,HA7-RCC,HA7RCC,92.3076923076923,ACH-002139,HA7RCC
52,IM-9,IM9,85.71428571428571,ACH-002247,IM9
53,IST-SL1,ISTSL1,92.3076923076923,ACH-002144,ISTSL1
54,IST-SL2,ISTSL2,92.3076923076923,ACH-002145,ISTSL2
55,LB1047-RCC,LB1047RCC,94.73684210526315,ACH-002150,LB1047RCC
56,LB2241-RCC,LB2241RCC,94.73684210526315,ACH-002151,LB2241RCC
57,LB2518-MEL,LB2518MEL,94.73684210526315,ACH-002152,LB2518MEL
58,LB373-MEL-D,LB373MELD,90.0,ACH-002153,LB373MELD
59,LB647-SCLC,LB647SCLC,94.73684210526315,ACH-002154,LB647SCLC
60,LB771-HNC,LB771HNC,94.11764705882354,ACH-002265,LB771HNC
61,LB831-BLC,LB831BLC,94.11764705882354,ACH-002266,LB831BLC
62,LB996-RCC,LB996RCC,94.11764705882354,ACH-002155,LB996RCC
63,LU-134-A,LU134A,85.71428571428571,ACH-002051,LU134A
64,LU-165,LU165,90.9090909090909,ACH-002077,LU165
65,LXF-289,LXF289,92.3076923076923,ACH-000787,LXF289
66,MS-1,MS1,85.71428571428571,ACH-001131,MS1
67,MS-1,MS1,85.71428571428571,ACH-001958,MS1
68,MZ1-PC,MZ1PC,90.9090909090909,ACH-002164,MZ1PC
69,MZ7-mel,,,,
70,NCI-H128,NCIH128,93.33333333333333,ACH-002286,NCIH128
71,NCI-H1304,NCIH1304,94.11764705882354,ACH-002169,NCIH1304
72,SK-MM-2,SKMM2,83.33333333333333,ACH-000363,SKMM2
73,TE-15,TE15,88.88888888888889,ACH-000353,TE15
74,U-266,,,,
75,BE2-M17,BE2M17,92.3076923076923,ACH-002217,BE2M17
76,KELLY,KELLY,100.0,ACH-000259,KELLY
77,SIMA,SIMA,100.0,ACH-000099,SIMA
78,TE-1,TE1,85.71428571428571,ACH-000647,TE1
79,TE-10,TE10,88.88888888888889,ACH-000318,TE10
80,TE-8,TE8,85.71428571428571,ACH-000452,TE8
81,HL-60,HL60,88.88888888888889,ACH-000002,HL60
82,K-562,K562,88.88888888888889,ACH-000551,K562
83,NCI-H226,NCIH226,93.33333333333333,ACH-000367,NCIH226
84,NCI-H23,NCIH23,92.3076923076923,ACH-000900,NCIH23
85,CCRF-CEM,CCRFCEM,93.33333333333333,ACH-001738,CCRFCEM
86,SK-MEL-2,SKMEL2,85.71428571428571,ACH-001190,SKMEL2
87,MOLT-4,MOLT4,90.9090909090909,ACH-001127,MOLT4
88,RPMI-8226,RPMI8226,94.11764705882354,ACH-000817,RPMI8226
89,SR,,,,
90,NCI-H322M,NCIH322M,94.11764705882354,ACH-002172,NCIH322M
91,EKVX,EKVX,100.0,ACH-000706,EKVX
92,HCC2998,HCC2998,100.0,ACH-001081,HCC2998
93,HOP-62,HOP62,90.9090909090909,ACH-000861,HOP62
94,LOXIMVI,LOXIMVI,100.0,ACH-000750,LOXIMVI
95,UACC-257,UACC257,93.33333333333333,ACH-000579,UACC257
96,RXF393,RXF393,100.0,ACH-002195,RXF393
97,TK10,TK10,100.0,ACH-001208,TK10
98,SNB75,SNB75,100.0,ACH-000504,SNB75
99,SF539,SF539,100.0,ACH-000273,SF539
100,SF268,SF268,100.0,ACH-000655,SF268
101,KM12,KM12,100.0,ACH-000969,KM12
102,OVCAR-4,OVCAR4,92.3076923076923,ACH-000617,OVCAR4
103,Becker,,,,
104,BE-13,BE13,88.88888888888889,ACH-002216,BE13
105,ARH-77,ARH77,90.9090909090909,ACH-002210,ARH77
106,A253,A253,100.0,ACH-000740,A253
107,697,697,100.0,ACH-000070,697
108,COR-L88,CORL88,92.3076923076923,ACH-000508,CORL88
109,COLO-824,COLO824,93.33333333333333,ACH-001820,COLO824
110,COLO-800,COLO800,93.33333333333333,ACH-000401,COLO800
111,Daudi,,,,
112,DB,DB,100.0,ACH-000334,DB
113,D-283MED,D283MED,93.33333333333333,ACH-000055,D283MED
114,DEL,DEL,100.0,ACH-000233,DEL
115,DG-75,DG75,88.88888888888889,ACH-002232,DG75
116,DJM-1,DJM1,88.88888888888889,ACH-002100,DJM1
117,DOHH-2,DOHH2,90.9090909090909,ACH-000056,DOHH2
118,DU-4475,DU4475,92.3076923076923,ACH-000258,DU4475
119,EB2,EB2,100.0,ACH-001064,EB2
120,EB-3,EB3,85.71428571428571,ACH-002236,EB3
121,ECC12,ECC12,100.0,ACH-000225,ECC12
122,EHEB,EHEB,100.0,ACH-000038,EHEB
123,EM-2,EM2,85.71428571428571,ACH-000295,EM2
124,EoL-1-cell,,,,
125,ETK-1,ETK1,88.88888888888889,ACH-002237,ETK1
126,EVSA-T,EVSAT,90.9090909090909,ACH-001065,EVSAT
127,GCIY,GCIY,100.0,ACH-000047,GCIY
128,GDM-1,GDM1,88.88888888888889,ACH-000081,GDM1
129,GI-1,GI1,85.71428571428571,ACH-000756,GI1
130,GI-ME-N,GIMEN,83.33333333333333,ACH-001344,GIMEN
131,GOTO,GOTO,100.0,ACH-001716,GOTO
132,GR-ST,GRST,88.88888888888889,ACH-002238,GRST
133,H9,H9,100.0,ACH-002240,H9
134,HC-1,HC1,85.71428571428571,ACH-002242,HC1
135,HEL,HEL,100.0,ACH-000004,HEL
136,HH,HH,100.0,ACH-000061,HH
137,HT,HT,100.0,ACH-000914,HT
138,HT-144,HT144,90.9090909090909,ACH-000322,HT144
139,HuTu-80,,,,
140,IMR-5,IMR5,88.88888888888889,ACH-002248,IMR5
141,IST-MEL1,ISTMEL1,93.33333333333333,ACH-002143,ISTMEL1
142,IST-MES1,ISTMES1,93.33333333333333,ACH-000569,ISTMES1
143,JAR,JAR,100.0,ACH-001529,JAR
144,JiyoyeP-2003,,,,
145,JVM-2,JVM2,88.88888888888889,ACH-000106,JVM2
146,JVM-3,JVM3,88.88888888888889,ACH-000346,JVM3
147,KALS-1,KALS1,90.9090909090909,ACH-000231,KALS1
148,KARPAS-45,KARPAS45,94.11764705882354,ACH-002256,KARPAS45
149,KARPAS-299,KARPAS299,94.73684210526315,ACH-000053,KARPAS299
150,KARPAS-422,KARPAS422,94.73684210526315,ACH-000315,KARPAS422
151,KASUMI-1,KASUMI1,93.33333333333333,ACH-000263,KASUMI1
152,KE-37,KE37,88.88888888888889,ACH-000101,KE37
153,KG-1,KG1,85.71428571428571,ACH-000386,KG1
154,KINGS-1,KINGS1,92.3076923076923,ACH-002257,KINGS1
155,KMOE-2,KMOE2,90.9090909090909,ACH-002258,KMOE2
156,KNS-42,KNS42,90.9090909090909,ACH-000622,KNS42
157,H-EMC-SS,HEMCSS,85.71428571428571,ACH-001519,HEMCSS
158,KY821,KY821,100.0,ACH-002262,KY821
159,KU812,KU812,100.0,ACH-000074,KU812
160,KS-1,KS1,85.71428571428571,ACH-000631,KS1
161,KP-N-YN,KPNYN,83.33333333333333,ACH-000227,KPNYN
162,L-428,L428,88.88888888888889,ACH-000754,L428
163,L-540,L540,88.88888888888889,ACH-000806,L540
164,LAMA-84,LAMA84,92.3076923076923,ACH-000301,LAMA84
165,LC-2-ad,,,,
166,LC4-1,LC41,88.88888888888889,ACH-002267,LC41
167,LNCaP-Clone-FGC,,,,
168,LOUCY,LOUCY,100.0,ACH-000104,LOUCY
169,LP-1,LP1,85.71428571428571,ACH-000204,LP1
170,LS-123,LS123,90.9090909090909,ACH-000501,LS123
171,LS-411N,LS411N,92.3076923076923,ACH-000985,LS411N
172,LS-513,LS513,90.9090909090909,ACH-000007,LS513
173,MC116,MC116,100.0,ACH-000583,MC116
174,MEG-01,MEG01,90.9090909090909,ACH-000072,MEG01
175,MHH-NB-11,MHHNB11,87.5,ACH-000078,MHHNB11
176,MHH-PREB-1,MHHPREB1,88.88888888888889,ACH-002272,MHHPREB1
177,ML-2,ML2,85.71428571428571,ACH-002273,ML2
178,MLMA,MLMA,100.0,ACH-002274,MLMA
179,MN-60,MN60,88.88888888888889,ACH-002275,MN60
180,MOLT-16,MOLT16,92.3076923076923,ACH-000918,MOLT16
181,MONO-MAC-6,MONOMAC6,88.88888888888889,ACH-000006,MONOMAC6
182,Mo-T,,,,
183,MPP-89,MPP89,90.9090909090909,ACH-000319,MPP89
184,MRK-nu-1,,,,
185,MSTO-211H,MSTO211H,94.11764705882354,ACH-000335,MSTO211H
186,MV-4-11,MV411,83.33333333333333,ACH-000045,MV411
187,NALM-6,NALM6,90.9090909090909,ACH-000938,NALM6
188,NAMALWA,NAMALWA,100.0,ACH-000944,NAMALWA
189,NB69,NB69,100.0,ACH-002083,NB69
190,NCCIT,NCCIT,100.0,ACH-001578,NCCIT
191,SNU-1,SNU1,88.88888888888889,ACH-000932,SNU1
192,SNU-5,SNU5,88.88888888888889,ACH-000303,SNU5
193,SNU-16,SNU16,90.9090909090909,ACH-000581,SNU16
194,NH-12,NH12,88.88888888888889,ACH-001603,NH12
195,NKM-1,NKM1,88.88888888888889,ACH-002290,NKM1
196,NMC-G1,NMCG1,90.9090909090909,ACH-000200,NMCG1
197,no-11,,,,
198,NOMO-1,NOMO1,90.9090909090909,ACH-000168,NOMO1
199,no-10,,,,
200,NTERA-2-cl-D1,,,,
201,NCI-H747,NCIH747,93.33333333333333,ACH-000403,NCIH747
202,NCI-H716,NCIH716,93.33333333333333,ACH-000491,NCIH716
203,NCI-H1155,NCIH1155,94.11764705882354,ACH-000980,NCIH1155
204,NCI-H1436,NCIH1436,94.11764705882354,ACH-000830,NCIH1436
205,NCI-H1581,NCIH1581,94.11764705882354,ACH-000015,NCIH1581
206,NCI-H1666,NCIH1666,94.11764705882354,ACH-000448,NCIH1666
207,NCI-H2081,NCIH2081,94.11764705882354,ACH-000394,NCIH2081
208,NCI-H2196,NCIH2196,94.11764705882354,ACH-000399,NCIH2196
209,NCI-H524,NCIH524,93.33333333333333,ACH-000816,NCIH524
210,NCI-H748,NCIH748,93.33333333333333,ACH-003071,NCIH748
211,ONS-76,ONS76,90.9090909090909,ACH-000776,ONS76
212,OPM-2,OPM2,88.88888888888889,ACH-000024,OPM2
213,OS-RC-2,OSRC2,83.33333333333333,ACH-000159,OSRC2
214,P30-OHK,P30OHK,92.3076923076923,ACH-002059,P30OHK
215,P31-FUJ,P31FUJ,92.3076923076923,ACH-000770,P31FUJ
216,OCUB-M,OCUBM,90.9090909090909,ACH-002179,OCUBM
217,PF-382,PF382,90.9090909090909,ACH-000937,PF382
218,Raji,,,,
219,REH,REH,100.0,ACH-000960,REH
220,RF-48,RF48,88.88888888888889,ACH-002301,RF48
221,RKO,RKO,100.0,ACH-000943,RKO
222,RPMI-6666,RPMI6666,94.11764705882354,ACH-001182,RPMI6666
223,RPMI-8402,RPMI8402,94.11764705882354,ACH-000636,RPMI8402
224,RS4-11,RS411,90.9090909090909,ACH-000874,RS411
225,SCH,SCH,100.0,ACH-002198,SCH
226,SF126,SF126,100.0,ACH-000609,SF126
227,SH-4,SH4,85.71428571428571,ACH-000441,SH4
228,SIG-M5,SIGM5,90.9090909090909,ACH-000112,SIGM5
229,SJSA-1,SJSA1,90.9090909090909,ACH-000748,SJSA1
230,SK-LMS-1,SKLMS1,85.71428571428571,ACH-000145,SKLMS1
231,SKM-1,SKM1,88.88888888888889,ACH-000373,SKM1
232,SK-MEL-1,SKMEL1,85.71428571428571,ACH-000465,SKMEL1
233,SK-PN-DW,SKPNDW,85.71428571428571,ACH-001193,SKPNDW
234,SK-UT-1,SKUT1,83.33333333333333,ACH-000939,SKUT1
235,SU-DHL-1,SUDHL1,85.71428571428571,ACH-000664,SUDHL1
236,SUP-T1,SUPT1,90.9090909090909,ACH-000953,SUPT1
237,SW684,SW684,100.0,ACH-002309,SW684
238,SW872,SW872,100.0,ACH-002310,SW872
239,SW962,SW962,100.0,ACH-002200,SW962
240,TGBC1TKB,TGBC1TKB,100.0,ACH-001861,TGBC1TKB
241,THP-1,THP1,88.88888888888889,ACH-000146,THP1
242,TUR,TUR,100.0,ACH-002314,TUR
243,U-698-M,U698M,83.33333333333333,ACH-001680,U698M
244,WSU-NHL,WSUNHL,92.3076923076923,ACH-001709,WSUNHL
245,RCC10RGB,RCC10RGB,100.0,ACH-000189,RCC10RGB
246,KURAMOCHI,KURAMOCHI,100.0,ACH-000524,KURAMOCHI
247,KM-H2,KMH2,88.88888888888889,ACH-000815,KMH2
248,Ramos-2G6-4C10,,,,
249,RPMI-8866,RPMI8866,94.11764705882354,ACH-002302,RPMI8866
250,QIMR-WIL,QIMRWIL,93.33333333333333,ACH-002299,QIMRWIL
251,PSN1,PSN1,100.0,ACH-000320,PSN1
252,CW-2,CW2,85.71428571428571,ACH-000998,CW2
253,CHP-126,CHP126,92.3076923076923,ACH-000136,CHP126
254,CGTH-W-1,CGTHW1,85.71428571428571,ACH-001023,CGTHW1
255,COLO-320-HSR,COLO320HSR,90.9090909090909,ACH-002219,COLO320HSR
256,ATN-1,ATN1,88.88888888888889,ACH-002058,ATN1
257,CESS,CESS,100.0,ACH-002218,CESS
258,COLO-684,COLO684,93.33333333333333,ACH-000864,COLO684
259,COLO-668,COLO668,93.33333333333333,ACH-000803,COLO668
260,A388,A388,100.0,ACH-001442,A388
261,C2BBe1,C2BBE1,83.33333333333333,ACH-000009,C2BBE1
262,CA46,CA46,100.0,ACH-000440,CA46
263,BALL-1,BALL1,90.9090909090909,ACH-002211,BALL1
264,BL-41,BL41,88.88888888888889,ACH-000245,BL41
265,BV-173,BV173,90.9090909090909,ACH-000432,BV173
266,TGW,TGW,100.0,ACH-001674,TGW
267,RL,RL,100.0,ACH-000371,RL
268,SNU-C1,SNUC1,90.9090909090909,ACH-000722,SNUC1
269,ST486,ST486,100.0,ACH-000567,ST486
270,UACC-812,UACC812,93.33333333333333,ACH-000568,UACC812
271,SCC-15,SCC15,90.9090909090909,ACH-000254,SCC15
272,BC-3,BC3,85.71428571428571,ACH-002215,BC3
273,BC-1,BC1,85.71428571428571,ACH-002214,BC1
274,A101D,A101D,100.0,ACH-000008,A101D
275,SCC-3,SCC3,88.88888888888889,ACH-001642,SCC3
276,AM-38,AM38,88.88888888888889,ACH-000269,AM38
277,A4-Fuk,,,,
278,A3-KAW,A3KAW,90.9090909090909,ACH-000697,A3KAW
279,NEC8,NEC8,100.0,ACH-002288,NEC8
280,CAS-1,CAS1,88.88888888888889,ACH-000464,CAS1
281,ALL-PO,ALLPO,90.9090909090909,ACH-002209,ALLPO
282,OCI-AML2,OCIAML2,93.33333333333333,ACH-000113,OCIAML2
283,MFM-223,MFM223,92.3076923076923,ACH-001819,MFM223
284,LS-1034,LS1034,92.3076923076923,ACH-000252,LS1034
285,CAL-148,CAL148,92.3076923076923,ACH-000902,CAL148
286,HDLM-2,HDLM2,90.9090909090909,ACH-000267,HDLM2
287,KGN,KGN,100.0,ACH-002149,KGN
288,KNS-81-FD,KNS81FD,87.5,ACH-002259,KNS81FD
289,K5,K5,100.0,ACH-002148,K5
290,L-363,L363,88.88888888888889,ACH-000183,L363
291,NCI-H1975,NCIH1975,94.11764705882354,ACH-000587,NCIH1975
292,SW954,SW954,100.0,ACH-001400,SW954
293,TE-441-T,TE441T,85.71428571428571,ACH-000772,TE441T
294,MMAc-SF,,,,
295,MFH-ino,,,,
296,NOS-1,NOS1,88.88888888888889,ACH-002067,NOS1
297,RL95-2,RL952,90.9090909090909,ACH-000965,RL952
298,TE-6,TE6,85.71428571428571,ACH-000605,TE6
299,TE-12,TE12,88.88888888888889,ACH-002311,TE12
300,YT,YT,100.0,ACH-002317,YT
301,BT-474,BT474,90.9090909090909,ACH-000927,BT474
302,KP-N-YS,KPNYS,83.33333333333333,ACH-002261,KPNYS
303,D-247MG,D247MG,92.3076923076923,ACH-002224,D247MG
304,D-263MG,D263MG,92.3076923076923,ACH-002225,D263MG
305,D-336MG,D336MG,92.3076923076923,ACH-002226,D336MG
306,D-392MG,D392MG,92.3076923076923,ACH-002227,D392MG
307,D-502MG,D502MG,92.3076923076923,ACH-002229,D502MG
308,CTB-1,CTB1,88.88888888888889,ACH-002221,CTB1
309,HAL-01,HAL01,90.9090909090909,ACH-002241,HAL01
310,OMC-1,OMC1,88.88888888888889,ACH-002180,OMC1
311,ES8,ES8,100.0,ACH-002109,ES8
312,ES4,ES4,100.0,ACH-002105,ES4
313,ES6,ES6,100.0,ACH-002107,ES6
314,ES1,ES1,100.0,ACH-002103,ES1
315,EW-3,EW3,85.71428571428571,ACH-002118,EW3
316,EW-12,EW12,88.88888888888889,ACH-002112,EW12
317,EW-1,EW1,85.71428571428571,ACH-002110,EW1
318,EW-18,EW18,88.88888888888889,ACH-002115,EW18
319,EW-16,EW16,88.88888888888889,ACH-002114,EW16
320,EW-13,EW13,88.88888888888889,ACH-002113,EW13
321,EW-24,EW24,88.88888888888889,ACH-002117,EW24
322,LAN-6,LAN6,88.88888888888889,ACH-001355,LAN6
323,NB10,NB10,100.0,ACH-002278,NB10
324,NB12,NB12,100.0,ACH-002279,NB12
325,NB6,NB6,100.0,ACH-002284,NB6
326,NB7,NB7,100.0,ACH-002285,NB7
327,NB17,NB17,100.0,ACH-002282,NB17
328,NB5,NB5,100.0,ACH-002283,NB5
329,NB13,NB13,100.0,ACH-002280,NB13
330,NB14,NB14,100.0,ACH-002281,NB14
331,NB1,NB1,100.0,ACH-000804,NB1
332,RH-1,,,,
333,MZ2-MEL,MZ2MEL,92.3076923076923,ACH-002165,MZ2MEL
334,ES-2,ES2,85.71428571428571,ACH-000906,ES2
335,MDST8,MDST8,100.0,ACH-000935,MDST8
336,NB(TU)1-10,NBTU110,82.35294117647058,ACH-002277,NBTU110
337,NCI-H1836,NCIH1836,94.11764705882354,ACH-000559,NCIH1836
338,NCI-H1869,NCIH1869,94.11764705882354,ACH-000894,NCIH1869
339,NCI-H211,NCIH211,93.33333333333333,ACH-000639,NCIH211
340,NCI-H847,NCIH847,93.33333333333333,ACH-001365,NCIH847
341,TC-71,TC71,88.88888888888889,ACH-000424,TC71
342,SUP-B15,SUPB15,92.3076923076923,ACH-000059,SUPB15
343,OCI-AML3,OCIAML3,93.33333333333333,ACH-000336,OCIAML3
344,CL-11,CL11,88.88888888888889,ACH-000249,CL11
345,ALL-SIL,ALLSIL,92.3076923076923,ACH-000105,ALLSIL
346,AMO-1,AMO1,88.88888888888889,ACH-000838,AMO1
347,COR-L95,CORL95,92.3076923076923,ACH-000743,CORL95
348,DND-41,DND41,90.9090909090909,ACH-000981,DND41
349,EJM,EJM,100.0,ACH-000821,EJM
350,Farage,,,,
351,NCI-H2135,NCIH2135,94.11764705882354,ACH-001363,NCIH2135
352,VCaP,,,,
353,GA-10,GA10,88.88888888888889,ACH-000162,GA10
354,GRANTA-519,GRANTA519,94.73684210526315,ACH-000073,GRANTA519
355,HCC-33,HCC33,90.9090909090909,ACH-000515,HCC33
356,Hs-445,,,,
357,HSC-39,HSC39,90.9090909090909,ACH-002141,HSC39
358,NB4,NB4,100.0,ACH-000294,NB4
359,JJN-3,JJN3,88.88888888888889,ACH-000653,JJN3
360,JM1,JM1,100.0,ACH-000151,JM1
361,JSC-1,JSC1,88.88888888888889,ACH-002253,JSC1
362,JURL-MK1,JURLMK1,93.33333333333333,ACH-000326,JURLMK1
363,KARPAS-231,KARPAS231,94.73684210526315,ACH-002255,KARPAS231
364,KCL-22,KCL22,90.9090909090909,ACH-000983,KCL22
365,KOPN-8,KOPN8,90.9090909090909,ACH-001106,KOPN8
366,L-1236,L1236,90.9090909090909,ACH-000702,L1236
367,ME-1,ME1,85.71428571428571,ACH-000439,ME1
368,MOLM-13,MOLM13,92.3076923076923,ACH-000362,MOLM13
369,MOLP-8,MOLP8,90.9090909090909,ACH-000745,MOLP8
370,MY-M12,MYM12,90.9090909090909,ACH-002276,MYM12
371,NCI-H1876,NCIH1876,94.11764705882354,ACH-000586,NCIH1876
372,NK-92MI,NK92MI,92.3076923076923,ACH-002289,NK92MI
373,NU-DUL-1,NUDUL1,85.71428571428571,ACH-000287,NUDUL1
374,OCI-AML5,OCIAML5,93.33333333333333,ACH-000065,OCIAML5
375,OCI-LY-19,OCILY19,87.5,ACH-000124,OCILY19
376,OCI-M1,OCIM1,90.9090909090909,ACH-000751,OCIM1
377,P32-ISH,P32ISH,92.3076923076923,ACH-002293,P32ISH
378,PL-21,PL21,88.88888888888889,ACH-000218,PL21
379,RC-K8,RCK8,88.88888888888889,ACH-001638,RCK8
380,ROS-50,ROS50,90.9090909090909,ACH-001639,ROS50
381,SC-1,SC1,85.71428571428571,ACH-002392,SC1
382,SLVL,SLVL,100.0,ACH-002062,SLVL
383,SU-DHL-16,SUDHL16,87.5,ACH-002307,SUDHL16
384,SU-DHL-4,SUDHL4,85.71428571428571,ACH-000365,SUDHL4
385,SU-DHL-6,SUDHL6,85.71428571428571,ACH-000611,SUDHL6
386,SU-DHL-8,SUDHL8,85.71428571428571,ACH-000656,SUDHL8
387,SUP-HD1,SUPHD1,92.3076923076923,ACH-001203,SUPHD1
388,SUP-M2,SUPM2,90.9090909090909,ACH-000226,SUPM2
389,TK,TK,100.0,ACH-002313,TK
390,VAL,VAL,100.0,ACH-001703,VAL
391,WIL2-NS,WIL2NS,92.3076923076923,ACH-002316,WIL2NS
392,WSU-DLCL2,WSUDLCL2,94.11764705882354,ACH-000534,WSUDLCL2
393,NCI-H1299,NCIH1299,94.11764705882354,ACH-000510,NCIH1299
394,HCE-4,HCE4,88.88888888888889,ACH-002243,HCE4
395,A498,A498,100.0,ACH-000555,A498
396,KMS-12-BM,KMS12BM,87.5,ACH-000380,KMS12BM
397,NCI-N87,NCIN87,92.3076923076923,ACH-000427,NCIN87
398,SNU-C2B,SNUC2B,92.3076923076923,ACH-001199,SNUC2B
399,TGBC24TKB,TGBC24TKB,100.0,ACH-002312,TGBC24TKB
400,A704,A704,100.0,ACH-000429,A704
401,GAK,GAK,100.0,ACH-002120,GAK
402,KLE,KLE,100.0,ACH-000293,KLE
403,KP-N-RT-BM-1,KPNRTBM1,80.0,ACH-000345,KPNRTBM1
404,TE-9,TE9,85.71428571428571,ACH-000694,TE9
405,TE-11,TE11,88.88888888888889,ACH-000488,TE11
406,TC-YIK,TCYIK,90.9090909090909,ACH-002201,TCYIK
407,EW-22,EW22,88.88888888888889,ACH-002116,EW22
408,KYM-1,KYM1,88.88888888888889,ACH-000607,KYM1
409,HCC1500,HCC1500,100.0,ACH-000349,HCC1500
410,KARPAS-620,KARPAS620,94.73684210526315,ACH-000193,KARPAS620
411,BB65-RCC,BB65RCC,93.33333333333333,ACH-002090,BB65RCC
412,SW982,SW982,100.0,ACH-001274,SW982
413,IA-LM,IALM,88.88888888888889,ACH-000672,IALM
414,CP67-MEL,CP67MEL,93.33333333333333,ACH-002098,CP67MEL
415,CRO-AP2,CROAP2,92.3076923076923,ACH-002220,CROAP2
416,MOLT-13,MOLT13,92.3076923076923,ACH-000795,MOLT13
417,NCI-H250,NCIH250,93.33333333333333,ACH-002171,NCIH250
418,PFSK-1,PFSK1,90.9090909090909,ACH-001711,PFSK1
419,A673,A673,100.0,ACH-000052,A673
420,5637,5637,100.0,ACH-000905,5637
421,RT4,RT4,100.0,ACH-000242,RT4
422,SW780,SW780,100.0,ACH-000384,SW780
423,TCCSUP,TCCSUP,100.0,ACH-000720,TCCSUP
424,C-33-A,C33A,80.0,ACH-001333,C33A
425,C-4-I,,,,
426,ME-180,ME180,90.9090909090909,ACH-001359,ME180
427,42-MG-BA,42MGBA,85.71428571428571,ACH-000323,42MGBA
428,A172,A172,100.0,ACH-000558,A172
429,T98G,T98G,100.0,ACH-000571,T98G
430,U-118-MG,U118MG,85.71428571428571,ACH-000040,U118MG
431,YKG-1,YKG1,88.88888888888889,ACH-000570,YKG1
432,ChaGo-K-1,,,,
433,Calu-3,,,,
434,COR-L23,CORL23,92.3076923076923,ACH-000662,CORL23
435,LK-2,LK2,85.71428571428571,ACH-000769,LK2
436,NCI-H1437,NCIH1437,94.11764705882354,ACH-000589,NCIH1437
437,NCI-H1623,NCIH1623,94.11764705882354,ACH-000744,NCIH1623
438,NCI-H1693,NCIH1693,94.11764705882354,ACH-000021,NCIH1693
439,NCI-H2085,NCIH2085,94.11764705882354,ACH-000451,NCIH2085
440,NCI-H2170,NCIH2170,94.11764705882354,ACH-000481,NCIH2170
441,NCI-H2228,NCIH2228,94.11764705882354,ACH-000447,NCIH2228
442,NCI-H2342,NCIH2342,94.11764705882354,ACH-000951,NCIH2342
443,NCI-H2347,NCIH2347,94.11764705882354,ACH-000875,NCIH2347
444,NCI-H2405,NCIH2405,94.11764705882354,ACH-000121,NCIH2405
445,NCI-H661,NCIH661,93.33333333333333,ACH-000853,NCIH661
446,DMS-273,DMS273,92.3076923076923,ACH-000749,DMS273
447,NCI-H1048,NCIH1048,94.11764705882354,ACH-000866,NCIH1048
448,NCI-H2029,NCIH2029,94.11764705882354,ACH-000298,NCIH2029
449,NCI-H2052,NCIH2052,94.11764705882354,ACH-000153,NCIH2052
450,SBC-5,SBC5,88.88888888888889,ACH-000670,SBC5
451,LU-135,LU135,90.9090909090909,ACH-001549,LU135
452,SK-N-SH,SKNSH,83.33333333333333,ACH-000149,SKNSH
453,NCI-H2030,NCIH2030,94.11764705882354,ACH-000521,NCIH2030
454,NCI-H2122,NCIH2122,94.11764705882354,ACH-000311,NCIH2122
455,NCI-H1734,NCIH1734,94.11764705882354,ACH-000675,NCIH1734
456,NCI-H650,NCIH650,93.33333333333333,ACH-000945,NCIH650
457,T24,T24,100.0,ACH-000018,T24
458,SK-N-AS,SKNAS,83.33333333333333,ACH-000260,SKNAS
459,NCI-H2087,NCIH2087,94.11764705882354,ACH-000841,NCIH2087
460,UM-UC-3,UMUC3,83.33333333333333,ACH-000522,UMUC3
461,SW756,SW756,100.0,ACH-001402,SW756
462,NCI-H727,NCIH727,93.33333333333333,ACH-000775,NCIH727
463,NCI-H1792,NCIH1792,94.11764705882354,ACH-000496,NCIH1792
464,HPAF-II,HPAFII,92.3076923076923,ACH-000094,HPAFII
465,MIA-PaCa-2,,,,
466,NCI-H2009,NCIH2009,94.11764705882354,ACH-000886,NCIH2009
467,NCI-H2291,NCIH2291,94.11764705882354,ACH-000718,NCIH2291
468,SW1573,SW1573,100.0,ACH-000677,SW1573
469,HCC1954,HCC1954,100.0,ACH-000859,HCC1954
470,HCC1395,HCC1395,100.0,ACH-000699,HCC1395
471,HCC1937,HCC1937,100.0,ACH-000223,HCC1937
472,HCC38,HCC38,100.0,ACH-000276,HCC38
473,BEN,BEN,100.0,ACH-000603,BEN
474,BHY,BHY,100.0,ACH-000548,BHY
475,Ca9-22,,,,
476,CAL-12T,CAL12T,92.3076923076923,ACH-000826,CAL12T
477,CAL-33,CAL33,90.9090909090909,ACH-000518,CAL33
478,CP50-MEL-B,CP50MELB,88.88888888888889,ACH-002096,CP50MELB
479,EBC-1,EBC1,88.88888888888889,ACH-000563,EBC1
480,EPLC-272H,EPLC272H,94.11764705882354,ACH-000585,EPLC272H
481,HO-1-u-1,,,,
482,HSC-2,HSC2,88.88888888888889,ACH-000472,HSC2
483,J82,J82,100.0,ACH-000396,J82
484,KOSC-2,KOSC2,90.9090909090909,ACH-001543,KOSC2
485,KP-4,KP4,85.71428571428571,ACH-000265,KP4
486,KYSE-140,KYSE140,93.33333333333333,ACH-000823,KYSE140
487,KYSE-410,KYSE410,93.33333333333333,ACH-000809,KYSE410
488,KYSE-520,KYSE520,93.33333333333333,ACH-000637,KYSE520
489,KYSE-70,KYSE70,92.3076923076923,ACH-000784,KYSE70
490,LCLC-103H,LCLC103H,94.11764705882354,ACH-000627,LCLC103H
491,NCI-H1563,NCIH1563,94.11764705882354,ACH-000892,NCIH1563
492,NCI-H292,NCIH292,93.33333333333333,ACH-001075,NCIH292
493,PC-14,PC14,88.88888888888889,ACH-000030,PC14
494,SBC-3,SBC3,88.88888888888889,ACH-002197,SBC3
495,CAPAN-1,CAPAN1,92.3076923076923,ACH-000354,CAPAN1
496,OVCAR-3,,,,
497,PC-3,PC3,85.71428571428571,ACH-000090,PC3
498,DU-145,DU145,90.9090909090909,ACH-000979,DU145
499,HCT-116,HCT116,92.3076923076923,ACH-000971,HCT116
500,HCT-15,HCT15,90.9090909090909,ACH-000997,HCT15
501,HT-29,HT29,88.88888888888889,ACH-000552,HT29
502,NCI-H460,NCIH460,93.33333333333333,ACH-000463,NCIH460
503,NCI-H522,NCIH522,93.33333333333333,ACH-000343,NCIH522
504,T47D,T47D,100.0,ACH-000147,T47D
505,MCF7,MCF7,100.0,ACH-000019,MCF7
506,786-0,,,,
507,A549,A549,100.0,ACH-000681,A549
508,ACHN,ACHN,100.0,ACH-000046,ACHN
509,BT-549,BT549,90.9090909090909,ACH-000288,BT549
510,SK-MEL-28,SKMEL28,87.5,ACH-000615,SKMEL28
511,SK-MEL-5,SKMEL5,85.71428571428571,ACH-000730,SKMEL5
512,Hs-578-T,,,,
513,SK-OV-3,SKOV3,83.33333333333333,ACH-000811,SKOV3
514,MDA-MB-231,MDAMB231,88.88888888888889,ACH-000768,MDAMB231
515,COLO-205,COLO205,93.33333333333333,ACH-001039,COLO205
516,SW620,SW620,100.0,ACH-000651,SW620
517,CAKI-1,CAKI1,90.9090909090909,ACH-000433,CAKI1
518,IGROV-1,IGROV1,92.3076923076923,ACH-000966,IGROV1
519,OVCAR-5,OVCAR5,92.3076923076923,ACH-001151,OVCAR5
520,HOP-92,HOP92,90.9090909090909,ACH-000825,HOP92
521,M14,M14,100.0,ACH-002159,M14
522,UACC-62,UACC62,92.3076923076923,ACH-000425,UACC62
523,SN12C,SN12C,100.0,ACH-002199,SN12C
524,U031,,,,
525,U251,U251MG,80.0,ACH-000232,U251MG
526,SF295,SF295,100.0,ACH-000376,SF295
527,OVCAR-8,OVCAR8,92.3076923076923,ACH-000696,OVCAR8
528,BxPC-3,,,,
529,BHT-101,BHT101,92.3076923076923,ACH-000191,BHT101
530,AGS,AGS,100.0,ACH-000880,AGS
531,ABC-1,ABC1,88.88888888888889,ACH-000528,ABC1
532,A2058,A2058,100.0,ACH-000788,A2058
533,A375,A375,100.0,ACH-000219,A375
534,8305C,8305C,100.0,ACH-001306,8305C
535,647-V,647V,88.88888888888889,ACH-000896,647V
536,639-V,639V,88.88888888888889,ACH-000973,639V
537,BT-20,BT20,88.88888888888889,ACH-000536,BT20
538,A2780,A2780,100.0,ACH-000657,A2780
539,COR-L105,CORL105,93.33333333333333,ACH-000161,CORL105
540,COLO-792,COLO792,93.33333333333333,ACH-000968,COLO792
541,COLO-680N,COLO680N,94.11764705882354,ACH-000717,COLO680N
542,COLO-679,COLO679,93.33333333333333,ACH-000805,COLO679
543,CHP-212,CHP212,92.3076923076923,ACH-000120,CHP212
544,CFPAC-1,CFPAC1,92.3076923076923,ACH-000138,CFPAC1
545,Ca-Ski,,,,
546,Caov-3,,,,
547,CAL-120,CAL120,92.3076923076923,ACH-000212,CAL120
548,CAL-72,CAL72,90.9090909090909,ACH-001715,CAL72
549,CAL-62,CAL62,90.9090909090909,ACH-000174,CAL62
550,C32,C32,100.0,ACH-000580,C32
551,Daoy,,,,
552,DBTRG-05MG,DBTRG05MG,94.73684210526315,ACH-000863,DBTRG05MG
553,Detroit562,,,,
554,DK-MG,DKMG,88.88888888888889,ACH-000244,DKMG
555,DoTc2-4510,,,,
556,ECC10,ECC10,100.0,ACH-000560,ECC10
557,EFM-19,EFM19,90.9090909090909,ACH-000330,EFM19
558,EFO-27,EFO27,90.9090909090909,ACH-000936,EFO27
559,FADU,FADU,100.0,ACH-000846,FADU
560,FTC-133,FTC133,92.3076923076923,ACH-000903,FTC133
561,G-361,G361,88.88888888888889,ACH-000572,G361
562,GAMG,GAMG,100.0,ACH-000098,GAMG
563,GCT,GCT,100.0,ACH-000835,GCT
564,ESS-1,ESS1,88.88888888888889,ACH-000913,ESS1
565,H4,H4,100.0,ACH-000389,H4
566,HCC1419,HCC1419,100.0,ACH-000277,HCC1419
567,HCC1569,HCC1569,100.0,ACH-000930,HCC1569
568,HCC1806,HCC1806,100.0,ACH-000624,HCC1806
569,HCC70,HCC70,100.0,ACH-000668,HCC70
570,HEC-1,HEC1,88.88888888888889,ACH-001517,HEC1
571,HGC-27,HGC27,90.9090909090909,ACH-000847,HGC27
572,HLE,HLE,100.0,ACH-001089,HLE
573,HMV-II,HMVII,90.9090909090909,ACH-002040,HMVII
574,HOS,HOS,100.0,ACH-000613,HOS
575,HSC-3,HSC3,88.88888888888889,ACH-000778,HSC3
576,HSC-4,HSC4,88.88888888888889,ACH-000546,HSC4
577,HT-1080,HT1080,92.3076923076923,ACH-000054,HT1080
578,HT-1197,HT1197,92.3076923076923,ACH-000547,HT1197
579,HT-1376,HT1376,92.3076923076923,ACH-000724,HT1376
580,HT-3,HT3,85.71428571428571,ACH-001525,HT3
581,HuCCT1,HUCCT1,83.33333333333333,ACH-000976,HUCCT1
582,HuH-7,,,,
583,HuO9,,,,
584,IGR-1,IGR1,88.88888888888889,ACH-000882,IGR1
585,IPC-298,IPC298,92.3076923076923,ACH-000915,IPC298
586,JEG-3,JEG3,88.88888888888889,ACH-001530,JEG3
587,HuP-T3,,,,
588,HuP-T4,,,,
589,HT55,HT55,100.0,ACH-000926,HT55
590,HT-115,HT115,90.9090909090909,ACH-000986,HT115
591,GP5d,,,,
592,DMS-53,DMS53,90.9090909090909,ACH-000698,DMS53
593,G-402,G402,88.88888888888889,ACH-000375,G402
594,G-401,G401,88.88888888888889,ACH-000096,G401
595,KU-19-19,KU1919,85.71428571428571,ACH-000486,KU1919
596,KYSE-150,KYSE150,93.33333333333333,ACH-000855,KYSE150
597,KYSE-180,KYSE180,93.33333333333333,ACH-000693,KYSE180
598,KYSE-270,KYSE270,93.33333333333333,ACH-000873,KYSE270
599,KYSE-450,KYSE450,93.33333333333333,ACH-000865,KYSE450
600,KYSE-510,KYSE510,93.33333333333333,ACH-000824,KYSE510
601,LoVo,,,,
602,LU-99A,LU99A,90.9090909090909,ACH-002158,LU99A
603,MC-IXC,MCIXC,90.9090909090909,ACH-002160,MCIXC
604,MDA-MB-175-VII,MDAMB175VII,88.0,ACH-000759,MDAMB175VII
605,MDA-MB-361,MDAMB361,88.88888888888889,ACH-000934,MDAMB361
606,MDA-MB-453,MDAMB453,88.88888888888889,ACH-000910,MDAMB453
607,MDA-MB-468,MDAMB468,88.88888888888889,ACH-000849,MDAMB468
608,MEL-HO,MELHO,90.9090909090909,ACH-000450,MELHO
609,MEL-JUSO,MELJUSO,93.33333333333333,ACH-000881,MELJUSO
610,MES-SA,MESSA,90.9090909090909,ACH-000449,MESSA
611,Mewo,,,,
612,MFE-280,MFE280,92.3076923076923,ACH-000192,MFE280
613,MFE-296,MFE296,92.3076923076923,ACH-000879,MFE296
614,MG-63,MG63,88.88888888888889,ACH-000359,MG63
615,MHH-ES-1,MHHES1,85.71428571428571,ACH-000391,MHHES1
616,MKN1,MKN1,100.0,ACH-000351,MKN1
617,MKN28,MKN28,100.0,ACH-002161,MKN28
618,MOG-G-CCM,MOGGCCM,87.5,ACH-001125,MOGGCCM
619,MOG-G-UVW,MOGGUVW,87.5,ACH-001126,MOGGUVW
620,NCI-H520,NCIH520,93.33333333333333,ACH-000395,NCIH520
621,NUGC-3,NUGC3,90.9090909090909,ACH-000911,NUGC3
622,NCI-H596,NCIH596,93.33333333333333,ACH-000628,NCIH596
623,NCI-H441,NCIH441,93.33333333333333,ACH-000638,NCIH441
624,NCI-H2452,NCIH2452,94.11764705882354,ACH-000092,NCIH2452
625,NCI-H1793,NCIH1793,94.11764705882354,ACH-000888,NCIH1793
626,NCI-H358,NCIH358,93.33333333333333,ACH-000860,NCIH358
627,NCI-H28,NCIH28,92.3076923076923,ACH-000648,NCIH28
628,NCI-H1573,NCIH1573,94.11764705882354,ACH-000916,NCIH1573
629,NCI-H1703,NCIH1703,94.11764705882354,ACH-000747,NCIH1703
630,NCI-H1755,NCIH1755,94.11764705882354,ACH-000282,NCIH1755
631,NCI-H1993,NCIH1993,94.11764705882354,ACH-001137,NCIH1993
632,P12-ICHIKAWA,P12ICHIKAWA,95.65217391304348,ACH-000372,P12ICHIKAWA
633,PA-1,PA1,85.71428571428571,ACH-001374,PA1
634,OC-314,OC314,90.9090909090909,ACH-000962,OC314
635,RCM-1,RCM1,88.88888888888889,ACH-000565,RCM1
636,RD,RD,100.0,ACH-000169,RD
637,RMG-I,RMGI,88.88888888888889,ACH-000719,RMGI
638,RT-112,RT112,90.9090909090909,ACH-000473,RT112
639,RVH-421,RVH421,92.3076923076923,ACH-000614,RVH421
640,Saos-2,,,,
641,SAS,SAS,100.0,ACH-002029,SAS
642,SJRH30,SJRH30,100.0,ACH-001189,SJRH30
643,SK-HEP-1,SKHEP1,85.71428571428571,ACH-000361,SKHEP1
644,SK-LU-1,SKLU1,83.33333333333333,ACH-000309,SKLU1
645,SK-MEL-3,SKMEL3,85.71428571428571,ACH-000423,SKMEL3
646,SK-MEL-24,SKMEL24,87.5,ACH-000822,SKMEL24
647,SK-MEL-30,SKMEL30,87.5,ACH-000810,SKMEL30
648,SK-MES-1,SKMES1,85.71428571428571,ACH-000665,SKMES1
649,SK-MG-1,SKMG1,83.33333333333333,ACH-002304,SKMG1
650,SNG-M,SNGM,88.88888888888889,ACH-000974,SNGM
651,SNU-387,SNU387,92.3076923076923,ACH-000478,SNU387
652,SNU-423,SNU423,92.3076923076923,ACH-000493,SNU423
653,SNU-449,SNU449,92.3076923076923,ACH-000420,SNU449
654,SNU-475,SNU475,92.3076923076923,ACH-000422,SNU475
655,SW13,SW13,100.0,ACH-001401,SW13
656,SW1088,SW1088,100.0,ACH-000437,SW1088
657,SW1417,SW1417,100.0,ACH-000236,SW1417
658,SW1463,SW1463,100.0,ACH-000470,SW1463
659,SW1710,SW1710,100.0,ACH-000566,SW1710
660,SW1783,SW1783,100.0,ACH-000883,SW1783
661,SW48,SW48,100.0,ACH-000958,SW48
662,SW626,SW626,100.0,ACH-001399,SW626
663,SW837,SW837,100.0,ACH-000421,SW837
664,SW948,SW948,100.0,ACH-000680,SW948
665,T84,T84,100.0,ACH-000381,T84
666,TGBC11TKB,TGBC11TKB,100.0,ACH-000949,TGBC11TKB
667,TYK-nu,,,,
668,U-2-OS,U2OS,80.0,ACH-000364,U2OS
669,UACC-893,UACC893,93.33333333333333,ACH-000554,UACC893
670,UMC-11,UMC11,90.9090909090909,ACH-001417,UMC11
671,VMRC-RCZ,VMRCRCZ,93.33333333333333,ACH-000171,VMRCRCZ
672,YAPC,YAPC,100.0,ACH-000332,YAPC
673,YH-13,YH13,88.88888888888889,ACH-000469,YH13
674,ZR-75-30,ZR7530,85.71428571428571,ACH-000828,ZR7530
675,HuO-3N1,,,,
676,OE19,OE19,100.0,ACH-000679,OE19
677,NCI-H838,NCIH838,93.33333333333333,ACH-000416,NCIH838
678,OAW-42,OAW42,90.9090909090909,ACH-000704,OAW42
679,OE33,OE33,100.0,ACH-000383,OE33
680,COLO-678,COLO678,93.33333333333333,ACH-000350,COLO678
681,LN-405,LN405,90.9090909090909,ACH-002268,LN405
682,BFTC-909,BFTC909,93.33333333333333,ACH-000792,BFTC909
683,SCC-25,SCC25,90.9090909090909,ACH-000188,SCC25
684,AsPC-1,,,,
685,AU565,AU565,100.0,ACH-000248,AU565
686,AN3-CA,AN3CA,90.9090909090909,ACH-000940,AN3CA
687,A204,A204,100.0,ACH-000201,A204
688,NY,NY,100.0,ACH-002178,NY
689,C3A,C3A,100.0,ACH-001021,C3A
690,A427,A427,100.0,ACH-000757,A427
691,CAL-85-1,CAL851,85.71428571428571,ACH-000857,CAL851
692,CHL-1,CHL1,88.88888888888889,ACH-001024,CHL1
693,NCI-H1651,NCIH1651,94.11764705882354,ACH-000893,NCIH1651
694,RPMI-7951,RPMI7951,94.11764705882354,ACH-000348,RPMI7951
695,SCC-4,SCC4,88.88888888888889,ACH-000238,SCC4
696,SW1990,SW1990,100.0,ACH-000155,SW1990
697,CAPAN-2,CAPAN2,92.3076923076923,ACH-000107,CAPAN2
698,CAL-27,CAL27,90.9090909090909,ACH-000832,CAL27
699,769-P,769P,88.88888888888889,ACH-000411,769P
700,23132-87,2313287,93.33333333333333,ACH-000948,2313287
701,A431,A431,100.0,ACH-001328,A431
702,BFTC-905,BFTC905,93.33333333333333,ACH-000802,BFTC905
703,CAL-51,CAL51,90.9090909090909,ACH-000856,CAL51
704,RERF-LC-MS,RERFLCMS,88.88888888888889,ACH-000062,RERFLCMS
705,DOK,DOK,100.0,ACH-002234,DOK
706,CAL-54,CAL54,90.9090909090909,ACH-000457,CAL54
707,EFO-21,EFO21,90.9090909090909,ACH-000308,EFO21
708,22RV1,22RV1,100.0,ACH-000956,22RV1
709,8505C,8505C,100.0,ACH-001307,8505C
710,B-CPAP,BCPAP,90.9090909090909,ACH-000456,BCPAP
711,BPH-1,BPH1,88.88888888888889,ACH-001453,BPH1
712,CAL-39,CAL39,90.9090909090909,ACH-002091,CAL39
713,CaR-1,,,,
714,HO-1-N-1,,,,
715,HTC-C3,HTCC3,90.9090909090909,ACH-001350,HTCC3
716,MDA-MB-415,MDAMB415,88.88888888888889,ACH-000876,MDAMB415
717,MKN7,MKN7,100.0,ACH-000678,MKN7
718,MDA-MB-157,MDAMB157,88.88888888888889,ACH-000621,MDAMB157
719,MKN45,MKN45,100.0,ACH-000356,MKN45
720,NCI-H810,NCIH810,93.33333333333333,ACH-000789,NCIH810
721,PANC-03-27,PANC0327,88.88888888888889,ACH-000139,PANC0327
722,PANC-08-13,PANC0813,88.88888888888889,ACH-000417,PANC0813
723,PANC-10-05,PANC1005,88.88888888888889,ACH-000060,PANC1005
724,RO82-W-1,RO82W1,85.71428571428571,ACH-001384,RO82W1
725,SiHa,,,,
726,SKG-IIIa,SKGIIIA,80.0,ACH-002020,SKGIIIA
727,TT,TT,100.0,ACH-001321,TT
728,VMRC-MELG,VMRCMELG,94.11764705882354,ACH-001704,VMRCMELG
729,OAW-28,OAW28,90.9090909090909,ACH-000116,OAW28
730,LCLC-97TM1,LCLC97TM1,94.73684210526315,ACH-000596,LCLC97TM1
731,D-423MG,D423MG,92.3076923076923,ACH-002228,D423MG
732,D-566MG,D566MG,92.3076923076923,ACH-002231,D566MG
733,CAMA-1,CAMA1,90.9090909090909,ACH-000783,CAMA1
734,Caov-4,,,,
735,BT-483,BT483,90.9090909090909,ACH-000818,BT483
736,M059J,M059J,100.0,ACH-001118,M059J
737,EW-7,EW7,85.71428571428571,ACH-002119,EW7
738,LS-180,LS180,90.9090909090909,ACH-000957,LS180
739,BICR22,BICR22,100.0,ACH-000794,BICR22
740,BICR78,BICR78,100.0,ACH-001332,BICR78
741,CCK-81,CCK81,90.9090909090909,ACH-000963,CCK81
742,COLO-783,COLO783,93.33333333333333,ACH-000812,COLO783
743,EN,EN,100.0,ACH-000978,EN
744,FU-OV-1,FUOV1,83.33333333333333,ACH-000574,FUOV1
745,G-MEL,GMEL,88.88888888888889,ACH-002121,GMEL
746,HARA,HARA,100.0,ACH-000843,HARA
747,HCC-15,HCC15,90.9090909090909,ACH-000878,HCC15
748,HCC-44,HCC44,90.9090909090909,ACH-000667,HCC44
749,HCC-827,HCC827,92.3076923076923,ACH-000012,HCC827
750,Hep3B2-1-7,,,,
751,Hs-633T,,,,
752,Hs-683,,,,
753,IGR-37,IGR37,90.9090909090909,ACH-000650,IGR37
754,IHH-4,IHH4,88.88888888888889,ACH-001528,IHH4
755,IM-95,IM95,88.88888888888889,ACH-000919,IM95
756,JHH-2,JHH2,88.88888888888889,ACH-000577,JHH2
757,JHH-4,JHH4,88.88888888888889,ACH-000476,JHH4
758,JHH-6,JHH6,88.88888888888889,ACH-000217,JHH6
759,JHH-7,JHH7,88.88888888888889,ACH-000848,JHH7
760,JHU-011,JHU011,92.3076923076923,ACH-002249,JHU011
761,JHU-022,JHU022,92.3076923076923,ACH-002250,JHU022
762,KYSE-220,KYSE220,93.33333333333333,ACH-002263,KYSE220
763,LN-18,LN18,88.88888888888889,ACH-000819,LN18
764,LN-229,LN229,90.9090909090909,ACH-000595,LN229
765,LNZTA3WT4,LNZTA3WT4,100.0,ACH-002269,LNZTA3WT4
766,MDA-MB-436,MDAMB436,88.88888888888889,ACH-000573,MDAMB436
767,MFE-319,MFE319,92.3076923076923,ACH-000988,MFE319
768,ML-1,ML1,85.71428571428571,ACH-000058,ML1
769,MS751,MS751,100.0,ACH-001360,MS751
770,NCI-H1915,NCIH1915,94.11764705882354,ACH-000434,NCIH1915
771,NCI-H1944,NCIH1944,94.11764705882354,ACH-000414,NCIH1944
772,NCI-H196,NCIH196,93.33333333333333,ACH-000752,NCIH196
773,NCI-H2023,NCIH2023,94.11764705882354,ACH-000781,NCIH2023
774,NCI-H3122,NCIH3122,94.11764705882354,ACH-000337,NCIH3122
775,NCI-H647,NCIH647,93.33333333333333,ACH-000378,NCIH647
776,NCI-H841,NCIH841,93.33333333333333,ACH-000292,NCIH841
777,OSC-20,OSC20,90.9090909090909,ACH-001626,OSC20
778,OV-90,OV90,88.88888888888889,ACH-000291,OV90
779,OVISE,OVISE,100.0,ACH-000527,OVISE
780,OVKATE,OVKATE,100.0,ACH-000443,OVKATE
781,OVMIU,OVMIU,100.0,ACH-002183,OVMIU
782,PA-TU-8988T,PATU8988T,90.0,ACH-000023,PATU8988T
783,PC-3_[JPC-3],,,,
784,PCI-15A,PCI15A,92.3076923076923,ACH-002294,PCI15A
785,PCI-38,PCI38,90.9090909090909,ACH-002296,PCI38
786,PCI-6A,PCI6A,90.9090909090909,ACH-002298,PCI6A
787,PE-CA-PJ15,PECAPJ15,88.88888888888889,ACH-000619,PECAPJ15
788,RERF-GC-1B,RERFGC1B,88.88888888888889,ACH-000144,RERFGC1B
789,RH-41,RH41,88.88888888888889,ACH-000100,RH41
790,SISO,SISO,100.0,ACH-001650,SISO
791,SKN,SKN,100.0,ACH-001655,SKN
792,SNU-398,SNU398,92.3076923076923,ACH-000221,SNU398
793,SU8686,SU8686,100.0,ACH-000114,SU8686
794,SUIT-2,SUIT2,90.9090909090909,ACH-000652,SUIT2
795,SW156,SW156,100.0,ACH-001398,SW156
796,TOV-21G,TOV21G,92.3076923076923,ACH-000885,TOV21G
797,TT2609-C02,TT2609C02,94.73684210526315,ACH-000716,TT2609C02
798,VMRC-RCW,VMRCRCW,93.33333333333333,ACH-000484,VMRCRCW
799,WM278,WM278,100.0,ACH-002206,WM278
800,H3255,H2595,80.0,ACH-002127,H2595
801,451Lu,451LU,80.0,ACH-001002,451LU
802,ASH-3,ASH3,88.88888888888889,ACH-001443,ASH3
803,BICR10,BICR10,100.0,ACH-001331,BICR10
804,BICR31,BICR31,100.0,ACH-000228,BICR31
805,CAL-29,CAL29,90.9090909090909,ACH-000142,CAL29
806,CAL-78,CAL78,90.9090909090909,ACH-000516,CAL78
807,CHSA0011,CHSA0011,100.0,ACH-002092,CHSA0011
808,CHSA0108,CHSA0108,100.0,ACH-002093,CHSA0108
809,CS1,CS1,100.0,ACH-002099,CS1
810,DAN-G,DANG,88.88888888888889,ACH-000243,DANG
811,EFM-192A,EFM192A,93.33333333333333,ACH-000117,EFM192A
812,FU97,FU97,100.0,ACH-000633,FU97
813,G-292-Clone-A141B1,,,,
814,HCC1428,HCC1428,100.0,ACH-000352,HCC1428
815,HCC202,HCC202,100.0,ACH-000725,HCC202
816,HCC-78,HCC78,90.9090909090909,ACH-000562,HCC78
817,HDQ-P1,HDQP1,90.9090909090909,ACH-000643,HDQP1
818,HeLa,,,,
819,HPAC,HPAC,100.0,ACH-000270,HPAC
820,Hs-766T,,,,
821,Hs-939-T,,,,
822,Hs-940-T,,,,
823,huH-1,,,,
824,JHH-1,JHH1,88.88888888888889,ACH-000620,JHH1
825,JHU-029,JHU029,92.3076923076923,ACH-002251,JHU029
826,JIMT-1,JIMT1,90.9090909090909,ACH-000711,JIMT1
827,K2,K2,100.0,ACH-002147,K2
828,KMH-2,KMH2,88.88888888888889,ACH-000815,KMH2
829,KMRC-1,KMRC1,90.9090909090909,ACH-000684,KMRC1
830,KMRC-20,KMRC20,92.3076923076923,ACH-000250,KMRC20
831,KON,KON,100.0,ACH-001542,KON
832,KP-1N,KP1N,88.88888888888889,ACH-001107,KP1N
833,KP-2,KP2,85.71428571428571,ACH-000281,KP2
834,KP-3,KP3,85.71428571428571,ACH-000108,KP3
835,KYSE-50,KYSE50,92.3076923076923,ACH-002264,KYSE50
836,LC-1-sq,,,,
837,LOU-NH91,LOUNH91,93.33333333333333,ACH-000176,LOUNH91
838,NCI-H1435,NCIH1435,94.11764705882354,ACH-000852,NCIH1435
839,NCI-H1568,NCIH1568,94.11764705882354,ACH-000869,NCIH1568
840,NCI-H1688,NCIH1688,94.11764705882354,ACH-002170,NCIH1688
841,NCI-H1781,NCIH1781,94.11764705882354,ACH-000379,NCIH1781
842,NCI-H2110,NCIH2110,94.11764705882354,ACH-000929,NCIH2110
843,NCI-H2172,NCIH2172,94.11764705882354,ACH-000924,NCIH2172
844,NCI-H2444,NCIH2444,94.11764705882354,ACH-000186,NCIH2444
845,NUGC-4,NUGC4,90.9090909090909,ACH-000674,NUGC4
846,OCUM-1,OCUM1,90.9090909090909,ACH-000247,OCUM1
847,OE21,OE21,100.0,ACH-000544,OE21
848,OSC-19,OSC19,90.9090909090909,ACH-001625,OSC19
849,OVTOKO,OVTOKO,100.0,ACH-000663,OVTOKO
850,PANC-02-03,PANC0203,88.88888888888889,ACH-000042,PANC0203
851,PANC-04-03,PANC0403,88.88888888888889,ACH-000235,PANC0403
852,PA-TU-8902,PATU8902,88.88888888888889,ACH-000599,PATU8902
853,PCI-30,PCI30,90.9090909090909,ACH-002295,PCI30
854,PCI-4B,PCI4B,90.9090909090909,ACH-002297,PCI4B
855,PL4,PL4,100.0,ACH-002186,PL4
856,RERF-LC-KJ,RERFLCKJ,88.88888888888889,ACH-000482,RERFLCKJ
857,RERF-LC-Sq1,RERFLCSQ1,80.0,ACH-000442,RERFLCSQ1
858,RKN,RKN,100.0,ACH-000505,RKN
859,SAT,SAT,100.0,ACH-001641,SAT
860,SCC90,SCC9,88.88888888888889,ACH-000181,SCC9
861,SKN-3,SKN3,88.88888888888889,ACH-002305,SKN3
862,STS-0421,STS0421,93.33333333333333,ACH-002306,STS0421
863,SW1271,SW1271,100.0,ACH-000890,SW1271
864,T-T,TT,80.0,ACH-001321,TT
865,TMK-1,TMK1,88.88888888888889,ACH-002202,TMK1
866,TOV-112D,TOV112D,93.33333333333333,ACH-000048,TOV112D
867,WM1552C,WM1552C,100.0,ACH-002205,WM1552C
868,WM35,WM35,100.0,ACH-002207,WM35
869,WM793B,WM793,90.9090909090909,ACH-000827,WM793
870,CHSA8926,CHSA8926,100.0,ACH-002094,CHSA8926
871,MDA-MB-330,MDAMB330,88.88888888888889,ACH-001358,MDAMB330
872,SU-DHL-5,SUDHL5,85.71428571428571,ACH-000660,SUDHL5
873,SCC-9,SCC9,88.88888888888889,ACH-000181,SCC9
874,WM-115,WM115,90.9090909090909,ACH-000304,WM115
875,Hs-746T,,,,
876,SU-DHL-10,SUDHL10,87.5,ACH-000271,SUDHL10
877,COR-L311,CORL311,93.33333333333333,ACH-000187,CORL311
878,CADO-ES1,CADOES1,93.33333333333333,ACH-000210,CADOES1
879,SW1116,SW1116,100.0,ACH-000489,SW1116
880,CHP-134,CHP134,92.3076923076923,ACH-001338,CHP134
881,RH-18,RH18,88.88888888888889,ACH-000689,RH18
882,COR-L303,CORL303,93.33333333333333,ACH-002095,CORL303
883,QGP-1,QGP1,88.88888888888889,ACH-000347,QGP1
884,YMB-1-E,YMB1E,83.33333333333333,ACH-002208,YMB1E
885,COR-L321,CORL321,93.33333333333333,ACH-001490,CORL321
886,DOV13,DOV13,100.0,ACH-001063,DOV13
887,Hey,,,,
888,JHOS-2,JHOS2,90.9090909090909,ACH-000132,JHOS2
889,JHOS-3,JHOS3,90.9090909090909,ACH-002146,JHOS3
890,OV-7,OV7,85.71428571428571,ACH-000688,OV7
891,OV-17R,OV17R,90.9090909090909,ACH-001373,OV17R
892,OV-56,OV56,88.88888888888889,ACH-000091,OV56
893,OVCA420,OVCA420,100.0,ACH-002181,OVCA420
894,OVCA433,OVCA433,100.0,ACH-002182,OVCA433
895,OVK-18,OVK18,90.9090909090909,ACH-000947,OVK18
896,PEO1,PEO1,100.0,ACH-001630,PEO1
897,UWB1.289,UWB1289,93.33333333333333,ACH-001418,UWB1289
898,FLO-1,FLO1,88.88888888888889,ACH-001500,FLO1
899,OACp4C,OACP4C,83.33333333333333,ACH-002292,OACP4C
900,OACM5-1,OACM51,92.3076923076923,ACH-001368,OACM51
901,SK-GT-4,SKGT4,83.33333333333333,ACH-001654,SKGT4
902,ESO26,ESO26,100.0,ACH-001496,ESO26
903,ESO51,ESO51,100.0,ACH-001497,ESO51
904,KYAE-1,KYAE1,90.9090909090909,ACH-001544,KYAE1
905,EMC-BAC-1,EMCBAC1,87.5,ACH-002101,EMCBAC1
906,EMC-BAC-2,EMCBAC2,87.5,ACH-002102,EMCBAC2
907,TE-4,TE4,85.71428571428571,ACH-000917,TE4
908,NCC021,NCC021,100.0,ACH-002168,NCC021
909,RCC-FG2,RCCFG2,92.3076923076923,ACH-002189,RCCFG2
910,RCC-JF,RCCJF,90.9090909090909,ACH-002190,RCCJF
911,RCC-JW,RCCJW,90.9090909090909,ACH-002191,RCCJW
912,RCC-ER,RCCER,90.9090909090909,ACH-002188,RCCER
913,RCC-AB,RCCAB,90.9090909090909,ACH-002187,RCCAB
914,RCC-MF,RCCMF,90.9090909090909,ACH-002192,RCCMF
915,KMS-11,KMS11,90.9090909090909,ACH-000714,KMS11
916,SNU-1040,SNU1040,93.33333333333333,ACH-000999,SNU1040
917,SNU-175,SNU175,92.3076923076923,ACH-000989,SNU175
918,SNU-407,SNU407,92.3076923076923,ACH-000955,SNU407
919,SNU-61,SNU61,90.9090909090909,ACH-000532,SNU61
920,SNU-81,SNU81,90.9090909090909,ACH-000991,SNU81
921,SNU-C5,SNUC5,90.9090909090909,ACH-000970,SNUC5
922,KNS-62,KNS62,90.9090909090909,ACH-000858,KNS62
923,NCI-H835,NCIH835,93.33333333333333,ACH-002177,NCIH835
924,KATOIII,KATOIII,100.0,ACH-000793,KATOIII
925,NCI-H1105,NCIH1105,94.11764705882354,ACH-000780,NCIH1105
926,NCI-H146,NCIH146,93.33333333333333,ACH-000506,NCIH146
927,Jurkat,,,,
928,NCI-H1341,NCIH1341,94.11764705882354,ACH-000129,NCIH1341
929,NCI-H2066,NCIH2066,94.11764705882354,ACH-000727,NCIH2066
930,PWR-1E,PWR1E,90.9090909090909,ACH-001383,PWR1E
931,RCH-ACV,RCHACV,92.3076923076923,ACH-000922,RCHACV
932,JHOS-4,JHOS4,90.9090909090909,ACH-000584,JHOS4
933,CML-T1,CMLT1,90.9090909090909,ACH-000920,CMLT1
934,VMRC-LCD,VMRCLCD,93.33333333333333,ACH-001233,VMRCLCD
935,NCI-H929,NCIH929,93.33333333333333,ACH-000050,NCIH929
936,HCC1143,HCC1143,100.0,ACH-000374,HCC1143
937,MHH-CALL-2,MHHCALL2,88.88888888888889,ACH-000020,MHHCALL2
938,NCI-H508,NCIH508,93.33333333333333,ACH-000360,NCIH508
939,SK-CO-1,SKCO1,83.33333333333333,ACH-000400,SKCO1
940,SK-MEL-31,SKMEL31,87.5,ACH-000640,SKMEL31
941,SUP-B8,SUPB8,90.9090909090909,ACH-002308,SUPB8
942,CMK,CMK,100.0,ACH-000641,CMK
943,COR-L279,CORL279,93.33333333333333,ACH-000257,CORL279
944,HCC-366,HCC366,92.3076923076923,ACH-000840,HCC366
945,JEKO-1,JEKO1,90.9090909090909,ACH-000357,JEKO1
946,KARPAS-1106P,KARPAS1106P,95.65217391304348,ACH-002254,KARPAS1106P
947,MOLM-16,MOLM16,92.3076923076923,ACH-000369,MOLM16
948,SK-GT-2,SKGT2,83.33333333333333,ACH-001653,SKGT2
949,NCC010,NCC010,100.0,ACH-002167,NCC010
950,MM1S,MM1S,100.0,ACH-000763,MM1S
951,OCI-LY7,OCILY7,92.3076923076923,ACH-001617,OCILY7
952,DiFi,,,,
953,COR-L32,CORL32,92.3076923076923,ACH-001489,CORL32
954,BONNA-12,BONNA12,93.33333333333333,ACH-001452,BONNA12
955,MHH-CALL-4,MHHCALL4,88.88888888888889,ACH-000156,MHHCALL4
956,TALL-1,TALL1,90.9090909090909,ACH-000197,TALL1
957,D-245MG,D245MG,92.3076923076923,ACH-002223,D245MG
958,NCI-H660,NCIH660,93.33333333333333,ACH-000177,NCIH660
959,NCI-H740,NCIH740,93.33333333333333,ACH-002175,NCIH740
960,U-CH2,UCH2,88.88888888888889,ACH-002204,UCH2
961,SNU-283,SNU283,92.3076923076923,ACH-000708,SNU283
