Gene,Role
ABL1,Oncogene
AKT1,Oncogene
ALK,Oncogene
AMER1,TSG
APC,TSG
AR,Oncogene
ARID1A,Both
ASXL1,TSG
ATM,TSG
ATRX,TSG
AXIN1,TSG
BAP1,TSG
BCL2,Oncogene
BCOR,Both
BRAF,Oncogene
BRCA1,TSG
BRCA2,TSG
CARD11,Oncogene
CBL,TSG
CDC73,TSG
CDH1,Both
CDKN2A,TSG
CEBPA,Both
CIC,TSG
CREBBP,TSG
CTNNB1,Oncogene
DAXX,TSG
DNMT3A,TSG
EGFR,Oncogene
EP300,Both
ERBB2,Oncogene
EZH2,Both
FBXW7,Both
FGFR2,Oncogene
FGFR3,Oncogene
FLT3,Oncogene
FOXL2,Both
GATA3,Both
GNA11,Oncogene
GNAQ,Oncogene
GNAS,Oncogene
HNF1A,TSG
HRAS,Oncogene
IDH1,Oncogene
IDH2,Oncogene
JAK1,Both
JAK2,Oncogene
JAK3,Oncogene
KDM5C,TSG
KDM6A,TSG
KIT,Oncogene
KMT2D,TSG
KRAS,Oncogene
MAP2K1,Oncogene
MAP3K1,TSG
MED12,Both
MEN1,TSG
MET,Both
MLH1,TSG
MPL,Oncogene
MSH2,TSG
MSH6,TSG
MYD88,Oncogene
NF1,TSG
NF2,TSG
NFE2L2,Oncogene
NOTCH1,Both
NOTCH2,Both
NPM1,Both
NRAS,Both
PAX5,Both
PBRM1,TSG
PDGFRA,Oncogene
PIK3CA,Oncogene
PIK3R1,Both
PPP2R1A,Both
PRDM1,TSG
PTCH1,TSG
PTEN,TSG
PTPN11,Oncogene
RB1,TSG
RET,Oncogene
RNF43,TSG
SETD2,TSG
SF3B1,Oncogene
SMAD2,TSG
SMAD4,Both
SMARCA4,Both
SMARCB1,Both
SMO,Oncogene
SOCS1,TSG
SPOP,Both
STAG2,TSG
STK11,TSG
TET2,TSG
TNFAIP3,TSG
TP53,Both
TSC1,TSG
U2AF1,Oncogene
VHL,TSG
WT1,Both
AKT2,Oncogene
ARID2,TSG
ATR,TSG
B2M,TSG
BARD1,TSG
BCL6,Oncogene
BRD4,Oncogene
BRIP1,TSG
BTK,Oncogene
CALR,Oncogene
CASP8,TSG
CBFB,TSG
CCND1,Oncogene
CCND2,Oncogene
CCND3,Oncogene
CCNE1,Oncogene
CD274,Both
CD79A,Oncogene
CD79B,Oncogene
CDK12,TSG
CDK4,Oncogene
CDK6,Oncogene
CDKN1B,TSG
CDKN2C,TSG
CHEK2,TSG
CRLF2,Oncogene
CSF3R,Oncogene
CTCF,TSG
CXCR4,Oncogene
DDR2,Oncogene
ERBB3,Oncogene
ERBB4,Oncogene
ERG,Oncogene
ESR1,Oncogene
ETV6,TSG
FANCA,TSG
FANCC,TSG
FGFR1,Oncogene
FGFR4,Oncogene
FLCN,TSG
FUBP1,Both
GATA2,Both
H3-3A,Oncogene
H3C2,Oncogene
HGF,Oncogene
IRF4,Oncogene
JUN,Oncogene
KDM5A,Oncogene
KDR,Oncogene
KEAP1,Both
KMT2A,Both
KMT2C,TSG
MAP2K2,Oncogene
MAP2K4,TSG
MAPK1,Oncogene
MDM2,Oncogene
MDM4,Oncogene
MITF,Both
MTOR,Oncogene
MUTYH,TSG
MYC,Oncogene
MYCL,Oncogene
MYCN,Oncogene
NKX2-1,Oncogene
NSD2,Oncogene
NTRK1,Oncogene
NTRK2,Oncogene
NTRK3,Oncogene
PALB2,TSG
PDCD1LG2,Oncogene
PDGFRB,Oncogene
PHF6,TSG
PRKAR1A,TSG
RAD21,TSG
RAF1,Oncogene
ROS1,Oncogene
RUNX1,TSG
SDHA,TSG
SDHB,TSG
SDHC,TSG
SDHD,TSG
SOX2,Oncogene
SPEN,TSG
SRC,Oncogene
STAT3,Oncogene
SUFU,TSG
SYK,Oncogene
TENT5C,TSG
TGFBR2,TSG
TNFRSF14,TSG
TSC2,TSG
XPO1,Oncogene
AKT3,Oncogene
ARAF,Oncogene
ARID1B,TSG
AURKA,Oncogene
AURKB,Oncogene
AXL,Oncogene
BCL10,TSG
BCORL1,TSG
BCR,Oncogene
BIRC3,Both
BLM,TSG
BTG1,TSG
CDK8,Oncogene
CDKN2B,TSG
CHEK1,TSG
CRKL,Oncogene
CYLD,TSG
DOT1L,Oncogene
EED,TSG
EIF4A2,Oncogene
EPHA3,TSG
EPHB1,Both
ERCC4,TSG
ETV1,Oncogene
FAS,TSG
FGF19,Oncogene
FGF3,Oncogene
FGF4,Oncogene
FH,TSG
FLT1,Oncogene
FLT4,Oncogene
FOXO1,TSG
FOXP1,Both
GRIN2A,TSG
GSK3B,Oncogene
ID3,TSG
IGF1R,Oncogene
IKBKE,Oncogene
IL7R,Oncogene
INPP4B,TSG
IRS2,Oncogene
KLF4,Both
LMO1,Oncogene
MAP3K13,Oncogene
MCL1,Oncogene
MEF2B,Oncogene
MRE11,TSG
MSH3,Both
MSI2,Oncogene
NBN,TSG
NCOR1,TSG
NFKBIA,TSG
NSD1,Both
NT5C2,Oncogene
P2RY8,Both
PDCD1,Oncogene
PIK3CB,Oncogene
PMS2,TSG
POLD1,TSG
POLE,TSG
POT1,TSG
PPARG,Both
RAC1,Oncogene
RAD50,TSG
RAD51,TSG
RAD51B,TSG
RBM10,TSG
REL,Oncogene
RHOA,Oncogene
RICTOR,Oncogene
RPTOR,Oncogene
SETBP1,Oncogene
SOX9,Both
STAT5B,Oncogene
SUZ12,TSG
TBX3,TSG
TCF3,TSG
TERT,Oncogene
TET1,TSG
TOP1,Oncogene
TP63,Both
TSHR,Oncogene
ACVR1,Oncogene
ACVR1B,TSG
ALOX12B,Both
AXIN2,TSG
BCL11B,TSG
BMPR1A,TSG
CDKN1A,Both
CIITA,TSG
CUL3,TSG
CUX1,TSG
DDX3X,TSG
DICER1,Both
DIS3,TSG
DNMT1,Oncogene
EPHA7,Both
ERCC2,Both
ERCC3,TSG
ERCC5,TSG
ERRFI1,TSG
ETV4,Oncogene
ETV5,Oncogene
EWSR1,Oncogene
FANCD2,TSG
FANCG,TSG
FAT1,TSG
FBXO11,TSG
FOXA1,Both
GLI1,Oncogene
GNA13,Both
HDAC1,Oncogene
HLA-A,TSG
IKZF3,Both
INHBA,Both
LATS1,TSG
LATS2,TSG
LYN,Oncogene
MAP3K14,Oncogene
MAX,Both
MST1R,Oncogene
MYB,Oncogene
MYOD1,Both
NOTCH3,Both
PARP1,TSG
PHOX2B,TSG
PIK3CG,Oncogene
PIK3R2,Both
PLCG2,Oncogene
PPM1D,Oncogene
PPP6C,Both
PRKCI,Oncogene
PRKN,TSG
PTPRT,TSG
RAD51C,TSG
RAD51D,TSG
RECQL4,TSG
RRAS2,Oncogene
RUNX1T1,Oncogene
SDHAF2,TSG
SGK1,Oncogene
SH2B3,TSG
SMAD3,TSG
STAT5A,Oncogene
STAT6,Oncogene
TBL1XR1,Both
TCF7L2,Both
TMEM127,TSG
VEGFA,Oncogene
WWTR1,Oncogene
XRCC2,TSG
ZFHX3,TSG
ABL2,Oncogene
ABRAXAS1,TSG
AFDN,Both
AFF4,Oncogene
ANKRD11,TSG
ARHGAP26,Both
ARHGAP35,Both
ARHGEF12,Both
ARID5B,TSG
ASXL2,TSG
ATF1,Oncogene
ATIC,Oncogene
BBC3,TSG
BCL2L11,TSG
BCL2L2,Oncogene
BCL3,Oncogene
BCL7A,TSG
BCL9,Oncogene
BTG2,TSG
CAMTA1,TSG
CBFA2T3,TSG
CCNQ,TSG
CD276,Oncogene
CD58,TSG
CD70,Both
CD74,Oncogene
CDC42,Oncogene
COL1A1,Oncogene
COP1,Both
CTLA4,Oncogene
CTNNA1,TSG
CYSLTR2,Oncogene
DCUN1D1,Oncogene
DEK,Oncogene
DNM2,Both
DNMT3B,TSG
DTX1,TSG
DUSP22,TSG
DUSP4,TSG
E2F3,Oncogene
EGFL7,Oncogene
EIF4E,Oncogene
ELF3,Both
ELF4,Oncogene
ELL,Both
EML4,Oncogene
EMSY,Oncogene
EPCAM,TSG
ERF,TSG
EZH1,Oncogene
FANCE,TSG
FANCF,TSG
FANCL,TSG
FGF10,Oncogene
FGF14,TSG
FGF23,Oncogene
FGF6,Oncogene
FHIT,TSG
FLI1,Oncogene
FUS,Both
FYN,Oncogene
GNA12,Oncogene
GNB1,Oncogene
GPS2,TSG
GREM1,Oncogene
H1-3,TSG
H1-4,Oncogene
H2AC17,Oncogene
H3C3,Oncogene
HDAC4,Both
HDAC7,Oncogene
HIF1A,Oncogene
HLA-B,TSG
HMGA1,Oncogene
HMGA2,Oncogene
HOXA11,TSG
HOXB13,Both
HSP90AA1,Oncogene
ICOSLG,Oncogene
IFNGR1,TSG
IGF1,Oncogene
IGF2,Oncogene
INHA,TSG
INPPL1,TSG
INSR,Oncogene
IRF1,TSG
IRF8,TSG
IRS1,Oncogene
JARID2,Both
KLHL6,Both
KMT2B,TSG
LCK,Oncogene
LEF1,Oncogene
LMO2,Oncogene
LRP1B,TSG
LZTR1,Both
MAFB,Oncogene
MAPK3,Oncogene
MECOM,Oncogene
MGA,TSG
MLLT10,Oncogene
MLLT3,Oncogene
MN1,Oncogene
MSI1,Oncogene
MST1,TSG
MTAP,TSG
MYH11,TSG
NCOA3,Oncogene
NCSTN,Oncogene
NKX3-1,TSG
NOTCH4,Both
NR4A3,Oncogene
NTHL1,TSG
NUF2,Oncogene
NUP214,Oncogene
NUP98,Oncogene
PAK1,Oncogene
PAK5,Oncogene
PAX3,Oncogene
PAX7,Oncogene
PDGFB,Oncogene
PDK1,Oncogene
PGR,Both
PIK3CD,Oncogene
PIK3R3,TSG
PLCG1,Oncogene
PMAIP1,TSG
PML,TSG
PMS1,Both
PTPN2,TSG
PTPRD,TSG
PTPRS,TSG
QKI,TSG
RAB35,Oncogene
RAC2,Oncogene
RASA1,TSG
RBM15,Both
RECQL,TSG
RHEB,Oncogene
RIT1,Oncogene
RPS6KA4,Oncogene
RPS6KB2,Oncogene
RRAGC,Oncogene
RRAS,Oncogene
RSPO2,Both
RTEL1,TSG
RYBP,TSG
SESN1,TSG
SESN2,TSG
SESN3,TSG
SET,Oncogene
SETDB1,Both
SH2D1A,TSG
SHOC2,Oncogene
SHQ1,TSG
SLX4,TSG
SMARCE1,Both
SMC1A,Both
SMC3,Both
SMYD3,Oncogene
SOS1,Oncogene
SOX17,Both
SPRED1,TSG
SS18,Oncogene
STK19,Oncogene
TAL1,Oncogene
TCL1A,Oncogene
TFE3,Oncogene
TGFBR1,TSG
TLX1,Oncogene
TLX3,Oncogene
TNFRSF17,Oncogene
TP53BP1,TSG
TPM3,Both
TRAF3,TSG
TRAF5,TSG
TYK2,Oncogene
UBR5,Oncogene
USP6,Oncogene
USP8,Oncogene
XBP1,Oncogene
XIAP,Oncogene
YAP1,Oncogene
YES1,Oncogene
ZNF217,Oncogene
ACKR3,Both
ACTG1,TSG
ACVR2A,Both
ADGRA2,Oncogene
AGO1,Oncogene
APLNR,Both
ARHGEF28,Oncogene
ARID3A,TSG
ARID3B,Oncogene
ARID4A,TSG
ARID4B,TSG
ATP1A1,Both
ATP6V1B2,TSG
ATXN2,TSG
ATXN7,Oncogene
BACH2,TSG
BRD3,Oncogene
BRSK1,TSG
BUB1B,Both
CACNA1D,Oncogene
CAD,Oncogene
CANT1,Oncogene
CBLB,TSG
CCN6,Both
CD28,Oncogene
CDH11,Both
CHD2,TSG
CHD4,Both
CMTR2,TSG
COL2A1,TSG
CRBN,TSG
CREB1,Oncogene
CRTC1,Oncogene
CTR9,TSG
CUL4A,Oncogene
CYP19A1,Oncogene
DDB2,TSG
DDX5,Oncogene
ECT2L,TSG
EGR1,TSG
ELK4,Oncogene
ELN,Oncogene
EP400,TSG
EPHB4,Oncogene
EPOR,Oncogene
ERC1,Oncogene
ESCO2,TSG
ETAA1,TSG
ETS1,Both
EXT1,TSG
EZHIP,Oncogene
FES,Oncogene
FOXF1,Both
FRS2,Oncogene
FURIN,Oncogene
GAB1,Oncogene
GAB2,Oncogene
GABRA6,Oncogene
GATA4,TSG
GATA6,Oncogene
GPC3,Oncogene
GTF2I,Oncogene
H1-5,TSG
HIRA,TSG
HLA-C,TSG
HSD3B1,Oncogene
IL3,Oncogene
IL6ST,Both
IRF2,TSG
JAZF1,Oncogene
KEL,Oncogene
KLF5,Oncogene
KSR2,Oncogene
LMNA,Oncogene
LTB,Both
LTK,Oncogene
MAD2L2,Both
MAP3K7,Oncogene
MEF2C,Both
MERTK,Oncogene
MGAM,Oncogene
MKI67,Oncogene
MOB3B,TSG
MYO5A,Oncogene
NAB2,Both
NADK,Oncogene
NCOA4,Oncogene
NFATC2,Both
NFE2,Oncogene
NRG1,Both
PAK3,Oncogene
PAX8,Oncogene
PDS5B,TSG
PGBD5,Oncogene
PIGA,TSG
PIK3C2B,Oncogene
PPP2R2A,TSG
PRCC,Oncogene
PRKACA,Oncogene
PRKDC,Both
PTPN1,Both
PTPN13,TSG
RANBP2,Both
REST,TSG
ROBO1,TSG
RPL5,TSG
RSPO3,Oncogene
SAMHD1,TSG
SCG5,Oncogene
SERPINB3,Both
SETD1A,Oncogene
SETDB2,TSG
SLFN11,TSG
SMARCA1,Both
SMARCA2,TSG
SMG1,TSG
SOCS3,TSG
SOX10,Oncogene
SP140,TSG
SPRTN,TSG
STAG1,TSG
STAT4,Oncogene
TAF1,Oncogene
TET3,TSG
TRA,Oncogene
TRB,Oncogene
TRD,Oncogene
TRG,Oncogene
TRIM27,Oncogene
TRIP13,Both
VAV1,Oncogene
VAV2,Oncogene
WIF1,TSG
WRN,TSG
XPA,TSG
XPC,TSG
ZBTB7A,Both
ZMYM3,TSG
ZNRF3,TSG
A1CF,Oncogene
ABCB1,Oncogene
ABCC3,Oncogene
ADARB2,Oncogene
ADHFE1,Oncogene
AGGF1,Oncogene
AGK,Oncogene
AIP,Both
AJUBA,TSG
AKT1S1,Oncogene
ALDH1L2,Oncogene
ALDH2,TSG
ALOX15B,TSG
ALOX5,Both
ANKRD26,Oncogene
APEX1,Oncogene
ASCL1,Oncogene
ATMIN,TSG
ATRIP,TSG
BAALC,Oncogene
CASR,Both
CCNB3,Oncogene
CD19,Oncogene
CDH2,Oncogene
CDH4,Oncogene
CDKN1C,TSG
CHTF8,TSG
CTDNEP1,TSG
DDX4,Oncogene
DDX41,TSG
DHX15,Both
DIS3L2,Both
DLL3,Oncogene
ECSIT,Oncogene
EGR2,TSG
EIF2B1,TSG
ELL2,Both
ERCC1,TSG
ERCC6,Oncogene
FANCM,TSG
FGF1,Oncogene
FGF2,Oncogene
FGF5,Oncogene
FGF7,Oncogene
FGF8,Oncogene
FGF9,Oncogene
FOLH1,Oncogene
FOLR1,Oncogene
FOXN4,Oncogene
FSTL1,Oncogene
FZR1,Both
GRB7,Oncogene
GSTP1,TSG
HDAC2,Oncogene
HFE,Oncogene
HSD17B2,TSG
HTATIP2,TSG
ID1,Oncogene
ING1,TSG
INTS6,TSG
IQGAP1,Oncogene
ITPKB,Oncogene
KAT7,Oncogene
KDM5D,Both
KIAA1549,Oncogene
KLF2,TSG
KLF3,TSG
LGR5,Oncogene
LRP5,Both
LRP6,Oncogene
MAGI2,TSG
MAL2,TSG
MAP3K21,Oncogene
MAP4K4,Oncogene
MBD4,TSG
MBD6,TSG
MEF2D,Oncogene
MIDEAS,TSG
MLH3,TSG
MTHFD2,Oncogene
MYBL1,Oncogene
NHERF1,Both
NQO1,Oncogene
OGA,Oncogene
OGT,Oncogene
ONECUT2,Oncogene
PHF19,Oncogene
PHLPP1,TSG
PHLPP2,TSG
POLH,TSG
POU2F2,Oncogene
POU3F2,Oncogene
POU3F4,Oncogene
PRKCB,Both
PRPF8,TSG
PSMB2,Oncogene
PTPN14,TSG
RAD17,TSG
RELA,Oncogene
REV3L,Oncogene
RIOK2,Oncogene
RNASEH2A,Oncogene
RNASEH2B,TSG
RPS15,Oncogene
RPS6KB1,Oncogene
SF3B2,Oncogene
SFRP1,TSG
SFRP2,Both
SLIT3,TSG
SQSTM1,Oncogene
SRP72,Oncogene
TACSTD2,Oncogene
TCL1B,Oncogene
TIGAR,Oncogene
TNFSF13,Oncogene
TOP2A,Oncogene
TRIB3,Oncogene
TYMS,Oncogene
UBA1,Oncogene
UBE2A,Oncogene
UBTF,Oncogene
UCHL1,Oncogene
USP1,Oncogene
VEGFB,Oncogene
WEE1,TSG
WWP1,Oncogene
XRCC1,TSG
YY1,Oncogene
ZBTB20,Both
ZFP36L1,TSG
ZFP36L2,TSG
ZNF292,TSG
ZNF750,TSG
CSMD3,TSG
FAT4,TSG
PREX2,Oncogene
NCOR2,TSG
TRRAP,Oncogene
CNTNAP2,TSG
TNC,Oncogene
POLQ,Both
MUC4,Oncogene
PTPRB,TSG
ROBO2,TSG
BIRC6,Oncogene
CTNND2,Oncogene
CDH10,TSG
ZNF521,Oncogene
WNK2,TSG
KAT6A,Oncogene
PTPRC,Both
MYH9,Both
KAT6B,TSG
KNL1,TSG
PTPRK,TSG
IRS4,Both
PRDM2,TSG
PRDM16,Oncogene
ZEB1,Oncogene
GRM3,Oncogene
BCL9L,Both
CLTC,TSG
DROSHA,TSG
CSF1R,Oncogene
ATP2B3,TSG
NCOA2,Oncogene
N4BP2,TSG
SALL4,Oncogene
ARHGEF10,TSG
ARHGAP5,Oncogene
PER1,TSG
NUTM1,Oncogene
ARHGEF10L,TSG
NSD3,Oncogene
SETD1B,TSG
GPC5,TSG
BAZ1A,TSG
MACC1,Oncogene
MAML2,Oncogene
POLG,TSG
LRIG3,TSG
CDH17,Oncogene
STIL,Oncogene
TRIM24,Both
TRIM33,TSG
HIP1,Oncogene
EPAS1,Both
EBF1,TSG
SND1,Oncogene
ZBTB16,TSG
FCRL4,Oncogene
TRAF7,TSG
SLC34A2,TSG
MRTFA,Both
LARP4B,TSG
PABPC1,Both
EPS15,TSG
MALT1,Oncogene
DGCR8,Oncogene
EXT2,TSG
IKBKB,Oncogene
DDX10,TSG
PLAG1,Oncogene
PIM1,Oncogene
GATA1,Both
PRF1,TSG
USP44,TSG
ARNT,Both
ZNF331,TSG
NFKB2,Both
RARA,Oncogene
TEC,Oncogene
PATZ1,TSG
RFWD3,TSG
PBX1,Oncogene
RAP1GDS1,Oncogene
SFRP4,TSG
KCNJ5,Oncogene
SIRPA,TSG
ZRSR2,TSG
IGF2BP2,TSG
SKI,Oncogene
CPEB3,TSG
SMARCD1,TSG
WAS,Oncogene
CREB3L2,Oncogene
FOXO3,Both
CBLC,Both
FOXO4,Both
EIF3E,TSG
SFPQ,TSG
PSIP1,Both
TFEB,Oncogene
CCDC6,TSG
NFKBIE,TSG
HNRNPA2B1,Oncogene
ETNK1,TSG
NDRG1,TSG
CHST11,Oncogene
HOXD13,Oncogene
CCR7,Oncogene
ABI1,TSG
SIX2,Oncogene
APOBEC3B,Both
HLF,Oncogene
CASP9,TSG
MAF,Oncogene
SRSF2,Oncogene
SH3GL1,Oncogene
CCR4,Oncogene
SIX1,Oncogene
HOXC13,Oncogene
HOXA13,Oncogene
KNSTRN,Oncogene
POU2AF1,Oncogene
FOXR1,Oncogene
HEY1,Oncogene
CCNB1IP1,TSG
BCL2L12,Oncogene
FCGR2B,Oncogene
HOXC11,Oncogene
HOXD11,Oncogene
CDX2,TSG
BCL11A,Oncogene
SSX1,Oncogene
KLF6,TSG
POU5F1,Oncogene
OLIG2,Oncogene
RHOH,TSG
YWHAE,TSG
HOXA9,Both
FEN1,TSG
MGMT,TSG
CASP3,TSG
RPL10,TSG
CCNC,TSG
LYL1,Oncogene
SBDS,TSG
SRSF3,Oncogene
SOX21,TSG
RPL22,TSG
DDIT3,Oncogene
FEV,Oncogene
FSTL3,Oncogene
CNBP,TSG
MTCP1,Oncogene
TAL2,Oncogene
RMI2,TSG
TMSB4X,Both
MUC16,Oncogene
ALB,TSG
APOB,TSG
ATF7IP,TSG
ATXN3,TSG
BRD7,TSG
CACNA1A,Oncogene
CHD3,TSG
CHD8,TSG
CNBD1,Oncogene
COL5A1,Oncogene
CREB3L3,TSG
CSDE1,TSG
CTNND1,TSG
CUL1,Oncogene
DACH1,Oncogene
DAZAP1,TSG
DHX9,Oncogene
DIAPH2,Oncogene
DMD,Oncogene
EEF1A1,Oncogene
EEF2,TSG
EIF1AX,Oncogene
EPHA2,TSG
FAM46D,Oncogene
FLNA,TSG
FOXA2,TSG
FOXQ1,TSG
GRIN2D,Oncogene
H3F3A,Oncogene
HIST1H1E,Both
HUWE1,TSG
IRF6,TSG
KANSL1,TSG
KIF1A,TSG
KRT222,TSG
MACF1,Oncogene
MAP3K4,TSG
MUC6,TSG
NIPBL,TSG
NUP133,TSG
NUP93,TSG
PCBP1,Oncogene
PLCB4,Oncogene
PLXNB2,Oncogene
POLRMT,Oncogene
PTMA,TSG
PTPDC1,Oncogene
RFC1,TSG
RHOB,Oncogene
RNF111,TSG
RPS6KA3,TSG
RQCD1,Oncogene
RXRA,Oncogene
SCAF4,TSG
SF1,Oncogene
SIN3A,TSG
SPTA1,TSG
SPTAN1,TSG
TCEB1,TSG
TCF12,TSG
TGIF1,TSG
THRAP3,TSG
TXNIP,TSG
UNCX,Oncogene
USP9X,TSG
WHSC1,Oncogene
ZBTB7B,TSG
ZCCHC12,Oncogene
ZMYM2,TSG
ZNF133,Oncogene
