Drug,Target,Selectivity_Score,Rank_Select,aff_local,aff_local_n,entropy_sel_n,gap_local_n,sr_local_n
CHEMBL1421,EGFR_HUMAN,0.7134062,1.0,8.1983385,0.6245192,0.8433344,0.676561,0.6760253
CHEMBL1589896,EGFR_HUMAN,0.65708715,2.0,8.344699,0.63915205,1.0,0.5123881,0.5672113
CHEMBL31965,EGFR_HUMAN,0.6464522,3.0,9.755207,0.7801725,0.48293307,1.0,1.0
CHEMBL939,EGFR_HUMAN,0.6229002,4.0,9.454366,0.7500949,0.4738164,1.0,1.0
CHEMBL101253,EGFR_HUMAN,0.62250566,5.0,8.95231,0.69990003,0.5639706,0.95032734,0.94345224
CHEMBL553,EGFR_HUMAN,0.62041956,6.0,9.509108,0.7555679,0.46070075,1.0,1.0
CHEMBL119385,EGFR_HUMAN,0.6124625,7.0,8.96256,0.7009248,0.47745115,1.0,1.0
CHEMBL483321,EGFR_HUMAN,0.6111981,8.0,9.222458,0.72690904,0.47697464,1.0,1.0
CHEMBL554,EGFR_HUMAN,0.6055765,9.0,9.243136,0.7289765,0.4655968,1.0,1.0
CHEMBL103667,EGFR_HUMAN,0.5877452,10.0,8.880779,0.69274855,0.3967253,0.96890205,0.96378565
CHEMBL3741490,EGFR_HUMAN,0.5796809,11.0,9.292456,0.73390734,0.34986988,1.0,1.0
CHEMBL259084,EGFR_HUMAN,0.5770457,12.0,8.981129,0.7027814,0.36146995,1.0,1.0
CHEMBL572881,EGFR_HUMAN,0.57507557,13.0,8.797629,0.68443537,0.42495638,0.95113957,0.943401
CHEMBL558752,EGFR_HUMAN,0.5742823,14.0,8.673208,0.67199594,0.37659317,0.9654744,0.95897365
CHEMBL215322,EGFR_HUMAN,0.5667671,15.0,8.804077,0.68508,0.3532023,0.9695246,0.964191
CHEMBL296468,EGFR_HUMAN,0.56486577,16.0,8.860474,0.6907184,0.33707422,0.97333354,0.9687642
CHEMBL1336,EGFR_HUMAN,0.564778,17.0,8.947199,0.69938916,0.3278354,1.0,1.0
CHEMBL124660,EGFR_HUMAN,0.5572546,18.0,8.622096,0.66688585,0.34583017,0.9792817,0.9749506
CHEMBL223360,EGFR_HUMAN,0.55675936,19.0,8.633925,0.66806847,0.3676757,0.951633,0.9429298
CHEMBL261720,EGFR_HUMAN,0.5547379,20.0,8.47146,0.6518255,0.22232245,1.0,1.0
CHEMBL194911,EGFR_HUMAN,0.5526568,21.0,8.960345,0.7007035,0.299157,0.9794281,0.9760479
CHEMBL4291471,EGFR_HUMAN,0.5490319,22.0,8.807888,0.68546104,0.2607156,1.0,1.0
CHEMBL475768,EGFR_HUMAN,0.5479624,23.0,8.96167,0.70083594,0.27572468,1.0,1.0
CHEMBL4280835,EGFR_HUMAN,0.5469535,24.0,8.834103,0.688082,0.279111,0.9780617,0.9741272
CHEMBL475446,EGFR_HUMAN,0.5468435,25.0,8.876307,0.6923014,0.28870028,0.98606896,0.9835393
CHEMBL91829,EGFR_HUMAN,0.54356134,26.0,9.04845,0.7095121,0.2515006,1.0,1.0
CHEMBL14762,EGFR_HUMAN,0.5432697,27.0,8.714999,0.67617416,0.23912013,0.9931851,0.991751
CHEMBL428690,EGFR_HUMAN,0.5422126,28.0,8.41326,0.64600676,0.19539915,1.0,1.0
CHEMBL1946170,EGFR_HUMAN,0.5413411,29.0,8.600092,0.6646859,0.24006675,0.9981268,0.99769276
CHEMBL475769,EGFR_HUMAN,0.54094595,30.0,8.8949175,0.69416213,0.25707823,0.9932689,0.99201584
CHEMBL2105698,EGFR_HUMAN,0.53909725,31.0,7.724975,0.577193,0.26630127,0.9261002,0.90521336
CHEMBL482193,EGFR_HUMAN,0.5366666,32.0,8.321145,0.63679725,0.21753146,0.9876763,0.984457
CHEMBL1164608,EGFR_HUMAN,0.5357162,33.0,8.15957,0.6206432,0.27221695,0.9513218,0.9393802
CHEMBL122264,EGFR_HUMAN,0.5351229,34.0,8.238461,0.6285305,0.21991153,0.9920397,0.9898211
CHEMBL2107361,EGFR_HUMAN,0.53404915,35.0,6.574168,0.4621371,0.39533964,0.81238747,0.7500195
CHEMBL3632721,EGFR_HUMAN,0.5331615,36.0,8.32142,0.6368247,0.26599434,0.95287615,0.94233346
CHEMBL4071058,EGFR_HUMAN,0.53304714,37.0,8.325815,0.63726413,0.237265,0.9758313,0.96984863
CHEMBL2105719,EGFR_HUMAN,0.5327889,38.0,8.758434,0.6805167,0.20447528,1.0,1.0
CHEMBL48796,EGFR_HUMAN,0.53204936,39.0,8.3708315,0.64176476,0.24838738,0.9481601,0.9371734
CHEMBL2063215,EGFR_HUMAN,0.53180844,40.0,8.655881,0.6702635,0.21354939,1.0,1.0
CHEMBL5314470,EGFR_HUMAN,0.5316135,41.0,8.559871,0.6606646,0.19043943,1.0,1.0
CHEMBL2110732,EGFR_HUMAN,0.53133214,42.0,8.671615,0.6718366,0.23415276,0.9779952,0.97357297
CHEMBL594288,EGFR_HUMAN,0.5312262,43.0,8.282644,0.6329479,0.2116868,0.9983466,0.99788517
CHEMBL1231574,EGFR_HUMAN,0.5310183,44.0,6.775578,0.48227376,0.4232646,0.8168459,0.76101446
CHEMBL409867,EGFR_HUMAN,0.53031546,45.0,8.810219,0.6856941,0.20195182,0.9969904,0.99638474
CHEMBL188381,EGFR_HUMAN,0.53007,46.0,7.9755836,0.6022485,0.17107518,0.9788509,0.97240686
CHEMBL4297661,EGFR_HUMAN,0.529606,47.0,8.25991,0.630675,0.18250056,1.0,1.0
CHEMBL594367,EGFR_HUMAN,0.5293599,48.0,8.284531,0.6331365,0.21131854,0.99593335,0.9948107
CHEMBL257341,EGFR_HUMAN,0.529172,49.0,8.535369,0.65821505,0.25259715,0.9587081,0.95044625
CHEMBL474431,EGFR_HUMAN,0.5288922,50.0,8.704479,0.67512244,0.22903849,0.98755383,0.98498815
CHEMBL4161600,EGFR_HUMAN,0.5285257,51.0,8.556183,0.6602959,0.23864087,0.9806137,0.97635686
CHEMBL561617,EGFR_HUMAN,0.52780753,52.0,8.202736,0.6249588,0.17623538,0.98069376,0.97545564
CHEMBL607707,EGFR_HUMAN,0.52778673,53.0,9.107288,0.7153946,0.17799176,1.0,1.0
CHEMBL415049,EGFR_HUMAN,0.52727616,54.0,7.9065394,0.59534556,0.22580042,0.92203385,0.9024927
CHEMBL217804,EGFR_HUMAN,0.52676,55.0,8.215833,0.62626827,0.18343438,0.99285096,0.9908268
CHEMBL229430,EGFR_HUMAN,0.5266917,56.0,8.306159,0.6352989,0.24184951,0.97604984,0.97004634
CHEMBL341273,EGFR_HUMAN,0.5266179,57.0,7.9451694,0.5992077,0.22967575,0.97498196,0.967352
CHEMBL1406049,EGFR_HUMAN,0.5266123,58.0,8.337148,0.63839716,0.2945924,0.92378783,0.9091582
CHEMBL545315,EGFR_HUMAN,0.5259665,59.0,7.834143,0.5881075,0.224119,0.9374785,0.9200487
CHEMBL201307,EGFR_HUMAN,0.52581185,60.0,8.207455,0.62543064,0.27360642,0.9216788,0.9054323
CHEMBL215275,EGFR_HUMAN,0.5255888,61.0,8.216745,0.6263595,0.18470527,0.9892711,0.9862788
CHEMBL394826,EGFR_HUMAN,0.52545804,62.0,8.307943,0.6354773,0.2479634,0.96450275,0.9560567
CHEMBL550348,EGFR_HUMAN,0.52533305,63.0,7.280614,0.53276646,0.25877273,0.89375687,0.86026627
CHEMBL4097299,EGFR_HUMAN,0.5250987,64.0,8.395193,0.6442004,0.21205209,0.99459064,0.99319607
CHEMBL1232944,EGFR_HUMAN,0.5242407,65.0,7.402938,0.54499626,0.2671468,0.91227597,0.8844117
CHEMBL522892,EGFR_HUMAN,0.52415305,66.0,8.822313,0.68690324,0.2460575,0.9674085,0.96184784
CHEMBL4175638,EGFR_HUMAN,0.5240453,67.0,8.50373,0.6550518,0.23375261,0.97512823,0.96962553
CHEMBL560630,EGFR_HUMAN,0.52357745,68.0,7.7006288,0.57475895,0.1870779,0.931109,0.91097677
CHEMBL213762,EGFR_HUMAN,0.52308553,69.0,8.3165455,0.6363374,0.16253859,1.0,1.0
CHEMBL1079742,EGFR_HUMAN,0.52290285,70.0,7.923865,0.5970777,0.18960658,0.99135476,0.9885169
CHEMBL595248,EGFR_HUMAN,0.522821,71.0,7.8999496,0.5946867,0.21028228,0.9521433,0.9384849
CHEMBL270954,EGFR_HUMAN,0.5226655,72.0,8.83008,0.6876797,0.17584693,1.0,1.0
CHEMBL2048788,EGFR_HUMAN,0.52255905,73.0,8.338347,0.638517,0.24966821,0.9415306,0.92927283
CHEMBL4207750,EGFR_HUMAN,0.5224657,74.0,8.56833,0.66151035,0.195527,1.0,1.0
CHEMBL535,EGFR_HUMAN,0.5222004,75.0,8.8664,0.691311,0.34201455,0.88399905,0.87344366
CHEMBL3818364,EGFR_HUMAN,0.52217007,76.0,8.353021,0.63998413,0.25378975,0.94441277,0.93270814
CHEMBL1094304,EGFR_HUMAN,0.5220085,77.0,8.326412,0.6373238,0.22333717,0.96102893,0.9520038
CHEMBL425616,EGFR_HUMAN,0.5216982,78.0,7.855403,0.590233,0.1888011,0.98308915,0.97751755
CHEMBL2177827,EGFR_HUMAN,0.5211625,79.0,8.564932,0.6611706,0.18787901,0.9952156,0.9940976
CHEMBL340813,EGFR_HUMAN,0.52115995,80.0,8.187494,0.623435,0.20543525,0.9738673,0.9669169
CHEMBL3740721,EGFR_HUMAN,0.5211414,81.0,8.33616,0.63829833,0.17254467,0.9913186,0.9890351
CHEMBL405120,EGFR_HUMAN,0.520319,82.0,8.261375,0.6308215,0.29831564,0.8868833,0.86809456
CHEMBL557682,EGFR_HUMAN,0.5202937,83.0,7.70193,0.57488906,0.1807727,0.934312,0.9148835
CHEMBL270548,EGFR_HUMAN,0.5202505,84.0,8.434419,0.64812213,0.19662519,0.97995895,0.97522545
CHEMBL4551635,EGFR_HUMAN,0.5202309,85.0,7.6736264,0.5720593,0.33829924,0.86592174,0.8358466
CHEMBL226267,EGFR_HUMAN,0.52009505,86.0,8.685449,0.67321974,0.221867,0.9746527,0.9696911
CHEMBL2105949,EGFR_HUMAN,0.5200616,87.0,8.62737,0.6674131,0.18300115,0.9942374,0.99294806
CHEMBL4297216,EGFR_HUMAN,0.51986074,88.0,7.2135987,0.5260664,0.25226423,0.87144226,0.8329501
CHEMBL411630,EGFR_HUMAN,0.51981974,89.0,8.486413,0.6533205,0.18678689,0.99410176,0.9926636
CHEMBL436817,EGFR_HUMAN,0.5189345,90.0,8.429956,0.647676,0.2412649,0.9678148,0.960605
CHEMBL214665,EGFR_HUMAN,0.51891404,91.0,8.395067,0.6441878,0.1555541,1.0,1.0
CHEMBL249973,EGFR_HUMAN,0.51889753,92.0,7.4644074,0.55114186,0.2476811,0.93279815,0.91044664
CHEMBL94109,EGFR_HUMAN,0.51879853,93.0,8.306881,0.63537115,0.17816901,0.98871917,0.985735
CHEMBL21333,EGFR_HUMAN,0.51846087,94.0,7.818056,0.58649915,0.4636093,0.7337309,0.7113991
CHEMBL5084939,EGFR_HUMAN,0.51837206,95.0,7.3387933,0.53858316,0.24979158,0.91436887,0.8860423
CHEMBL3133833,EGFR_HUMAN,0.5183,96.0,8.144531,0.6191396,0.20473635,0.9775582,0.97134924
CHEMBL23327,EGFR_HUMAN,0.51807004,97.0,8.146521,0.6193385,0.22236662,0.9490833,0.93661886
CHEMBL91925,EGFR_HUMAN,0.51758844,98.0,8.5810795,0.662785,0.171504,1.0,1.0
CHEMBL572878,EGFR_HUMAN,0.51728755,99.0,8.517524,0.6564309,0.15776819,0.97281384,0.9669169
CHEMBL113142,EGFR_HUMAN,0.5172652,100.0,8.165312,0.62121725,0.31237227,0.87480193,0.85389984
CHEMBL53904,EGFR_HUMAN,0.51696384,101.0,8.517529,0.6564313,0.1972708,0.98820704,0.985459
CHEMBL479032,EGFR_HUMAN,0.5168874,102.0,8.5811405,0.6627912,0.23601814,0.9531242,0.944294
CHEMBL3746569,EGFR_HUMAN,0.5167941,103.0,8.609605,0.665637,0.1521055,1.0,1.0
CHEMBL5095249,EGFR_HUMAN,0.51679003,104.0,7.6119976,0.5658977,0.2489136,0.9026176,0.87600553
CHEMBL218677,EGFR_HUMAN,0.51665664,105.0,8.294212,0.6341045,0.257273,0.92812496,0.9135995
CHEMBL94431,EGFR_HUMAN,0.5166359,106.0,7.802227,0.5849166,0.1703779,1.0,1.0
CHEMBL3819553,EGFR_HUMAN,0.5166149,107.0,8.09978,0.61466545,0.25887096,0.9279624,0.9114658
CHEMBL1972466,EGFR_HUMAN,0.5165683,108.0,7.524447,0.5571445,0.18922953,0.9249027,0.9013926
CHEMBL2170582,EGFR_HUMAN,0.51632744,109.0,8.244135,0.6290978,0.1713321,0.9860591,0.9822803
CHEMBL4297663,EGFR_HUMAN,0.5162312,110.0,7.294413,0.53414613,0.31173208,0.8289107,0.7879581
CHEMBL3339360,EGFR_HUMAN,0.5160923,111.0,8.107966,0.615484,0.17880912,0.9888381,0.985541
CHEMBL170984,EGFR_HUMAN,0.51599616,112.0,8.130663,0.6177531,0.24616289,0.93230957,0.916796
CHEMBL272822,EGFR_HUMAN,0.51598364,113.0,8.441674,0.6488475,0.17765501,0.994947,0.99367714
CHEMBL1672635,EGFR_HUMAN,0.5159585,114.0,7.625043,0.567202,0.19979511,0.9354085,0.91542625
CHEMBL372303,EGFR_HUMAN,0.51593727,115.0,7.3766904,0.54237205,0.27851957,0.908854,0.8798891
CHEMBL121260,EGFR_HUMAN,0.51589495,116.0,7.4919815,0.5538987,0.22791357,0.9434755,0.92418534
CHEMBL1496,EGFR_HUMAN,0.5158064,117.0,7.8786592,0.59255815,0.25185725,0.90696967,0.8847885
CHEMBL24828,EGFR_HUMAN,0.5156611,118.0,8.389189,0.6436001,0.18028729,0.9824056,0.97808826
CHEMBL4594423,EGFR_HUMAN,0.5154772,119.0,7.9836807,0.60305804,0.21072334,0.9324075,0.9154699
CHEMBL537968,EGFR_HUMAN,0.51546085,120.0,7.9032316,0.5950148,0.20078428,0.9598041,0.94799554
CHEMBL485945,EGFR_HUMAN,0.5153956,121.0,8.3309555,0.63777804,0.2074246,0.9804396,0.97551423
CHEMBL216693,EGFR_HUMAN,0.51515615,122.0,8.50711,0.65538967,0.18962298,0.9825658,0.97858125
CHEMBL4209111,EGFR_HUMAN,0.5149767,123.0,8.258345,0.63051856,0.20622496,0.96922606,0.9615243
CHEMBL3301600,EGFR_HUMAN,0.5147352,124.0,6.7781863,0.48253453,0.22066756,0.87655544,0.829725
CHEMBL1819272,EGFR_HUMAN,0.514713,125.0,8.389386,0.6436199,0.17982157,0.9864203,0.9830292
CHEMBL1160619,EGFR_HUMAN,0.51470053,126.0,7.215064,0.52621293,0.39080995,0.8381954,0.7959355
CHEMBL3408385,EGFR_HUMAN,0.51446176,127.0,7.705082,0.5752042,0.13286985,0.99646723,0.9951518
CHEMBL217092,EGFR_HUMAN,0.51417774,128.0,8.472425,0.651922,0.1860798,0.9829905,0.97901106
CHEMBL231095,EGFR_HUMAN,0.5141522,129.0,7.8840833,0.5931004,0.16738231,0.9656589,0.95522916
CHEMBL5095225,EGFR_HUMAN,0.5139455,130.0,7.086036,0.51331294,0.21751264,0.9262959,0.8975315
CHEMBL1221561,EGFR_HUMAN,0.513879,131.0,6.499221,0.45464402,0.37744772,0.79682034,0.73063993
CHEMBL386253,EGFR_HUMAN,0.51386595,132.0,7.954771,0.6001677,0.22564434,0.9310478,0.9135775
CHEMBL2106227,EGFR_HUMAN,0.5138226,133.0,7.9612994,0.60082036,0.20533757,0.97417957,0.9663961
CHEMBL485186,EGFR_HUMAN,0.51376426,134.0,8.554731,0.6601508,0.13954109,0.983802,0.98018825
CHEMBL1410877,EGFR_HUMAN,0.5137522,135.0,8.232389,0.6279236,0.18213934,0.98184025,0.9769716
CHEMBL87385,EGFR_HUMAN,0.5137078,136.0,8.448896,0.6495696,0.1980549,0.98330986,0.97934294
CHEMBL473428,EGFR_HUMAN,0.51358104,137.0,8.421231,0.6468037,0.19682507,0.9689079,0.96186894
CHEMBL478524,EGFR_HUMAN,0.5135428,138.0,8.212455,0.6259305,0.21857338,0.9606005,0.950844
CHEMBL4297338,EGFR_HUMAN,0.5133654,139.0,6.22298,0.42702585,0.4753295,0.7491435,0.67058885
CHEMBL270550,EGFR_HUMAN,0.5133449,140.0,7.933366,0.5980276,0.19581072,0.9552877,0.9425972
CHEMBL2403830,EGFR_HUMAN,0.51287305,141.0,7.7576404,0.5804589,0.2192044,0.9185072,0.89658535
CHEMBL214601,EGFR_HUMAN,0.5128265,142.0,8.444702,0.64915025,0.2882349,0.8909899,0.8749845
CHEMBL460910,EGFR_HUMAN,0.51276356,143.0,7.4235,0.547052,0.3234473,0.88812613,0.85615164
CHEMBL65704,EGFR_HUMAN,0.5126719,144.0,8.265,0.631184,0.16077337,1.0,1.0
CHEMBL386310,EGFR_HUMAN,0.51265347,145.0,8.432,0.6478804,0.28254402,0.9051657,0.889841
CHEMBL2311933,EGFR_HUMAN,0.51257014,146.0,8.009828,0.6056722,0.17171891,1.0,1.0
CHEMBL92731,EGFR_HUMAN,0.5124882,147.0,8.604618,0.6651384,0.1445523,1.0,1.0
CHEMBL3828070,EGFR_HUMAN,0.51235574,148.0,8.283044,0.6329879,0.19944185,0.9435842,0.93120396
CHEMBL2138625,EGFR_HUMAN,0.5123208,149.0,8.529009,0.6575791,0.2728159,0.90666807,0.8925961
CHEMBL403989,EGFR_HUMAN,0.51229244,150.0,8.483727,0.653052,0.14695615,1.0,1.0
CHEMBL4297584,EGFR_HUMAN,0.51220477,151.0,7.1183896,0.5165475,0.31960964,0.84817314,0.80455756
CHEMBL4475494,EGFR_HUMAN,0.51217496,152.0,8.010698,0.60575914,0.18026358,0.9683073,0.9592182
CHEMBL3632719,EGFR_HUMAN,0.51204365,153.0,8.060763,0.6107646,0.20412545,0.9518973,0.9393634
CHEMBL207496,EGFR_HUMAN,0.51196164,154.0,7.378169,0.5425199,0.29814598,0.87280047,0.8377847
CHEMBL4068490,EGFR_HUMAN,0.51193136,155.0,8.412891,0.6459698,0.18678929,0.9877071,0.9846626
CHEMBL1721885,EGFR_HUMAN,0.51184994,156.0,8.772997,0.6819727,0.30111283,0.89487725,0.8832233
CHEMBL564941,EGFR_HUMAN,0.51183116,157.0,7.8928595,0.59397787,0.14361554,0.9513078,0.937404
CHEMBL281872,EGFR_HUMAN,0.51178724,158.0,8.224281,0.6271129,0.20066883,0.9788436,0.97321665
CHEMBL4297673,EGFR_HUMAN,0.51170635,159.0,7.1223965,0.51694816,0.28542724,0.86792517,0.8269992
CHEMBL5198592,EGFR_HUMAN,0.51154685,160.0,8.255522,0.63023627,0.22061615,0.9666833,0.95842355
CHEMBL485351,EGFR_HUMAN,0.5115004,161.0,8.426718,0.6473522,0.14962187,0.9685095,0.961418
CHEMBL2107065,EGFR_HUMAN,0.51131153,162.0,7.9899135,0.60368115,0.22810255,0.9404551,0.925063
CHEMBL2105681,EGFR_HUMAN,0.51112765,163.0,6.6006603,0.46478572,0.37530458,0.84046453,0.7824767
CHEMBL216105,EGFR_HUMAN,0.51098275,164.0,8.339999,0.63868225,0.20923297,0.9576014,0.94801766
CHEMBL436968,EGFR_HUMAN,0.510837,165.0,7.9223003,0.5969213,0.11600623,1.0,1.0
CHEMBL429430,EGFR_HUMAN,0.5108178,166.0,7.9927635,0.6039661,0.19528219,0.96047014,0.94937944
CHEMBL103045,EGFR_HUMAN,0.5105727,167.0,8.332163,0.63789874,0.18040211,0.9747232,0.9685201
CHEMBL589103,EGFR_HUMAN,0.51056445,168.0,7.9251914,0.59721035,0.2000715,0.95380217,0.9407103
CHEMBL254316,EGFR_HUMAN,0.5105335,169.0,7.570233,0.56172216,0.17631817,0.93957865,0.92004114
CHEMBL300058,EGFR_HUMAN,0.51051927,170.0,7.7418914,0.5788843,0.22919193,0.9246104,0.903628
CHEMBL23254,EGFR_HUMAN,0.5105046,171.0,8.021651,0.6068543,0.2529373,0.8966327,0.87518483
CHEMBL4594433,EGFR_HUMAN,0.5104162,172.0,7.520022,0.55670214,0.27737367,0.8841088,0.85323185
CHEMBL460901,EGFR_HUMAN,0.5102716,173.0,6.1284533,0.4175752,0.48393774,0.74280924,0.66026795
CHEMBL214376,EGFR_HUMAN,0.5102673,174.0,7.9042983,0.5951215,0.11558367,1.0,1.0
CHEMBL511836,EGFR_HUMAN,0.5100665,175.0,8.639638,0.6686397,0.19253221,0.961988,0.9547914
CHEMBL4278886,EGFR_HUMAN,0.5100027,176.0,8.343807,0.6390629,0.16352648,0.98692375,0.983563
CHEMBL3740144,EGFR_HUMAN,0.5098368,177.0,8.292334,0.6339167,0.19329967,0.9664,0.9582611
CHEMBL460741,EGFR_HUMAN,0.5097597,178.0,6.0590553,0.4106369,0.48908004,0.73607796,0.6505247
CHEMBL2031311,EGFR_HUMAN,0.50975436,179.0,8.095062,0.6141938,0.13269418,1.0,1.0
CHEMBL257705,EGFR_HUMAN,0.5095235,180.0,7.902135,0.5949052,0.2070845,0.953054,0.93962216
CHEMBL4580787,EGFR_HUMAN,0.5094893,181.0,7.830246,0.58771783,0.19862899,0.92290705,0.902635
CHEMBL4751394,EGFR_HUMAN,0.50944084,182.0,8.148232,0.6195097,0.16777952,0.9687532,0.96043605
CHEMBL4594441,EGFR_HUMAN,0.5093946,183.0,8.184146,0.6231002,0.25391445,0.9137396,0.8962648
CHEMBL1951865,EGFR_HUMAN,0.5093934,184.0,8.236048,0.62828934,0.1818855,0.96427095,0.95540464
CHEMBL72388,EGFR_HUMAN,0.5092615,185.0,5.6711254,0.37185228,0.40738097,0.7440192,0.6410271
CHEMBL4215703,EGFR_HUMAN,0.50924385,186.0,8.391839,0.64386505,0.22754632,0.92870724,0.91519606
CHEMBL1092546,EGFR_HUMAN,0.5092361,187.0,8.1075535,0.61544263,0.14759213,0.9891421,0.9859303
CHEMBL1089767,EGFR_HUMAN,0.50888395,188.0,8.109861,0.61567336,0.17684086,0.99429846,0.99257946
CHEMBL1903566,EGFR_HUMAN,0.5088635,189.0,8.015112,0.6062005,0.16607904,0.9847859,0.98013955
CHEMBL1651479,EGFR_HUMAN,0.50881296,190.0,7.728326,0.57752806,0.24931216,0.91802365,0.89565045
CHEMBL1956285,EGFR_HUMAN,0.5087935,191.0,7.4710145,0.55180246,0.19851415,0.9284149,0.90507114
CHEMBL55624,EGFR_HUMAN,0.5087452,192.0,6.2640533,0.43113232,0.3031768,0.79604983,0.7216373
CHEMBL383923,EGFR_HUMAN,0.5086906,193.0,6.498667,0.4545886,0.38850564,0.80699134,0.741676
CHEMBL3818062,EGFR_HUMAN,0.50858456,194.0,8.578792,0.6625563,0.20286918,0.9527842,0.9438909
CHEMBL3545154,EGFR_HUMAN,0.50854933,195.0,7.8064637,0.58534014,0.28265095,0.8706641,0.84341866
CHEMBL5314601,EGFR_HUMAN,0.5085147,196.0,7.8178635,0.5864799,0.27729836,0.86978245,0.84267306
CHEMBL2063456,EGFR_HUMAN,0.50849366,197.0,8.0302105,0.60771,0.25924605,0.91441846,0.8951928
CHEMBL442754,EGFR_HUMAN,0.5084836,198.0,8.539636,0.65864164,0.14674705,1.0,1.0
CHEMBL1907763,EGFR_HUMAN,0.50835675,199.0,8.283444,0.633028,0.21919647,0.94841605,0.93683946
CHEMBL94061,EGFR_HUMAN,0.50819135,200.0,8.545851,0.6592629,0.14669275,1.0,1.0
